/*******************************************************************************
 * Size: 24 px
 * Bpp: 4
 * Opts: --bpp 4 --size 24 --font
 * /Users/jeka/Documents/Arduino/Clock_ESP32/assets/Roboto-Bold.ttf -o
 * /Users/jeka/Documents/Arduino/Clock_ESP32/assets/ui_font_roboto24.c --format
 *lvgl -r 0x20-0x7f --symbols
 *0123456789ABCDEFGHIJKLMNOPQRSTUVWXYZabcdefghijklmnopqrstuvwxyzАБВГДЕЁЖЗИЙКЛМНОПРСТУФХЦЧШЩЪЫЬЭЮЯабвгдеёжзийклмнопрстуфхцчшщъыьэюя:,.₴|°
 *--no-compress --no-prefilter
 ******************************************************************************/

#include "ui.h"

#ifndef UI_FONT_ROBOTO24
#define UI_FONT_ROBOTO24 1
#endif

#if UI_FONT_ROBOTO24

/*-----------------
 *    BITMAPS
 *----------------*/

/*Store the image of the glyphs*/
static LV_ATTRIBUTE_LARGE_CONST const uint8_t glyph_bitmap[] = {
    /* U+0020 " " */

    /* U+0021 "!" */
    0x7f, 0xff, 0x16, 0xff, 0xf1, 0x6f, 0xff, 0x5, 0xff, 0xf0, 0x5f, 0xff, 0x4,
    0xff, 0xf0, 0x4f, 0xfe, 0x3, 0xff, 0xe0, 0x3f, 0xfd, 0x2, 0xff, 0xd0, 0x2f,
    0xfc, 0x1, 0xee, 0xb0, 0x0, 0x0, 0x0, 0x57, 0x20, 0x5f, 0xff, 0x18, 0xff,
    0xf3, 0x1d, 0xf9, 0x0,

    /* U+0022 "\"" */
    0x4f, 0xf1, 0x7f, 0xe4, 0xff, 0x17, 0xfe, 0x4f, 0xf0, 0x7f, 0xc4, 0xfe, 0x7,
    0xfb, 0x4f, 0xc0, 0x7f, 0x94, 0xfb, 0x7, 0xf8, 0x16, 0x40, 0x36, 0x30,

    /* U+0023 "#" */
    0x0, 0x0, 0x9, 0xf8, 0x2, 0xff, 0x0, 0x0, 0x0, 0xc, 0xf5, 0x5, 0xfc, 0x0,
    0x0, 0x0, 0xf, 0xf2, 0x8, 0xf9, 0x0, 0x0, 0x0, 0x1f, 0xf0, 0xb, 0xf6, 0x0,
    0x0, 0x0, 0x4f, 0xd0, 0xe, 0xf3, 0x0, 0x6, 0xff, 0xff, 0xff, 0xff, 0xff,
    0xfc, 0x6, 0xff, 0xff, 0xff, 0xff, 0xff, 0xfc, 0x0, 0x0, 0xdf, 0x40, 0x6f,
    0xb0, 0x0, 0x0, 0x0, 0xff, 0x20, 0x9f, 0x80, 0x0, 0x0, 0x2, 0xff, 0x0, 0xcf,
    0x50, 0x0, 0x4f, 0xff, 0xff, 0xff, 0xff, 0xff, 0xd0, 0x5f, 0xff, 0xff, 0xff,
    0xff, 0xff, 0xe0, 0x0, 0xb, 0xf6, 0x4, 0xfd, 0x0, 0x0, 0x0, 0xd, 0xf4, 0x7,
    0xfa, 0x0, 0x0, 0x0, 0xf, 0xf1, 0xa, 0xf7, 0x0, 0x0, 0x0, 0x3f, 0xe0, 0xd,
    0xf4, 0x0, 0x0, 0x0, 0x6f, 0xb0, 0xf, 0xf1, 0x0, 0x0,

    /* U+0024 "$" */
    0x0, 0x0, 0x9, 0xf3, 0x0, 0x0, 0x0, 0x0, 0x9, 0xf3, 0x0, 0x0, 0x0, 0x0, 0x9,
    0xf3, 0x0, 0x0, 0x0, 0x18, 0xdf, 0xfe, 0x92, 0x0, 0x2, 0xef, 0xff, 0xff,
    0xff, 0x40, 0xc, 0xff, 0xfa, 0xaf, 0xff, 0xe1, 0x2f, 0xff, 0x60, 0x3, 0xff,
    0xf6, 0x4f, 0xff, 0x10, 0x0, 0xcf, 0xf9, 0x3f, 0xff, 0x40, 0x0, 0x35, 0x53,
    0xe, 0xff, 0xe5, 0x0, 0x0, 0x0, 0x4, 0xff, 0xff, 0xd7, 0x10, 0x0, 0x0, 0x3c,
    0xff, 0xff, 0xf7, 0x0, 0x0, 0x0, 0x4b, 0xff, 0xff, 0x90, 0x0, 0x0, 0x0,
    0x1b, 0xff, 0xf4, 0x56, 0x63, 0x0, 0x0, 0xef, 0xf9, 0xdf, 0xf8, 0x0, 0x0,
    0xcf, 0xfa, 0xaf, 0xfe, 0x10, 0x1, 0xff, 0xf8, 0x3f, 0xff, 0xea, 0x9e, 0xff,
    0xf2, 0x6, 0xff, 0xff, 0xff, 0xff, 0x60, 0x0, 0x29, 0xdf, 0xfe, 0xa3, 0x0,
    0x0, 0x0, 0xd, 0xf0, 0x0, 0x0, 0x0, 0x0, 0xd, 0xf0, 0x0, 0x0, 0x0, 0x0, 0x6,
    0x80, 0x0, 0x0,

    /* U+0025 "%" */
    0x6, 0xdf, 0xfb, 0x20, 0x0, 0x0, 0x0, 0x0, 0x6f, 0xff, 0xff, 0xf1, 0x0, 0x0,
    0x0, 0x0, 0xcf, 0x90, 0x1e, 0xf7, 0x0, 0x4f, 0x60, 0x0, 0xef, 0x50, 0xb,
    0xf8, 0x0, 0xdf, 0x40, 0x0, 0xcf, 0x90, 0x1e, 0xf7, 0x8, 0xfa, 0x0, 0x0,
    0x6f, 0xff, 0xff, 0xf1, 0x3f, 0xe1, 0x0, 0x0, 0x6, 0xdf, 0xfb, 0x30, 0xdf,
    0x50, 0x0, 0x0, 0x0, 0x0, 0x0, 0x8, 0xfa, 0x0, 0x0, 0x0, 0x0, 0x0, 0x0,
    0x2f, 0xf1, 0x0, 0x0, 0x0, 0x0, 0x0, 0x0, 0xcf, 0x63, 0xbf, 0xfb, 0x30, 0x0,
    0x0, 0x7, 0xfb, 0x2f, 0xff, 0xff, 0xf2, 0x0, 0x0, 0x2f, 0xf2, 0x9f, 0xd1,
    0x1d, 0xf8, 0x0, 0x0, 0xcf, 0x60, 0xbf, 0x80, 0x8, 0xfb, 0x0, 0x6, 0xfc,
    0x0, 0xbf, 0x80, 0x8, 0xfb, 0x0, 0xd, 0xf2, 0x0, 0x9f, 0xd1, 0xc, 0xf8, 0x0,
    0x0, 0x30, 0x0, 0x2f, 0xff, 0xff, 0xf2, 0x0, 0x0, 0x0, 0x0, 0x3, 0xbf, 0xfc,
    0x30,

    /* U+0026 "&" */
    0x0, 0x0, 0x7d, 0xff, 0xc5, 0x0, 0x0, 0x0, 0x0, 0xa, 0xff, 0xff, 0xff, 0x60,
    0x0, 0x0, 0x0, 0x5f, 0xff, 0xbc, 0xff, 0xf1, 0x0, 0x0, 0x0, 0x9f, 0xf8, 0x0,
    0xaf, 0xf4, 0x0, 0x0, 0x0, 0xaf, 0xf5, 0x0, 0x9f, 0xf3, 0x0, 0x0, 0x0, 0x8f,
    0xfa, 0x3, 0xff, 0xc0, 0x0, 0x0, 0x0, 0x2f, 0xff, 0xbf, 0xfe, 0x20, 0x0,
    0x0, 0x0, 0x7, 0xff, 0xff, 0xb1, 0x0, 0x0, 0x0, 0x0, 0xa, 0xff, 0xff, 0x20,
    0x2, 0x66, 0x20, 0x1, 0xcf, 0xff, 0xff, 0xd1, 0x7, 0xff, 0x60, 0xa, 0xff,
    0xc2, 0xef, 0xfc, 0xa, 0xff, 0x50, 0x1f, 0xff, 0x40, 0x3f, 0xff, 0xbf, 0xff,
    0x10, 0x2f, 0xff, 0x40, 0x4, 0xff, 0xff, 0xfb, 0x0, 0xf, 0xff, 0xb0, 0x0,
    0x8f, 0xff, 0xf2, 0x0, 0xa, 0xff, 0xfe, 0xbc, 0xff, 0xff, 0xf4, 0x0, 0x1,
    0xcf, 0xff, 0xff, 0xff, 0xff, 0xff, 0x30, 0x0, 0x6, 0xcf, 0xfe, 0xb6, 0x1c,
    0xff, 0xe2,

    /* U+0027 "'" */
    0x4f, 0xf3, 0x4f, 0xf3, 0x4f, 0xf2, 0x4f, 0xf1, 0x4f, 0xf0, 0x4f, 0xf0,
    0x16, 0x60,

    /* U+0028 "(" */
    0x0, 0x0, 0x0, 0x0, 0x0, 0x0, 0xa7, 0x0, 0x0, 0xcf, 0xc0, 0x0, 0xbf, 0xe2,
    0x0, 0x5f, 0xf5, 0x0, 0xe, 0xfc, 0x0, 0x5, 0xff, 0x50, 0x0, 0xbf, 0xf0, 0x0,
    0xf, 0xfb, 0x0, 0x3, 0xff, 0x80, 0x0, 0x6f, 0xf6, 0x0, 0x7, 0xff, 0x50, 0x0,
    0x8f, 0xf4, 0x0, 0x8, 0xff, 0x40, 0x0, 0x7f, 0xf5, 0x0, 0x6, 0xff, 0x60,
    0x0, 0x4f, 0xf8, 0x0, 0x1, 0xff, 0xa0, 0x0, 0xc, 0xfe, 0x0, 0x0, 0x7f, 0xf3,
    0x0, 0x1, 0xff, 0x90, 0x0, 0x8, 0xff, 0x20, 0x0, 0xd, 0xfc, 0x0, 0x0, 0x2f,
    0xfa, 0x0, 0x0, 0x3e, 0x90, 0x0, 0x0, 0x1,

    /* U+0029 ")" */
    0x0, 0x0, 0x0, 0x0, 0x1d, 0x30, 0x0, 0x0, 0x6f, 0xf4, 0x0, 0x0, 0xa, 0xff,
    0x20, 0x0, 0x0, 0xef, 0xd0, 0x0, 0x0, 0x6f, 0xf6, 0x0, 0x0, 0xe, 0xfd, 0x0,
    0x0, 0x9, 0xff, 0x30, 0x0, 0x5, 0xff, 0x80, 0x0, 0x2, 0xff, 0xc0, 0x0, 0x0,
    0xff, 0xf0, 0x0, 0x0, 0xff, 0xf0, 0x0, 0x0, 0xef, 0xf1, 0x0, 0x0, 0xef,
    0xf1, 0x0, 0x0, 0xef, 0xf1, 0x0, 0x0, 0xff, 0xf0, 0x0, 0x1, 0xff, 0xd0, 0x0,
    0x4, 0xff, 0x90, 0x0, 0x8, 0xff, 0x50, 0x0, 0xd, 0xff, 0x0, 0x0, 0x3f, 0xf8,
    0x0, 0x0, 0xbf, 0xf1, 0x0, 0x6, 0xff, 0x60, 0x0, 0x4f, 0xf9, 0x0, 0x0, 0x3f,
    0x80, 0x0, 0x0, 0x2, 0x0, 0x0, 0x0,

    /* U+002A "*" */
    0x0, 0x0, 0x8f, 0xb0, 0x0, 0x0, 0x0, 0x7, 0xfa, 0x0, 0x0, 0x2, 0x0, 0x6f,
    0x90, 0x1, 0x4, 0xfb, 0x56, 0xf8, 0x39, 0xf5, 0x7f, 0xff, 0xff, 0xff, 0xff,
    0x90, 0x15, 0xaf, 0xff, 0xc7, 0x30, 0x0, 0x8, 0xff, 0xf6, 0x0, 0x0, 0x5,
    0xff, 0x5f, 0xf3, 0x0, 0x2, 0xff, 0x70, 0x8f, 0xe1, 0x0, 0x1b, 0xc0, 0x0,
    0xeb, 0x10, 0x0, 0x1, 0x0, 0x2, 0x0, 0x0,

    /* U+002B "+" */
    0x0, 0x0, 0x8, 0x88, 0x0, 0x0, 0x0, 0x0, 0x1, 0xff, 0xf1, 0x0, 0x0, 0x0,
    0x0, 0x1f, 0xff, 0x10, 0x0, 0x0, 0x0, 0x1, 0xff, 0xf1, 0x0, 0x0, 0x0, 0x0,
    0x1f, 0xff, 0x10, 0x0, 0x5, 0xff, 0xff, 0xff, 0xff, 0xff, 0xf5, 0x5f, 0xff,
    0xff, 0xff, 0xff, 0xff, 0x55, 0xff, 0xff, 0xff, 0xff, 0xff, 0xf5, 0x0, 0x0,
    0x1f, 0xff, 0x10, 0x0, 0x0, 0x0, 0x1, 0xff, 0xf1, 0x0, 0x0, 0x0, 0x0, 0x1f,
    0xff, 0x10, 0x0, 0x0, 0x0, 0x1, 0xff, 0xf1, 0x0, 0x0, 0x0, 0x0, 0x1f, 0xff,
    0x10, 0x0, 0x0,

    /* U+002C "," */
    0x5, 0xff, 0x80, 0x5f, 0xf8, 0x5, 0xff, 0x70, 0x7f, 0xf5, 0xb, 0xff, 0x13,
    0xff, 0x80, 0x2b, 0xc0, 0x0, 0x0, 0x0,

    /* U+002D "-" */
    0x7a, 0xaa, 0xaa, 0xaa, 0xff, 0xff, 0xff, 0xaf, 0xff, 0xff, 0xf0,

    /* U+002E "." */
    0x5, 0x83, 0x5, 0xff, 0xf2, 0x7f, 0xff, 0x41, 0xcf, 0xa0,

    /* U+002F "/" */
    0x0, 0x0, 0x0, 0x1f, 0xf7, 0x0, 0x0, 0x0, 0x6f, 0xf1, 0x0, 0x0, 0x0, 0xcf,
    0xc0, 0x0, 0x0, 0x1, 0xff, 0x60, 0x0, 0x0, 0x6, 0xff, 0x10, 0x0, 0x0, 0xc,
    0xfb, 0x0, 0x0, 0x0, 0x1f, 0xf6, 0x0, 0x0, 0x0, 0x7f, 0xf1, 0x0, 0x0, 0x0,
    0xcf, 0xb0, 0x0, 0x0, 0x2, 0xff, 0x60, 0x0, 0x0, 0x7, 0xff, 0x10, 0x0, 0x0,
    0xc, 0xfb, 0x0, 0x0, 0x0, 0x2f, 0xf6, 0x0, 0x0, 0x0, 0x7f, 0xf1, 0x0, 0x0,
    0x0, 0xdf, 0xb0, 0x0, 0x0, 0x2, 0xff, 0x50, 0x0, 0x0, 0x7, 0xff, 0x0, 0x0,
    0x0, 0xd, 0xfa, 0x0, 0x0, 0x0, 0x8, 0x83, 0x0, 0x0, 0x0,

    /* U+0030 "0" */
    0x0, 0x19, 0xdf, 0xfc, 0x70, 0x0, 0x2, 0xef, 0xff, 0xff, 0xfd, 0x10, 0xd,
    0xff, 0xfb, 0xcf, 0xff, 0xa0, 0x5f, 0xff, 0x30, 0x6, 0xff, 0xf1, 0xaf, 0xfb,
    0x0, 0x0, 0xff, 0xf6, 0xcf, 0xf8, 0x0, 0x0, 0xcf, 0xf9, 0xef, 0xf8, 0x0,
    0x0, 0xbf, 0xfa, 0xef, 0xf8, 0x0, 0x0, 0xbf, 0xfa, 0xef, 0xf8, 0x0, 0x0,
    0xbf, 0xfa, 0xef, 0xf8, 0x0, 0x0, 0xbf, 0xfa, 0xef, 0xf8, 0x0, 0x0, 0xbf,
    0xfa, 0xcf, 0xf9, 0x0, 0x0, 0xcf, 0xf9, 0xaf, 0xfc, 0x0, 0x0, 0xff, 0xf6,
    0x5f, 0xff, 0x30, 0x6, 0xff, 0xf1, 0xd, 0xff, 0xfb, 0xcf, 0xff, 0xa0, 0x2,
    0xef, 0xff, 0xff, 0xfd, 0x10, 0x0, 0x19, 0xdf, 0xfc, 0x70, 0x0,

    /* U+0031 "1" */
    0x0, 0x0, 0x1, 0x7c, 0x60, 0x1, 0x6b, 0xff, 0xf6, 0xb, 0xff, 0xff, 0xff,
    0x60, 0xff, 0xff, 0xff, 0xf6, 0xf, 0xa5, 0x1f, 0xff, 0x60, 0x0, 0x0, 0xff,
    0xf6, 0x0, 0x0, 0xf, 0xff, 0x60, 0x0, 0x0, 0xff, 0xf6, 0x0, 0x0, 0xf, 0xff,
    0x60, 0x0, 0x0, 0xff, 0xf6, 0x0, 0x0, 0xf, 0xff, 0x60, 0x0, 0x0, 0xff, 0xf6,
    0x0, 0x0, 0xf, 0xff, 0x60, 0x0, 0x0, 0xff, 0xf6, 0x0, 0x0, 0xf, 0xff, 0x60,
    0x0, 0x0, 0xff, 0xf6, 0x0, 0x0, 0xf, 0xff, 0x60,

    /* U+0032 "2" */
    0x0, 0x2, 0xae, 0xff, 0xd8, 0x10, 0x0, 0x6, 0xff, 0xff, 0xff, 0xfe, 0x20,
    0x4, 0xff, 0xfe, 0xac, 0xff, 0xfc, 0x0, 0xcf, 0xfd, 0x0, 0x8, 0xff, 0xf2,
    0x1f, 0xff, 0x50, 0x0, 0x2f, 0xff, 0x41, 0x88, 0x81, 0x0, 0x2, 0xff, 0xf3,
    0x0, 0x0, 0x0, 0x0, 0x7f, 0xfe, 0x0, 0x0, 0x0, 0x0, 0x2f, 0xff, 0x70, 0x0,
    0x0, 0x0, 0x1d, 0xff, 0xc0, 0x0, 0x0, 0x0, 0xc, 0xff, 0xe1, 0x0, 0x0, 0x0,
    0xb, 0xff, 0xe2, 0x0, 0x0, 0x0, 0xb, 0xff, 0xf3, 0x0, 0x0, 0x0, 0xa, 0xff,
    0xf3, 0x0, 0x0, 0x0, 0xa, 0xff, 0xf5, 0x0, 0x0, 0x0, 0x9, 0xff, 0xfe, 0xaa,
    0xaa, 0xaa, 0x80, 0xdf, 0xff, 0xff, 0xff, 0xff, 0xfd, 0xd, 0xff, 0xff, 0xff,
    0xff, 0xff, 0xd0,

    /* U+0033 "3" */
    0x0, 0x4, 0xbe, 0xff, 0xc7, 0x0, 0x0, 0x9, 0xff, 0xff, 0xff, 0xfe, 0x20,
    0x7, 0xff, 0xfe, 0xac, 0xff, 0xfc, 0x0, 0xef, 0xfc, 0x0, 0x7, 0xff, 0xf3,
    0xa, 0xaa, 0x30, 0x0, 0xf, 0xff, 0x50, 0x0, 0x0, 0x0, 0x1, 0xff, 0xf4, 0x0,
    0x0, 0x0, 0x0, 0xaf, 0xfd, 0x0, 0x0, 0x4, 0xdd, 0xff, 0xfe, 0x20, 0x0, 0x0,
    0x8f, 0xff, 0xff, 0x50, 0x0, 0x0, 0x4, 0xbb, 0xdf, 0xff, 0x80, 0x0, 0x0,
    0x0, 0x0, 0x5f, 0xff, 0x30, 0x0, 0x0, 0x0, 0x0, 0xdf, 0xf9, 0x2c, 0xcc,
    0x20, 0x0, 0xc, 0xff, 0x91, 0xff, 0xfa, 0x0, 0x4, 0xff, 0xf7, 0xa, 0xff,
    0xfd, 0xac, 0xff, 0xfe, 0x10, 0xc, 0xff, 0xff, 0xff, 0xfe, 0x30, 0x0, 0x5,
    0xbe, 0xff, 0xc7, 0x10, 0x0,

    /* U+0034 "4" */
    0x0, 0x0, 0x0, 0x8, 0xff, 0xf3, 0x0, 0x0, 0x0, 0x0, 0x3f, 0xff, 0xf3, 0x0,
    0x0, 0x0, 0x0, 0xdf, 0xff, 0xf3, 0x0, 0x0, 0x0, 0x7, 0xff, 0xff, 0xf3, 0x0,
    0x0, 0x0, 0x2f, 0xfd, 0xff, 0xf3, 0x0, 0x0, 0x0, 0xcf, 0xf4, 0xff, 0xf3,
    0x0, 0x0, 0x6, 0xff, 0x73, 0xff, 0xf3, 0x0, 0x0, 0x1f, 0xfc, 0x3, 0xff,
    0xf3, 0x0, 0x0, 0xbf, 0xf3, 0x3, 0xff, 0xf3, 0x0, 0x5, 0xff, 0x80, 0x3,
    0xff, 0xf3, 0x0, 0x1e, 0xff, 0xba, 0xab, 0xff, 0xfb, 0xa1, 0x4f, 0xff, 0xff,
    0xff, 0xff, 0xff, 0xf2, 0x3f, 0xff, 0xff, 0xff, 0xff, 0xff, 0xf2, 0x0, 0x0,
    0x0, 0x3, 0xff, 0xf3, 0x0, 0x0, 0x0, 0x0, 0x3, 0xff, 0xf3, 0x0, 0x0, 0x0,
    0x0, 0x3, 0xff, 0xf3, 0x0, 0x0, 0x0, 0x0, 0x3, 0xff, 0xf3, 0x0,

    /* U+0035 "5" */
    0x7, 0xff, 0xff, 0xff, 0xff, 0xf3, 0x8, 0xff, 0xff, 0xff, 0xff, 0xf3, 0xa,
    0xff, 0xdc, 0xcc, 0xcc, 0xc2, 0xc, 0xff, 0x50, 0x0, 0x0, 0x0, 0xe, 0xff,
    0x30, 0x0, 0x0, 0x0, 0xf, 0xff, 0x25, 0x76, 0x20, 0x0, 0x2f, 0xff, 0xff,
    0xff, 0xfb, 0x10, 0x4f, 0xff, 0xff, 0xff, 0xff, 0xb0, 0x18, 0xcc, 0x30,
    0x2a, 0xff, 0xf4, 0x0, 0x0, 0x0, 0x0, 0xef, 0xf9, 0x0, 0x0, 0x0, 0x0, 0xaf,
    0xfb, 0x0, 0x0, 0x0, 0x0, 0xaf, 0xfc, 0xbf, 0xfb, 0x0, 0x0, 0xcf, 0xfa,
    0x8f, 0xff, 0x30, 0x4, 0xff, 0xf6, 0x1e, 0xff, 0xfb, 0xbf, 0xff, 0xe0, 0x3,
    0xef, 0xff, 0xff, 0xfe, 0x30, 0x0, 0x18, 0xdf, 0xfd, 0x81, 0x0,

    /* U+0036 "6" */
    0x0, 0x0, 0x6, 0xbe, 0xf6, 0x0, 0x0, 0x4, 0xef, 0xff, 0xf6, 0x0, 0x0, 0x6f,
    0xff, 0xfe, 0xc4, 0x0, 0x3, 0xff, 0xfc, 0x30, 0x0, 0x0, 0xc, 0xff, 0xb0,
    0x0, 0x0, 0x0, 0x3f, 0xff, 0x26, 0x99, 0x71, 0x0, 0x8f, 0xfe, 0xef, 0xff,
    0xfe, 0x30, 0xbf, 0xff, 0xff, 0xff, 0xff, 0xe1, 0xcf, 0xff, 0x71, 0x18,
    0xff, 0xf7, 0xdf, 0xfa, 0x0, 0x0, 0xcf, 0xfc, 0xdf, 0xf8, 0x0, 0x0, 0x8f,
    0xfe, 0xcf, 0xf9, 0x0, 0x0, 0x7f, 0xfe, 0x9f, 0xfc, 0x0, 0x0, 0xaf, 0xfc,
    0x3f, 0xff, 0x50, 0x3, 0xff, 0xf8, 0xa, 0xff, 0xfc, 0xbf, 0xff, 0xe1, 0x0,
    0xcf, 0xff, 0xff, 0xfe, 0x30, 0x0, 0x6, 0xcf, 0xfd, 0x91, 0x0,

    /* U+0037 "7" */
    0x4f, 0xff, 0xff, 0xff, 0xff, 0xff, 0xc4, 0xff, 0xff, 0xff, 0xff, 0xff,
    0xfc, 0x3a, 0xaa, 0xaa, 0xaa, 0xaf, 0xff, 0x70, 0x0, 0x0, 0x0, 0x3, 0xff,
    0xf1, 0x0, 0x0, 0x0, 0x0, 0xaf, 0xf9, 0x0, 0x0, 0x0, 0x0, 0x1f, 0xff, 0x20,
    0x0, 0x0, 0x0, 0x9, 0xff, 0xb0, 0x0, 0x0, 0x0, 0x1, 0xff, 0xf4, 0x0, 0x0,
    0x0, 0x0, 0x7f, 0xfd, 0x0, 0x0, 0x0, 0x0, 0xe, 0xff, 0x60, 0x0, 0x0, 0x0,
    0x6, 0xff, 0xf0, 0x0, 0x0, 0x0, 0x0, 0xdf, 0xf8, 0x0, 0x0, 0x0, 0x0, 0x5f,
    0xff, 0x20, 0x0, 0x0, 0x0, 0xc, 0xff, 0xb0, 0x0, 0x0, 0x0, 0x3, 0xff, 0xf4,
    0x0, 0x0, 0x0, 0x0, 0xbf, 0xfd, 0x0, 0x0, 0x0, 0x0, 0x2f, 0xff, 0x60, 0x0,
    0x0, 0x0,

    /* U+0038 "8" */
    0x0, 0x3a, 0xef, 0xfd, 0x92, 0x0, 0x6, 0xff, 0xff, 0xff, 0xff, 0x40, 0x2f,
    0xff, 0xfb, 0xcf, 0xff, 0xe0, 0x7f, 0xff, 0x20, 0x6, 0xff, 0xf3, 0x7f, 0xfe,
    0x0, 0x1, 0xff, 0xf4, 0x4f, 0xff, 0x20, 0x5, 0xff, 0xf1, 0xa, 0xff, 0xea,
    0xaf, 0xff, 0x70, 0x0, 0xaf, 0xff, 0xff, 0xf6, 0x0, 0x7, 0xff, 0xff, 0xff,
    0xff, 0x40, 0x4f, 0xff, 0x60, 0x9, 0xff, 0xf1, 0xbf, 0xfa, 0x0, 0x0, 0xef,
    0xf7, 0xdf, 0xf8, 0x0, 0x0, 0xcf, 0xfa, 0xdf, 0xf9, 0x0, 0x0, 0xdf, 0xfa,
    0xaf, 0xff, 0x20, 0x4, 0xff, 0xf7, 0x3f, 0xff, 0xfb, 0xbf, 0xff, 0xe1, 0x6,
    0xff, 0xff, 0xff, 0xff, 0x40, 0x0, 0x29, 0xdf, 0xfd, 0x81, 0x0,

    /* U+0039 "9" */
    0x0, 0x19, 0xdf, 0xfb, 0x40, 0x0, 0x3, 0xef, 0xff, 0xff, 0xf9, 0x0, 0x1e,
    0xff, 0xfb, 0xdf, 0xff, 0x60, 0x8f, 0xff, 0x20, 0x9, 0xff, 0xe0, 0xdf, 0xf9,
    0x0, 0x1, 0xff, 0xf4, 0xff, 0xf6, 0x0, 0x0, 0xef, 0xf7, 0xff, 0xf7, 0x0,
    0x0, 0xdf, 0xf8, 0xdf, 0xfb, 0x0, 0x0, 0xef, 0xf8, 0x8f, 0xff, 0x70, 0x1a,
    0xff, 0xf8, 0x1e, 0xff, 0xff, 0xff, 0xff, 0xf7, 0x3, 0xdf, 0xff, 0xfb, 0xff,
    0xf4, 0x0, 0x5, 0x87, 0x33, 0xff, 0xf0, 0x0, 0x0, 0x0, 0xb, 0xff, 0x90, 0x0,
    0x0, 0x3, 0xbf, 0xff, 0x10, 0x0, 0x5c, 0xef, 0xff, 0xf4, 0x0, 0x0, 0x7f,
    0xff, 0xfe, 0x30, 0x0, 0x0, 0x7f, 0xeb, 0x50, 0x0, 0x0,

    /* U+003A ":" */
    0x1d, 0xfa, 0x8, 0xff, 0xf3, 0x6f, 0xff, 0x10, 0x58, 0x30, 0x0, 0x0, 0x0,
    0x0, 0x0, 0x0, 0x0, 0x0, 0x0, 0x0, 0x0, 0x0, 0x0, 0x58, 0x30, 0x6f, 0xff,
    0x18, 0xff, 0xf3, 0x1d, 0xfa, 0x0,

    /* U+003B ";" */
    0x3, 0xef, 0x70, 0xa, 0xff, 0xf0, 0x8, 0xff, 0xe0, 0x0, 0x68, 0x20, 0x0,
    0x0, 0x0, 0x0, 0x0, 0x0, 0x0, 0x0, 0x0, 0x0, 0x0, 0x0, 0x0, 0x0, 0x0, 0x0,
    0x0, 0x0, 0x1, 0xff, 0xb0, 0x1, 0xff, 0xc0, 0x1, 0xff, 0xb0, 0x2, 0xff,
    0x90, 0x7, 0xff, 0x40, 0xe, 0xfc, 0x0, 0x1a, 0xe2, 0x0, 0x0, 0x0, 0x0,

    /* U+003C "<" */
    0x0, 0x0, 0x0, 0x0, 0x17, 0xa0, 0x0, 0x0, 0x2, 0x9f, 0xfc, 0x0, 0x0, 0x5b,
    0xff, 0xff, 0xc0, 0x17, 0xef, 0xff, 0xff, 0xa4, 0x4f, 0xff, 0xff, 0xc6,
    0x10, 0x7, 0xff, 0xfa, 0x20, 0x0, 0x0, 0x6f, 0xff, 0xfc, 0x61, 0x0, 0x0,
    0x5c, 0xff, 0xff, 0xfb, 0x50, 0x0, 0x3, 0xaf, 0xff, 0xff, 0xb0, 0x0, 0x0,
    0x17, 0xef, 0xfc, 0x0, 0x0, 0x0, 0x0, 0x5c, 0xc0, 0x0, 0x0, 0x0, 0x0, 0x1,

    /* U+003D "=" */
    0x4b, 0xbb, 0xbb, 0xbb, 0xbb, 0xb1, 0x6f, 0xff, 0xff, 0xff, 0xff, 0xf1,
    0x6f, 0xff, 0xff, 0xff, 0xff, 0xf1, 0x0, 0x0, 0x0, 0x0, 0x0, 0x0, 0x0, 0x0,
    0x0, 0x0, 0x0, 0x0, 0x4b, 0xbb, 0xbb, 0xbb, 0xbb, 0xb1, 0x6f, 0xff, 0xff,
    0xff, 0xff, 0xf1, 0x6f, 0xff, 0xff, 0xff, 0xff, 0xf1,

    /* U+003E ">" */
    0x88, 0x10, 0x0, 0x0, 0x0, 0x9, 0xff, 0xa4, 0x0, 0x0, 0x0, 0x9f, 0xff, 0xfd,
    0x60, 0x0, 0x2, 0x9e, 0xff, 0xff, 0xf8, 0x20, 0x0, 0x4, 0xaf, 0xff, 0xff,
    0x80, 0x0, 0x0, 0x7, 0xff, 0xfb, 0x0, 0x0, 0x5b, 0xff, 0xff, 0xa0, 0x4a,
    0xff, 0xff, 0xfe, 0x71, 0x9f, 0xff, 0xff, 0xb4, 0x0, 0x9, 0xff, 0xf9, 0x20,
    0x0, 0x0, 0x9d, 0x60, 0x0, 0x0, 0x0, 0x1, 0x0, 0x0, 0x0, 0x0, 0x0,

    /* U+003F "?" */
    0x0, 0x29, 0xdf, 0xfd, 0x81, 0x0, 0x4, 0xff, 0xff, 0xff, 0xfe, 0x20, 0xe,
    0xff, 0xfb, 0xcf, 0xff, 0xb0, 0x5f, 0xff, 0x40, 0x9, 0xff, 0xf0, 0x4a, 0xaa,
    0x0, 0x5, 0xff, 0xf1, 0x0, 0x0, 0x0, 0x8, 0xff, 0xf0, 0x0, 0x0, 0x0, 0x3f,
    0xff, 0x80, 0x0, 0x0, 0x4, 0xff, 0xfb, 0x0, 0x0, 0x0, 0x2f, 0xff, 0xb0, 0x0,
    0x0, 0x0, 0x9f, 0xfb, 0x0, 0x0, 0x0, 0x0, 0xdf, 0xf3, 0x0, 0x0, 0x0, 0x0,
    0xab, 0xb1, 0x0, 0x0, 0x0, 0x0, 0x0, 0x0, 0x0, 0x0, 0x0, 0x0, 0x27, 0x40,
    0x0, 0x0, 0x0, 0x1, 0xff, 0xf5, 0x0, 0x0, 0x0, 0x3, 0xff, 0xf7, 0x0, 0x0,
    0x0, 0x0, 0xaf, 0xc1, 0x0, 0x0,

    /* U+0040 "@" */
    0x0, 0x0, 0x0, 0x4, 0xad, 0xff, 0xfc, 0x82, 0x0, 0x0, 0x0, 0x0, 0x0, 0x3d,
    0xff, 0xfe, 0xef, 0xff, 0xfa, 0x10, 0x0, 0x0, 0x0, 0x5f, 0xfd, 0x61, 0x0,
    0x2, 0x7e, 0xfd, 0x10, 0x0, 0x0, 0x4f, 0xf9, 0x0, 0x0, 0x0, 0x0, 0x1c, 0xfc,
    0x0, 0x0, 0x1e, 0xf9, 0x0, 0x0, 0x0, 0x0, 0x0, 0x1e, 0xf5, 0x0, 0x9, 0xfd,
    0x0, 0x0, 0x7e, 0xff, 0xa2, 0x0, 0x6f, 0xc0, 0x1, 0xff, 0x50, 0x0, 0xbf,
    0xff, 0xff, 0xf1, 0x0, 0xff, 0x10, 0x6f, 0xe0, 0x0, 0x8f, 0xf5, 0x5, 0xff,
    0x0, 0xc, 0xf5, 0xa, 0xfa, 0x0, 0x1f, 0xf7, 0x0, 0x6f, 0xf0, 0x0, 0xaf,
    0x70, 0xdf, 0x70, 0x7, 0xff, 0x10, 0x7, 0xfd, 0x0, 0x9, 0xf7, 0xf, 0xf5,
    0x0, 0xbf, 0xd0, 0x0, 0x9f, 0xc0, 0x0, 0x9f, 0x70, 0xff, 0x40, 0xe, 0xfa,
    0x0, 0xa, 0xfb, 0x0, 0xa, 0xf6, 0xf, 0xf4, 0x0, 0xff, 0xa0, 0x0, 0xcf, 0x90,
    0x0, 0xdf, 0x30, 0xff, 0x50, 0xe, 0xfc, 0x0, 0x1f, 0xf8, 0x0, 0x3f, 0xe0,
    0xd, 0xf7, 0x0, 0xaf, 0xf5, 0x2c, 0xff, 0xb0, 0x1d, 0xf7, 0x0, 0x9f, 0xc0,
    0x3, 0xff, 0xff, 0xfa, 0xff, 0xef, 0xfb, 0x0, 0x4, 0xff, 0x30, 0x5, 0xdf,
    0xd5, 0x6, 0xef, 0xd8, 0x0, 0x0, 0xd, 0xfc, 0x0, 0x0, 0x0, 0x0, 0x0, 0x0,
    0x0, 0x0, 0x0, 0x4f, 0xfb, 0x10, 0x0, 0x0, 0x0, 0x0, 0x0, 0x0, 0x0, 0x0,
    0x6f, 0xfe, 0x73, 0x0, 0x13, 0x75, 0x0, 0x0, 0x0, 0x0, 0x0, 0x4e, 0xff,
    0xff, 0xff, 0xff, 0xb0, 0x0, 0x0, 0x0, 0x0, 0x0, 0x5, 0xad, 0xff, 0xec,
    0x82, 0x0, 0x0, 0x0,

    /* U+0041 "A" */
    0x0, 0x0, 0x0, 0xcf, 0xfd, 0x0, 0x0, 0x0, 0x0, 0x0, 0x0, 0x2f, 0xff, 0xf4,
    0x0, 0x0, 0x0, 0x0, 0x0, 0x8, 0xff, 0xff, 0xa0, 0x0, 0x0, 0x0, 0x0, 0x0,
    0xef, 0xff, 0xff, 0x0, 0x0, 0x0, 0x0, 0x0, 0x4f, 0xfe, 0xdf, 0xf6, 0x0, 0x0,
    0x0, 0x0, 0xa, 0xff, 0x97, 0xff, 0xc0, 0x0, 0x0, 0x0, 0x0, 0xff, 0xf4, 0x2f,
    0xff, 0x20, 0x0, 0x0, 0x0, 0x6f, 0xfe, 0x0, 0xdf, 0xf8, 0x0, 0x0, 0x0, 0xc,
    0xff, 0xa0, 0x7, 0xff, 0xd0, 0x0, 0x0, 0x2, 0xff, 0xf4, 0x0, 0x2f, 0xff,
    0x40, 0x0, 0x0, 0x8f, 0xff, 0xcc, 0xcc, 0xff, 0xfa, 0x0, 0x0, 0xd, 0xff,
    0xff, 0xff, 0xff, 0xff, 0xf0, 0x0, 0x4, 0xff, 0xff, 0xff, 0xff, 0xff, 0xff,
    0x60, 0x0, 0x9f, 0xff, 0x0, 0x0, 0x0, 0xdf, 0xfc, 0x0, 0xf, 0xff, 0xa0, 0x0,
    0x0, 0x8, 0xff, 0xf2, 0x5, 0xff, 0xf5, 0x0, 0x0, 0x0, 0x2f, 0xff, 0x80,
    0xbf, 0xff, 0x0, 0x0, 0x0, 0x0, 0xdf, 0xfd, 0x0,

    /* U+0042 "B" */
    0x7f, 0xff, 0xff, 0xff, 0xd9, 0x30, 0x0, 0x7f, 0xff, 0xff, 0xff, 0xff, 0xf8,
    0x0, 0x7f, 0xff, 0xcc, 0xcd, 0xff, 0xff, 0x40, 0x7f, 0xff, 0x0, 0x0, 0x3f,
    0xff, 0xa0, 0x7f, 0xff, 0x0, 0x0, 0xb, 0xff, 0xd0, 0x7f, 0xff, 0x0, 0x0,
    0xc, 0xff, 0xc0, 0x7f, 0xff, 0x0, 0x1, 0x8f, 0xff, 0x60, 0x7f, 0xff, 0xff,
    0xff, 0xff, 0xfb, 0x0, 0x7f, 0xff, 0xff, 0xff, 0xff, 0xd2, 0x0, 0x7f, 0xff,
    0x88, 0x87, 0xbf, 0xff, 0x40, 0x7f, 0xff, 0x0, 0x0, 0x9, 0xff, 0xe0, 0x7f,
    0xff, 0x0, 0x0, 0x5, 0xff, 0xf2, 0x7f, 0xff, 0x0, 0x0, 0x5, 0xff, 0xf3,
    0x7f, 0xff, 0x0, 0x0, 0x1d, 0xff, 0xf0, 0x7f, 0xff, 0xcc, 0xcc, 0xff, 0xff,
    0xa0, 0x7f, 0xff, 0xff, 0xff, 0xff, 0xfc, 0x10, 0x7f, 0xff, 0xff, 0xff,
    0xeb, 0x60, 0x0,

    /* U+0043 "C" */
    0x0, 0x2, 0x8d, 0xff, 0xea, 0x50, 0x0, 0x0, 0x6f, 0xff, 0xff, 0xff, 0xfb,
    0x0, 0x5, 0xff, 0xff, 0xdd, 0xff, 0xff, 0xb0, 0x1e, 0xff, 0xd2, 0x0, 0x8,
    0xff, 0xf4, 0x6f, 0xff, 0x30, 0x0, 0x0, 0xdf, 0xfa, 0xbf, 0xfd, 0x0, 0x0,
    0x0, 0x8d, 0xdc, 0xef, 0xfa, 0x0, 0x0, 0x0, 0x0, 0x0, 0xff, 0xf9, 0x0, 0x0,
    0x0, 0x0, 0x0, 0xff, 0xf9, 0x0, 0x0, 0x0, 0x0, 0x0, 0xff, 0xf9, 0x0, 0x0,
    0x0, 0x0, 0x0, 0xef, 0xfa, 0x0, 0x0, 0x0, 0x0, 0x0, 0xbf, 0xfd, 0x0, 0x0,
    0x0, 0x7c, 0xca, 0x7f, 0xff, 0x20, 0x0, 0x0, 0xdf, 0xfb, 0x1f, 0xff, 0xd2,
    0x0, 0x9, 0xff, 0xf5, 0x6, 0xff, 0xff, 0xdd, 0xff, 0xff, 0xc0, 0x0, 0x7f,
    0xff, 0xff, 0xff, 0xfc, 0x10, 0x0, 0x2, 0x9d, 0xff, 0xea, 0x50, 0x0,

    /* U+0044 "D" */
    0x7f, 0xff, 0xff, 0xfd, 0x92, 0x0, 0x0, 0x7f, 0xff, 0xff, 0xff, 0xff, 0x80,
    0x0, 0x7f, 0xff, 0xcc, 0xdf, 0xff, 0xf9, 0x0, 0x7f, 0xff, 0x0, 0x1, 0xbf,
    0xff, 0x50, 0x7f, 0xff, 0x0, 0x0, 0xd, 0xff, 0xd0, 0x7f, 0xff, 0x0, 0x0,
    0x5, 0xff, 0xf3, 0x7f, 0xff, 0x0, 0x0, 0x1, 0xff, 0xf7, 0x7f, 0xff, 0x0,
    0x0, 0x0, 0xff, 0xf8, 0x7f, 0xff, 0x0, 0x0, 0x0, 0xff, 0xf9, 0x7f, 0xff,
    0x0, 0x0, 0x0, 0xff, 0xf8, 0x7f, 0xff, 0x0, 0x0, 0x1, 0xff, 0xf7, 0x7f,
    0xff, 0x0, 0x0, 0x5, 0xff, 0xf3, 0x7f, 0xff, 0x0, 0x0, 0xd, 0xff, 0xd0,
    0x7f, 0xff, 0x0, 0x1, 0xbf, 0xff, 0x50, 0x7f, 0xff, 0xcc, 0xdf, 0xff, 0xfa,
    0x0, 0x7f, 0xff, 0xff, 0xff, 0xff, 0x80, 0x0, 0x7f, 0xff, 0xff, 0xfd, 0x92,
    0x0, 0x0,

    /* U+0045 "E" */
    0x7f, 0xff, 0xff, 0xff, 0xff, 0xff, 0x7f, 0xff, 0xff, 0xff, 0xff, 0xff,
    0x7f, 0xff, 0xcc, 0xcc, 0xcc, 0xcc, 0x7f, 0xff, 0x0, 0x0, 0x0, 0x0, 0x7f,
    0xff, 0x0, 0x0, 0x0, 0x0, 0x7f, 0xff, 0x0, 0x0, 0x0, 0x0, 0x7f, 0xff, 0x0,
    0x0, 0x0, 0x0, 0x7f, 0xff, 0xff, 0xff, 0xff, 0xc0, 0x7f, 0xff, 0xff, 0xff,
    0xff, 0xc0, 0x7f, 0xff, 0xbb, 0xbb, 0xbb, 0x80, 0x7f, 0xff, 0x0, 0x0, 0x0,
    0x0, 0x7f, 0xff, 0x0, 0x0, 0x0, 0x0, 0x7f, 0xff, 0x0, 0x0, 0x0, 0x0, 0x7f,
    0xff, 0x0, 0x0, 0x0, 0x0, 0x7f, 0xff, 0xcc, 0xcc, 0xcc, 0xcb, 0x7f, 0xff,
    0xff, 0xff, 0xff, 0xff, 0x7f, 0xff, 0xff, 0xff, 0xff, 0xff,

    /* U+0046 "F" */
    0x7f, 0xff, 0xff, 0xff, 0xff, 0xfa, 0x7f, 0xff, 0xff, 0xff, 0xff, 0xfa,
    0x7f, 0xff, 0xcc, 0xcc, 0xcc, 0xc8, 0x7f, 0xff, 0x0, 0x0, 0x0, 0x0, 0x7f,
    0xff, 0x0, 0x0, 0x0, 0x0, 0x7f, 0xff, 0x0, 0x0, 0x0, 0x0, 0x7f, 0xff, 0x0,
    0x0, 0x0, 0x0, 0x7f, 0xff, 0xcc, 0xcc, 0xcc, 0xa0, 0x7f, 0xff, 0xff, 0xff,
    0xff, 0xd0, 0x7f, 0xff, 0xff, 0xff, 0xff, 0xd0, 0x7f, 0xff, 0x0, 0x0, 0x0,
    0x0, 0x7f, 0xff, 0x0, 0x0, 0x0, 0x0, 0x7f, 0xff, 0x0, 0x0, 0x0, 0x0, 0x7f,
    0xff, 0x0, 0x0, 0x0, 0x0, 0x7f, 0xff, 0x0, 0x0, 0x0, 0x0, 0x7f, 0xff, 0x0,
    0x0, 0x0, 0x0, 0x7f, 0xff, 0x0, 0x0, 0x0, 0x0,

    /* U+0047 "G" */
    0x0, 0x1, 0x8d, 0xff, 0xec, 0x70, 0x0, 0x0, 0x5, 0xff, 0xff, 0xff, 0xff,
    0xe3, 0x0, 0x4, 0xff, 0xff, 0xdc, 0xef, 0xff, 0xe1, 0x0, 0xdf, 0xff, 0x40,
    0x0, 0x5f, 0xff, 0x80, 0x5f, 0xff, 0x60, 0x0, 0x0, 0xaf, 0xfd, 0x9, 0xff,
    0xf0, 0x0, 0x0, 0x3, 0x77, 0x60, 0xcf, 0xfc, 0x0, 0x0, 0x0, 0x0, 0x0, 0xe,
    0xff, 0xb0, 0x0, 0x0, 0x0, 0x0, 0x0, 0xef, 0xfa, 0x0, 0xa, 0xff, 0xff, 0xff,
    0xe, 0xff, 0xb0, 0x0, 0xaf, 0xff, 0xff, 0xf0, 0xcf, 0xfc, 0x0, 0x5, 0x88,
    0xbf, 0xff, 0x9, 0xff, 0xf0, 0x0, 0x0, 0x7, 0xff, 0xf0, 0x5f, 0xff, 0x70,
    0x0, 0x0, 0x7f, 0xff, 0x0, 0xdf, 0xff, 0x60, 0x0, 0xa, 0xff, 0xf0, 0x3,
    0xff, 0xff, 0xec, 0xcf, 0xff, 0xff, 0x0, 0x4, 0xef, 0xff, 0xff, 0xff, 0xfd,
    0x20, 0x0, 0x1, 0x7c, 0xef, 0xfd, 0xa4, 0x0, 0x0,

    /* U+0048 "H" */
    0x7f, 0xff, 0x0, 0x0, 0x0, 0x1f, 0xff, 0x67, 0xff, 0xf0, 0x0, 0x0, 0x1,
    0xff, 0xf6, 0x7f, 0xff, 0x0, 0x0, 0x0, 0x1f, 0xff, 0x67, 0xff, 0xf0, 0x0,
    0x0, 0x1, 0xff, 0xf6, 0x7f, 0xff, 0x0, 0x0, 0x0, 0x1f, 0xff, 0x67, 0xff,
    0xf0, 0x0, 0x0, 0x1, 0xff, 0xf6, 0x7f, 0xff, 0x0, 0x0, 0x0, 0x1f, 0xff,
    0x67, 0xff, 0xff, 0xff, 0xff, 0xff, 0xff, 0xf6, 0x7f, 0xff, 0xff, 0xff,
    0xff, 0xff, 0xff, 0x67, 0xff, 0xfc, 0xcc, 0xcc, 0xcc, 0xff, 0xf6, 0x7f,
    0xff, 0x0, 0x0, 0x0, 0x1f, 0xff, 0x67, 0xff, 0xf0, 0x0, 0x0, 0x1, 0xff,
    0xf6, 0x7f, 0xff, 0x0, 0x0, 0x0, 0x1f, 0xff, 0x67, 0xff, 0xf0, 0x0, 0x0,
    0x1, 0xff, 0xf6, 0x7f, 0xff, 0x0, 0x0, 0x0, 0x1f, 0xff, 0x67, 0xff, 0xf0,
    0x0, 0x0, 0x1, 0xff, 0xf6, 0x7f, 0xff, 0x0, 0x0, 0x0, 0x1f, 0xff, 0x60,

    /* U+0049 "I" */
    0x3f, 0xff, 0x43, 0xff, 0xf4, 0x3f, 0xff, 0x43, 0xff, 0xf4, 0x3f, 0xff,
    0x43, 0xff, 0xf4, 0x3f, 0xff, 0x43, 0xff, 0xf4, 0x3f, 0xff, 0x43, 0xff,
    0xf4, 0x3f, 0xff, 0x43, 0xff, 0xf4, 0x3f, 0xff, 0x43, 0xff, 0xf4, 0x3f,
    0xff, 0x43, 0xff, 0xf4, 0x3f, 0xff, 0x40,

    /* U+004A "J" */
    0x0, 0x0, 0x0, 0x0, 0x9f, 0xff, 0x0, 0x0, 0x0, 0x0, 0x9f, 0xff, 0x0, 0x0,
    0x0, 0x0, 0x9f, 0xff, 0x0, 0x0, 0x0, 0x0, 0x9f, 0xff, 0x0, 0x0, 0x0, 0x0,
    0x9f, 0xff, 0x0, 0x0, 0x0, 0x0, 0x9f, 0xff, 0x0, 0x0, 0x0, 0x0, 0x9f, 0xff,
    0x0, 0x0, 0x0, 0x0, 0x9f, 0xff, 0x0, 0x0, 0x0, 0x0, 0x9f, 0xff, 0x0, 0x0,
    0x0, 0x0, 0x9f, 0xff, 0x0, 0x0, 0x0, 0x0, 0x9f, 0xff, 0x13, 0x33, 0x0, 0x0,
    0x9f, 0xfe, 0x7f, 0xff, 0x10, 0x0, 0xbf, 0xfd, 0x4f, 0xff, 0x70, 0x3, 0xff,
    0xfa, 0xd, 0xff, 0xfd, 0xcf, 0xff, 0xf3, 0x3, 0xef, 0xff, 0xff, 0xff, 0x50,
    0x0, 0x18, 0xdf, 0xfe, 0x92, 0x0,

    /* U+004B "K" */
    0x7f, 0xff, 0x0, 0x0, 0x6, 0xff, 0xfd, 0x7, 0xff, 0xf0, 0x0, 0x3, 0xff,
    0xfe, 0x20, 0x7f, 0xff, 0x0, 0x1, 0xef, 0xff, 0x40, 0x7, 0xff, 0xf0, 0x0,
    0xbf, 0xff, 0x70, 0x0, 0x7f, 0xff, 0x0, 0x8f, 0xff, 0xa0, 0x0, 0x7, 0xff,
    0xf0, 0x4f, 0xff, 0xc0, 0x0, 0x0, 0x7f, 0xff, 0x2e, 0xff, 0xe1, 0x0, 0x0,
    0x7, 0xff, 0xfc, 0xff, 0xf6, 0x0, 0x0, 0x0, 0x7f, 0xff, 0xff, 0xff, 0xd0,
    0x0, 0x0, 0x7, 0xff, 0xff, 0xff, 0xff, 0x80, 0x0, 0x0, 0x7f, 0xff, 0xf9,
    0xdf, 0xff, 0x20, 0x0, 0x7, 0xff, 0xf9, 0x4, 0xff, 0xfc, 0x0, 0x0, 0x7f,
    0xff, 0x0, 0x9, 0xff, 0xf7, 0x0, 0x7, 0xff, 0xf0, 0x0, 0x1e, 0xff, 0xf2,
    0x0, 0x7f, 0xff, 0x0, 0x0, 0x5f, 0xff, 0xc0, 0x7, 0xff, 0xf0, 0x0, 0x0,
    0xbf, 0xff, 0x70, 0x7f, 0xff, 0x0, 0x0, 0x1, 0xff, 0xff, 0x20,

    /* U+004C "L" */
    0x7f, 0xff, 0x0, 0x0, 0x0, 0x0, 0x7f, 0xff, 0x0, 0x0, 0x0, 0x0, 0x7f, 0xff,
    0x0, 0x0, 0x0, 0x0, 0x7f, 0xff, 0x0, 0x0, 0x0, 0x0, 0x7f, 0xff, 0x0, 0x0,
    0x0, 0x0, 0x7f, 0xff, 0x0, 0x0, 0x0, 0x0, 0x7f, 0xff, 0x0, 0x0, 0x0, 0x0,
    0x7f, 0xff, 0x0, 0x0, 0x0, 0x0, 0x7f, 0xff, 0x0, 0x0, 0x0, 0x0, 0x7f, 0xff,
    0x0, 0x0, 0x0, 0x0, 0x7f, 0xff, 0x0, 0x0, 0x0, 0x0, 0x7f, 0xff, 0x0, 0x0,
    0x0, 0x0, 0x7f, 0xff, 0x0, 0x0, 0x0, 0x0, 0x7f, 0xff, 0x0, 0x0, 0x0, 0x0,
    0x7f, 0xff, 0xcc, 0xcc, 0xcc, 0xc6, 0x7f, 0xff, 0xff, 0xff, 0xff, 0xf8,
    0x7f, 0xff, 0xff, 0xff, 0xff, 0xf8,

    /* U+004D "M" */
    0x7f, 0xff, 0xf4, 0x0, 0x0, 0x0, 0x4, 0xff, 0xff, 0x77, 0xff, 0xff, 0xa0,
    0x0, 0x0, 0x0, 0xaf, 0xff, 0xf7, 0x7f, 0xff, 0xff, 0x0, 0x0, 0x0, 0xf, 0xff,
    0xff, 0x77, 0xff, 0xff, 0xf5, 0x0, 0x0, 0x5, 0xff, 0xff, 0xf7, 0x7f, 0xfe,
    0xff, 0xa0, 0x0, 0x0, 0xbf, 0xfe, 0xff, 0x77, 0xff, 0xbe, 0xff, 0x10, 0x0,
    0x1f, 0xfd, 0xcf, 0xf7, 0x7f, 0xfc, 0x8f, 0xf6, 0x0, 0x6, 0xff, 0x7c, 0xff,
    0x77, 0xff, 0xd2, 0xff, 0xb0, 0x0, 0xcf, 0xf2, 0xdf, 0xf7, 0x7f, 0xfd, 0xc,
    0xff, 0x10, 0x1f, 0xfc, 0xe, 0xff, 0x77, 0xff, 0xe0, 0x6f, 0xf7, 0x7, 0xff,
    0x60, 0xef, 0xf7, 0x7f, 0xff, 0x1, 0xff, 0xc0, 0xdf, 0xf1, 0xf, 0xff, 0x77,
    0xff, 0xf0, 0xb, 0xff, 0x5f, 0xfa, 0x0, 0xff, 0xf7, 0x7f, 0xff, 0x0, 0x5f,
    0xfe, 0xff, 0x50, 0xf, 0xff, 0x77, 0xff, 0xf0, 0x0, 0xff, 0xff, 0xe0, 0x0,
    0xff, 0xf7, 0x7f, 0xff, 0x0, 0x9, 0xff, 0xf9, 0x0, 0xf, 0xff, 0x77, 0xff,
    0xf0, 0x0, 0x4f, 0xff, 0x30, 0x0, 0xff, 0xf7, 0x7f, 0xff, 0x0, 0x0, 0xef,
    0xd0, 0x0, 0xf, 0xff, 0x70,

    /* U+004E "N" */
    0x7f, 0xff, 0x50, 0x0, 0x0, 0x1f, 0xff, 0x67, 0xff, 0xfe, 0x0, 0x0, 0x1,
    0xff, 0xf6, 0x7f, 0xff, 0xf8, 0x0, 0x0, 0x1f, 0xff, 0x67, 0xff, 0xff, 0xf2,
    0x0, 0x1, 0xff, 0xf6, 0x7f, 0xff, 0xff, 0xc0, 0x0, 0x1f, 0xff, 0x67, 0xff,
    0xff, 0xff, 0x50, 0x1, 0xff, 0xf6, 0x7f, 0xff, 0x7f, 0xfe, 0x0, 0x1f, 0xff,
    0x67, 0xff, 0xf0, 0xcf, 0xf8, 0x1, 0xff, 0xf6, 0x7f, 0xff, 0x3, 0xff, 0xf2,
    0x1f, 0xff, 0x67, 0xff, 0xf0, 0x9, 0xff, 0xc1, 0xff, 0xf6, 0x7f, 0xff, 0x0,
    0x1e, 0xff, 0x7f, 0xff, 0x67, 0xff, 0xf0, 0x0, 0x6f, 0xff, 0xff, 0xf6, 0x7f,
    0xff, 0x0, 0x0, 0xcf, 0xff, 0xff, 0x67, 0xff, 0xf0, 0x0, 0x3, 0xff, 0xff,
    0xf6, 0x7f, 0xff, 0x0, 0x0, 0x9, 0xff, 0xff, 0x67, 0xff, 0xf0, 0x0, 0x0,
    0x1e, 0xff, 0xf6, 0x7f, 0xff, 0x0, 0x0, 0x0, 0x6f, 0xff, 0x60,

    /* U+004F "O" */
    0x0, 0x1, 0x7c, 0xff, 0xea, 0x40, 0x0, 0x0, 0x4, 0xef, 0xff, 0xff, 0xff,
    0xb0, 0x0, 0x4, 0xff, 0xff, 0xed, 0xff, 0xff, 0xc0, 0x0, 0xef, 0xff, 0x40,
    0x1, 0xaf, 0xff, 0x70, 0x5f, 0xff, 0x50, 0x0, 0x0, 0xcf, 0xfe, 0xa, 0xff,
    0xe0, 0x0, 0x0, 0x5, 0xff, 0xf3, 0xdf, 0xfa, 0x0, 0x0, 0x0, 0x2f, 0xff,
    0x6f, 0xff, 0x90, 0x0, 0x0, 0x0, 0xff, 0xf8, 0xff, 0xf9, 0x0, 0x0, 0x0, 0xf,
    0xff, 0x8f, 0xff, 0x90, 0x0, 0x0, 0x0, 0xff, 0xf8, 0xdf, 0xfa, 0x0, 0x0,
    0x0, 0x2f, 0xff, 0x6a, 0xff, 0xe0, 0x0, 0x0, 0x5, 0xff, 0xf3, 0x5f, 0xff,
    0x50, 0x0, 0x0, 0xcf, 0xfe, 0x0, 0xef, 0xfe, 0x40, 0x0, 0x9f, 0xff, 0x70,
    0x4, 0xff, 0xff, 0xed, 0xff, 0xff, 0xc0, 0x0, 0x4, 0xef, 0xff, 0xff, 0xff,
    0xb1, 0x0, 0x0, 0x1, 0x7c, 0xff, 0xeb, 0x50, 0x0, 0x0,

    /* U+0050 "P" */
    0x7f, 0xff, 0xff, 0xff, 0xeb, 0x50, 0x0, 0x7f, 0xff, 0xff, 0xff, 0xff, 0xfb,
    0x0, 0x7f, 0xff, 0xcc, 0xcc, 0xff, 0xff, 0xb0, 0x7f, 0xff, 0x0, 0x0, 0x1b,
    0xff, 0xf3, 0x7f, 0xff, 0x0, 0x0, 0x2, 0xff, 0xf7, 0x7f, 0xff, 0x0, 0x0,
    0x0, 0xff, 0xf8, 0x7f, 0xff, 0x0, 0x0, 0x2, 0xff, 0xf7, 0x7f, 0xff, 0x0,
    0x0, 0x3c, 0xff, 0xf2, 0x7f, 0xff, 0xff, 0xff, 0xff, 0xff, 0xa0, 0x7f, 0xff,
    0xff, 0xff, 0xff, 0xf9, 0x0, 0x7f, 0xff, 0xcc, 0xcb, 0xa7, 0x20, 0x0, 0x7f,
    0xff, 0x0, 0x0, 0x0, 0x0, 0x0, 0x7f, 0xff, 0x0, 0x0, 0x0, 0x0, 0x0, 0x7f,
    0xff, 0x0, 0x0, 0x0, 0x0, 0x0, 0x7f, 0xff, 0x0, 0x0, 0x0, 0x0, 0x0, 0x7f,
    0xff, 0x0, 0x0, 0x0, 0x0, 0x0, 0x7f, 0xff, 0x0, 0x0, 0x0, 0x0, 0x0,

    /* U+0051 "Q" */
    0x0, 0x0, 0x18, 0xcf, 0xfe, 0xa4, 0x0, 0x0, 0x0, 0x5, 0xff, 0xff, 0xff,
    0xff, 0xb0, 0x0, 0x0, 0x4f, 0xff, 0xfe, 0xdf, 0xff, 0xfc, 0x0, 0x0, 0xef,
    0xfe, 0x40, 0x1, 0xaf, 0xff, 0x60, 0x6, 0xff, 0xf5, 0x0, 0x0, 0xc, 0xff,
    0xe0, 0xb, 0xff, 0xe0, 0x0, 0x0, 0x6, 0xff, 0xf3, 0xe, 0xff, 0xa0, 0x0, 0x0,
    0x2, 0xff, 0xf6, 0xf, 0xff, 0x90, 0x0, 0x0, 0x0, 0xff, 0xf8, 0xf, 0xff,
    0x80, 0x0, 0x0, 0x0, 0xff, 0xf8, 0xf, 0xff, 0x90, 0x0, 0x0, 0x0, 0xff, 0xf8,
    0xe, 0xff, 0xa0, 0x0, 0x0, 0x2, 0xff, 0xf6, 0xb, 0xff, 0xe0, 0x0, 0x0, 0x6,
    0xff, 0xf3, 0x6, 0xff, 0xf5, 0x0, 0x0, 0xc, 0xff, 0xe0, 0x0, 0xef, 0xfe,
    0x40, 0x0, 0x9f, 0xff, 0x70, 0x0, 0x4f, 0xff, 0xfe, 0xdf, 0xff, 0xfc, 0x0,
    0x0, 0x4, 0xef, 0xff, 0xff, 0xff, 0xe0, 0x0, 0x0, 0x0, 0x17, 0xcf, 0xff,
    0xff, 0xfa, 0x0, 0x0, 0x0, 0x0, 0x0, 0x0, 0xaf, 0xff, 0xc1, 0x0, 0x0, 0x0,
    0x0, 0x0, 0x7, 0xff, 0xa0, 0x0, 0x0, 0x0, 0x0, 0x0, 0x0, 0x48, 0x0,

    /* U+0052 "R" */
    0x7f, 0xff, 0xff, 0xff, 0xda, 0x40, 0x0, 0x7f, 0xff, 0xff, 0xff, 0xff, 0xfa,
    0x0, 0x7f, 0xff, 0xcc, 0xcd, 0xff, 0xff, 0x80, 0x7f, 0xff, 0x0, 0x0, 0x2e,
    0xff, 0xe0, 0x7f, 0xff, 0x0, 0x0, 0x7, 0xff, 0xf2, 0x7f, 0xff, 0x0, 0x0,
    0x5, 0xff, 0xf2, 0x7f, 0xff, 0x0, 0x0, 0x8, 0xff, 0xf0, 0x7f, 0xff, 0x0,
    0x0, 0x6f, 0xff, 0xb0, 0x7f, 0xff, 0xff, 0xff, 0xff, 0xfe, 0x20, 0x7f, 0xff,
    0xff, 0xff, 0xff, 0xb2, 0x0, 0x7f, 0xff, 0xcc, 0xcf, 0xff, 0x70, 0x0, 0x7f,
    0xff, 0x0, 0xc, 0xff, 0xe0, 0x0, 0x7f, 0xff, 0x0, 0x4, 0xff, 0xf7, 0x0,
    0x7f, 0xff, 0x0, 0x0, 0xbf, 0xff, 0x10, 0x7f, 0xff, 0x0, 0x0, 0x3f, 0xff,
    0x80, 0x7f, 0xff, 0x0, 0x0, 0xb, 0xff, 0xf1, 0x7f, 0xff, 0x0, 0x0, 0x3,
    0xff, 0xf9,

    /* U+0053 "S" */
    0x0, 0x0, 0x7c, 0xef, 0xfc, 0x81, 0x0, 0x0, 0x3e, 0xff, 0xff, 0xff, 0xfe,
    0x40, 0x1, 0xff, 0xff, 0xdb, 0xdf, 0xff, 0xf2, 0x7, 0xff, 0xf6, 0x0, 0x4,
    0xff, 0xf9, 0xa, 0xff, 0xe0, 0x0, 0x0, 0xaf, 0xfd, 0x8, 0xff, 0xf2, 0x0,
    0x0, 0x12, 0x22, 0x2, 0xff, 0xff, 0x71, 0x0, 0x0, 0x0, 0x0, 0x5f, 0xff,
    0xff, 0xc7, 0x10, 0x0, 0x0, 0x2, 0xbf, 0xff, 0xff, 0xf8, 0x0, 0x0, 0x0, 0x2,
    0x8d, 0xff, 0xff, 0xb0, 0x0, 0x0, 0x0, 0x0, 0x3b, 0xff, 0xf7, 0x17, 0x77,
    0x20, 0x0, 0x0, 0xcf, 0xfd, 0x1f, 0xff, 0x80, 0x0, 0x0, 0x9f, 0xfe, 0xd,
    0xff, 0xe3, 0x0, 0x2, 0xef, 0xfc, 0x4, 0xff, 0xff, 0xdb, 0xcf, 0xff, 0xf6,
    0x0, 0x4e, 0xff, 0xff, 0xff, 0xff, 0x90, 0x0, 0x0, 0x6b, 0xef, 0xfd, 0xa3,
    0x0,

    /* U+0054 "T" */
    0x8f, 0xff, 0xff, 0xff, 0xff, 0xff, 0xff, 0x68, 0xff, 0xff, 0xff, 0xff,
    0xff, 0xff, 0xf6, 0x6c, 0xcc, 0xcd, 0xff, 0xfd, 0xcc, 0xcc, 0x50, 0x0, 0x0,
    0x5f, 0xff, 0x20, 0x0, 0x0, 0x0, 0x0, 0x5, 0xff, 0xf2, 0x0, 0x0, 0x0, 0x0,
    0x0, 0x5f, 0xff, 0x20, 0x0, 0x0, 0x0, 0x0, 0x5, 0xff, 0xf2, 0x0, 0x0, 0x0,
    0x0, 0x0, 0x5f, 0xff, 0x20, 0x0, 0x0, 0x0, 0x0, 0x5, 0xff, 0xf2, 0x0, 0x0,
    0x0, 0x0, 0x0, 0x5f, 0xff, 0x20, 0x0, 0x0, 0x0, 0x0, 0x5, 0xff, 0xf2, 0x0,
    0x0, 0x0, 0x0, 0x0, 0x5f, 0xff, 0x20, 0x0, 0x0, 0x0, 0x0, 0x5, 0xff, 0xf2,
    0x0, 0x0, 0x0, 0x0, 0x0, 0x5f, 0xff, 0x20, 0x0, 0x0, 0x0, 0x0, 0x5, 0xff,
    0xf2, 0x0, 0x0, 0x0, 0x0, 0x0, 0x5f, 0xff, 0x20, 0x0, 0x0, 0x0, 0x0, 0x5,
    0xff, 0xf2, 0x0, 0x0, 0x0,

    /* U+0055 "U" */
    0xaf, 0xfe, 0x0, 0x0, 0x0, 0xff, 0xf7, 0xaf, 0xfe, 0x0, 0x0, 0x0, 0xff,
    0xf7, 0xaf, 0xfe, 0x0, 0x0, 0x0, 0xff, 0xf7, 0xaf, 0xfe, 0x0, 0x0, 0x0,
    0xff, 0xf7, 0xaf, 0xfe, 0x0, 0x0, 0x0, 0xff, 0xf7, 0xaf, 0xfe, 0x0, 0x0,
    0x0, 0xff, 0xf7, 0xaf, 0xfe, 0x0, 0x0, 0x0, 0xff, 0xf7, 0xaf, 0xfe, 0x0,
    0x0, 0x0, 0xff, 0xf7, 0xaf, 0xfe, 0x0, 0x0, 0x0, 0xff, 0xf7, 0xaf, 0xfe,
    0x0, 0x0, 0x0, 0xff, 0xf7, 0xaf, 0xfe, 0x0, 0x0, 0x0, 0xff, 0xf7, 0x9f,
    0xfe, 0x0, 0x0, 0x1, 0xff, 0xf6, 0x7f, 0xff, 0x10, 0x0, 0x4, 0xff, 0xf4,
    0x3f, 0xff, 0xb0, 0x0, 0x1d, 0xff, 0xf0, 0xa, 0xff, 0xff, 0xcc, 0xff, 0xff,
    0x70, 0x0, 0xbf, 0xff, 0xff, 0xff, 0xf9, 0x0, 0x0, 0x4, 0xae, 0xff, 0xda,
    0x30, 0x0,

    /* U+0056 "V" */
    0xcf, 0xff, 0x10, 0x0, 0x0, 0x7, 0xff, 0xf6, 0x6f, 0xff, 0x60, 0x0, 0x0,
    0xb, 0xff, 0xf1, 0x1f, 0xff, 0xb0, 0x0, 0x0, 0x1f, 0xff, 0xb0, 0xb, 0xff,
    0xf0, 0x0, 0x0, 0x5f, 0xff, 0x60, 0x5, 0xff, 0xf5, 0x0, 0x0, 0xaf, 0xff,
    0x10, 0x0, 0xff, 0xf9, 0x0, 0x0, 0xef, 0xfb, 0x0, 0x0, 0xaf, 0xfe, 0x0, 0x3,
    0xff, 0xf5, 0x0, 0x0, 0x5f, 0xff, 0x30, 0x8, 0xff, 0xf0, 0x0, 0x0, 0xf,
    0xff, 0x80, 0xd, 0xff, 0xa0, 0x0, 0x0, 0x9, 0xff, 0xc0, 0x2f, 0xff, 0x40,
    0x0, 0x0, 0x4, 0xff, 0xf1, 0x7f, 0xfe, 0x0, 0x0, 0x0, 0x0, 0xef, 0xf6, 0xbf,
    0xf9, 0x0, 0x0, 0x0, 0x0, 0x9f, 0xfc, 0xff, 0xf3, 0x0, 0x0, 0x0, 0x0, 0x3f,
    0xff, 0xff, 0xe0, 0x0, 0x0, 0x0, 0x0, 0xe, 0xff, 0xff, 0x80, 0x0, 0x0, 0x0,
    0x0, 0x8, 0xff, 0xff, 0x30, 0x0, 0x0, 0x0, 0x0, 0x3, 0xff, 0xfd, 0x0, 0x0,
    0x0,

    /* U+0057 "W" */
    0x7f, 0xff, 0x0, 0x0, 0x1f, 0xff, 0x10, 0x0, 0xf, 0xff, 0x84, 0xff, 0xf2,
    0x0, 0x5, 0xff, 0xf5, 0x0, 0x2, 0xff, 0xf4, 0xf, 0xff, 0x60, 0x0, 0x9f,
    0xff, 0x90, 0x0, 0x5f, 0xff, 0x10, 0xdf, 0xf9, 0x0, 0xc, 0xff, 0xfd, 0x0,
    0x8, 0xff, 0xd0, 0x9, 0xff, 0xc0, 0x0, 0xff, 0xff, 0xf1, 0x0, 0xbf, 0xf9,
    0x0, 0x5f, 0xff, 0x0, 0x4f, 0xff, 0xff, 0x50, 0xe, 0xff, 0x60, 0x2, 0xff,
    0xf2, 0x8, 0xff, 0xaf, 0xf8, 0x2, 0xff, 0xf2, 0x0, 0xe, 0xff, 0x50, 0xcf,
    0xf3, 0xff, 0xc0, 0x5f, 0xff, 0x0, 0x0, 0xbf, 0xf8, 0xf, 0xfd, 0xd, 0xff,
    0x8, 0xff, 0xb0, 0x0, 0x7, 0xff, 0xc3, 0xff, 0x90, 0x9f, 0xf4, 0xbf, 0xf8,
    0x0, 0x0, 0x4f, 0xff, 0x7f, 0xf5, 0x5, 0xff, 0x8e, 0xff, 0x40, 0x0, 0x0,
    0xff, 0xfd, 0xff, 0x10, 0x1f, 0xfd, 0xff, 0xf1, 0x0, 0x0, 0xc, 0xff, 0xff,
    0xd0, 0x0, 0xdf, 0xff, 0xfd, 0x0, 0x0, 0x0, 0x9f, 0xff, 0xf9, 0x0, 0x9,
    0xff, 0xff, 0x90, 0x0, 0x0, 0x5, 0xff, 0xff, 0x60, 0x0, 0x5f, 0xff, 0xf6,
    0x0, 0x0, 0x0, 0x2f, 0xff, 0xf2, 0x0, 0x1, 0xff, 0xff, 0x20, 0x0, 0x0, 0x0,
    0xef, 0xfe, 0x0, 0x0, 0xd, 0xff, 0xf0, 0x0, 0x0,

    /* U+0058 "X" */
    0x5f, 0xff, 0xb0, 0x0, 0x0, 0x6f, 0xff, 0x90, 0xbf, 0xff, 0x30, 0x0, 0xe,
    0xff, 0xe1, 0x2, 0xff, 0xfc, 0x0, 0x8, 0xff, 0xf6, 0x0, 0x9, 0xff, 0xf4,
    0x1, 0xff, 0xfc, 0x0, 0x0, 0xe, 0xff, 0xd0, 0x9f, 0xff, 0x30, 0x0, 0x0,
    0x6f, 0xff, 0x8f, 0xff, 0xa0, 0x0, 0x0, 0x0, 0xcf, 0xff, 0xff, 0xf1, 0x0,
    0x0, 0x0, 0x3, 0xff, 0xff, 0xf7, 0x0, 0x0, 0x0, 0x0, 0xc, 0xff, 0xff, 0x10,
    0x0, 0x0, 0x0, 0x4, 0xff, 0xff, 0xf8, 0x0, 0x0, 0x0, 0x0, 0xdf, 0xff, 0xff,
    0xf2, 0x0, 0x0, 0x0, 0x7f, 0xff, 0x7f, 0xff, 0xb0, 0x0, 0x0, 0x1f, 0xff,
    0xc0, 0x8f, 0xff, 0x50, 0x0, 0xa, 0xff, 0xf3, 0x0, 0xef, 0xfd, 0x0, 0x4,
    0xff, 0xfb, 0x0, 0x6, 0xff, 0xf8, 0x0, 0xdf, 0xff, 0x20, 0x0, 0xd, 0xff,
    0xf2, 0x7f, 0xff, 0x90, 0x0, 0x0, 0x5f, 0xff, 0xa0,

    /* U+0059 "Y" */
    0xbf, 0xff, 0x10, 0x0, 0x0, 0x3f, 0xff, 0x93, 0xff, 0xf9, 0x0, 0x0, 0xb,
    0xff, 0xf1, 0xa, 0xff, 0xf1, 0x0, 0x2, 0xff, 0xf8, 0x0, 0x2f, 0xff, 0x70,
    0x0, 0x9f, 0xff, 0x10, 0x0, 0xaf, 0xfe, 0x0, 0x1f, 0xff, 0x70, 0x0, 0x2,
    0xff, 0xf6, 0x8, 0xff, 0xe0, 0x0, 0x0, 0x9, 0xff, 0xd0, 0xff, 0xf7, 0x0,
    0x0, 0x0, 0x1f, 0xff, 0xbf, 0xfe, 0x0, 0x0, 0x0, 0x0, 0x8f, 0xff, 0xff,
    0x60, 0x0, 0x0, 0x0, 0x1, 0xff, 0xff, 0xe0, 0x0, 0x0, 0x0, 0x0, 0x8, 0xff,
    0xf6, 0x0, 0x0, 0x0, 0x0, 0x0, 0x5f, 0xff, 0x30, 0x0, 0x0, 0x0, 0x0, 0x5,
    0xff, 0xf3, 0x0, 0x0, 0x0, 0x0, 0x0, 0x5f, 0xff, 0x30, 0x0, 0x0, 0x0, 0x0,
    0x5, 0xff, 0xf3, 0x0, 0x0, 0x0, 0x0, 0x0, 0x5f, 0xff, 0x30, 0x0, 0x0, 0x0,
    0x0, 0x5, 0xff, 0xf3, 0x0, 0x0, 0x0,

    /* U+005A "Z" */
    0x2f, 0xff, 0xff, 0xff, 0xff, 0xff, 0xfb, 0x2f, 0xff, 0xff, 0xff, 0xff,
    0xff, 0xfb, 0x1c, 0xcc, 0xcc, 0xcc, 0xcf, 0xff, 0xf5, 0x0, 0x0, 0x0, 0x0,
    0x2f, 0xff, 0xa0, 0x0, 0x0, 0x0, 0x0, 0xdf, 0xfe, 0x0, 0x0, 0x0, 0x0, 0x8,
    0xff, 0xf4, 0x0, 0x0, 0x0, 0x0, 0x4f, 0xff, 0x90, 0x0, 0x0, 0x0, 0x0, 0xef,
    0xfd, 0x0, 0x0, 0x0, 0x0, 0xa, 0xff, 0xf3, 0x0, 0x0, 0x0, 0x0, 0x5f, 0xff,
    0x70, 0x0, 0x0, 0x0, 0x1, 0xef, 0xfc, 0x0, 0x0, 0x0, 0x0, 0xb, 0xff, 0xf2,
    0x0, 0x0, 0x0, 0x0, 0x6f, 0xff, 0x60, 0x0, 0x0, 0x0, 0x2, 0xff, 0xfb, 0x0,
    0x0, 0x0, 0x0, 0xc, 0xff, 0xfd, 0xcc, 0xcc, 0xcc, 0xca, 0x2f, 0xff, 0xff,
    0xff, 0xff, 0xff, 0xfd, 0x2f, 0xff, 0xff, 0xff, 0xff, 0xff, 0xfd,

    /* U+005B "[" */
    0x9f, 0xff, 0xf7, 0x9f, 0xff, 0xf7, 0x9f, 0xfe, 0x83, 0x9f, 0xfd, 0x0, 0x9f,
    0xfd, 0x0, 0x9f, 0xfd, 0x0, 0x9f, 0xfd, 0x0, 0x9f, 0xfd, 0x0, 0x9f, 0xfd,
    0x0, 0x9f, 0xfd, 0x0, 0x9f, 0xfd, 0x0, 0x9f, 0xfd, 0x0, 0x9f, 0xfd, 0x0,
    0x9f, 0xfd, 0x0, 0x9f, 0xfd, 0x0, 0x9f, 0xfd, 0x0, 0x9f, 0xfd, 0x0, 0x9f,
    0xfd, 0x0, 0x9f, 0xfd, 0x0, 0x9f, 0xfd, 0x0, 0x9f, 0xfd, 0x0, 0x9f, 0xfe,
    0x83, 0x9f, 0xff, 0xf7, 0x9f, 0xff, 0xf7,

    /* U+005C "\\" */
    0xd, 0xff, 0xa0, 0x0, 0x0, 0x0, 0x7, 0xff, 0xf1, 0x0, 0x0, 0x0, 0x1, 0xff,
    0xf6, 0x0, 0x0, 0x0, 0x0, 0xaf, 0xfc, 0x0, 0x0, 0x0, 0x0, 0x4f, 0xff, 0x30,
    0x0, 0x0, 0x0, 0xe, 0xff, 0x90, 0x0, 0x0, 0x0, 0x8, 0xff, 0xe0, 0x0, 0x0,
    0x0, 0x2, 0xff, 0xf5, 0x0, 0x0, 0x0, 0x0, 0xbf, 0xfb, 0x0, 0x0, 0x0, 0x0,
    0x5f, 0xff, 0x10, 0x0, 0x0, 0x0, 0xf, 0xff, 0x80, 0x0, 0x0, 0x0, 0x9, 0xff,
    0xe0, 0x0, 0x0, 0x0, 0x3, 0xff, 0xf4, 0x0, 0x0, 0x0, 0x0, 0xdf, 0xfa, 0x0,
    0x0, 0x0, 0x0, 0x6f, 0xff, 0x10, 0x0, 0x0, 0x0, 0x1f, 0xff, 0x60, 0x0, 0x0,
    0x0, 0xa, 0xff, 0xc0, 0x0, 0x0, 0x0, 0x4, 0xff, 0xf3, 0x0, 0x0, 0x0, 0x0,
    0x78, 0x83,

    /* U+005D "]" */
    0xdf, 0xff, 0xf3, 0xdf, 0xff, 0xf3, 0x7a, 0xff, 0xf3, 0x2, 0xff, 0xf3, 0x2,
    0xff, 0xf3, 0x2, 0xff, 0xf3, 0x2, 0xff, 0xf3, 0x2, 0xff, 0xf3, 0x2, 0xff,
    0xf3, 0x2, 0xff, 0xf3, 0x2, 0xff, 0xf3, 0x2, 0xff, 0xf3, 0x2, 0xff, 0xf3,
    0x2, 0xff, 0xf3, 0x2, 0xff, 0xf3, 0x2, 0xff, 0xf3, 0x2, 0xff, 0xf3, 0x2,
    0xff, 0xf3, 0x2, 0xff, 0xf3, 0x2, 0xff, 0xf3, 0x2, 0xff, 0xf3, 0x79, 0xff,
    0xf3, 0xdf, 0xff, 0xf3, 0xdf, 0xff, 0xf3,

    /* U+005E "^" */
    0x0, 0x0, 0x88, 0x40, 0x0, 0x0, 0x6, 0xff, 0xe0, 0x0, 0x0, 0xc, 0xff, 0xf5,
    0x0, 0x0, 0x3f, 0xff, 0xfb, 0x0, 0x0, 0x9f, 0xe6, 0xff, 0x20, 0x1, 0xff,
    0x80, 0xff, 0x80, 0x7, 0xff, 0x20, 0x9f, 0xe0, 0xd, 0xfc, 0x0, 0x3f, 0xf6,
    0x4f, 0xf6, 0x0, 0xd, 0xfc,

    /* U+005F "_" */
    0x99, 0x99, 0x99, 0x99, 0x99, 0x6f, 0xff, 0xff, 0xff, 0xff, 0xfa, 0xff,
    0xff, 0xff, 0xff, 0xff, 0xa0,

    /* U+0060 "`" */
    0x19, 0xaa, 0x50, 0x0, 0x5f, 0xff, 0x10, 0x0, 0x7f, 0xfa, 0x0, 0x0, 0x9f,
    0xf5,

    /* U+0061 "a" */
    0x0, 0x6, 0xcf, 0xfe, 0xb4, 0x0, 0x0, 0xc, 0xff, 0xff, 0xff, 0xf7, 0x0, 0x9,
    0xff, 0xf9, 0x7c, 0xff, 0xf2, 0x0, 0xce, 0xe7, 0x0, 0xf, 0xff, 0x70, 0x0,
    0x0, 0x0, 0x0, 0xdf, 0xf8, 0x0, 0x1, 0x8c, 0xff, 0xff, 0xff, 0x90, 0x3,
    0xff, 0xff, 0xfe, 0xff, 0xf9, 0x0, 0xdf, 0xfc, 0x20, 0xd, 0xff, 0x90, 0x2f,
    0xff, 0x30, 0x0, 0xdf, 0xf9, 0x3, 0xff, 0xf4, 0x0, 0x2f, 0xff, 0x90, 0xf,
    0xff, 0xe9, 0x9f, 0xff, 0xf9, 0x0, 0x5f, 0xff, 0xff, 0xfe, 0xff, 0xa0, 0x0,
    0x4b, 0xff, 0xc4, 0x8f, 0xfe, 0x0,

    /* U+0062 "b" */
    0xbf, 0xfb, 0x0, 0x0, 0x0, 0x0, 0xbf, 0xfb, 0x0, 0x0, 0x0, 0x0, 0xbf, 0xfb,
    0x0, 0x0, 0x0, 0x0, 0xbf, 0xfb, 0x0, 0x0, 0x0, 0x0, 0xbf, 0xfb, 0x0, 0x0,
    0x0, 0x0, 0xbf, 0xfb, 0x5c, 0xff, 0xb3, 0x0, 0xbf, 0xff, 0xff, 0xff, 0xff,
    0x40, 0xbf, 0xff, 0xfb, 0xbf, 0xff, 0xe0, 0xbf, 0xfe, 0x20, 0x6, 0xff, 0xf5,
    0xbf, 0xfb, 0x0, 0x0, 0xef, 0xf8, 0xbf, 0xfb, 0x0, 0x0, 0xbf, 0xfa, 0xbf,
    0xfb, 0x0, 0x0, 0xaf, 0xfb, 0xbf, 0xfb, 0x0, 0x0, 0xbf, 0xfa, 0xbf, 0xfb,
    0x0, 0x0, 0xdf, 0xf8, 0xbf, 0xfd, 0x0, 0x3, 0xff, 0xf5, 0xbf, 0xff, 0xd7,
    0x7e, 0xff, 0xe0, 0xbf, 0xfd, 0xff, 0xff, 0xff, 0x40, 0xbf, 0xf6, 0x5d,
    0xff, 0xb3, 0x0,

    /* U+0063 "c" */
    0x0, 0x3, 0xae, 0xfe, 0xb4, 0x0, 0x0, 0x7f, 0xff, 0xff, 0xff, 0x80, 0x3,
    0xff, 0xfd, 0xad, 0xff, 0xf4, 0xb, 0xff, 0xc0, 0x0, 0xcf, 0xfa, 0xf, 0xff,
    0x50, 0x0, 0x5e, 0xeb, 0x2f, 0xff, 0x30, 0x0, 0x0, 0x0, 0x3f, 0xff, 0x20,
    0x0, 0x0, 0x0, 0x2f, 0xff, 0x30, 0x0, 0x0, 0x0, 0xf, 0xff, 0x50, 0x0, 0x39,
    0x97, 0xb, 0xff, 0xc0, 0x0, 0xaf, 0xfb, 0x3, 0xff, 0xfd, 0xad, 0xff, 0xf5,
    0x0, 0x7f, 0xff, 0xff, 0xff, 0x80, 0x0, 0x3, 0xae, 0xfe, 0xb4, 0x0,

    /* U+0064 "d" */
    0x0, 0x0, 0x0, 0x0, 0x3f, 0xff, 0x30, 0x0, 0x0, 0x0, 0x3, 0xff, 0xf3, 0x0,
    0x0, 0x0, 0x0, 0x3f, 0xff, 0x30, 0x0, 0x0, 0x0, 0x3, 0xff, 0xf3, 0x0, 0x0,
    0x0, 0x0, 0x3f, 0xff, 0x30, 0x0, 0x7d, 0xfe, 0x94, 0xff, 0xf3, 0x0, 0xaf,
    0xff, 0xff, 0xef, 0xff, 0x30, 0x6f, 0xff, 0xea, 0xdf, 0xff, 0xf3, 0xc, 0xff,
    0xd1, 0x0, 0x9f, 0xff, 0x30, 0xff, 0xf7, 0x0, 0x3, 0xff, 0xf3, 0x2f, 0xff,
    0x30, 0x0, 0x3f, 0xff, 0x33, 0xff, 0xf2, 0x0, 0x3, 0xff, 0xf3, 0x2f, 0xff,
    0x30, 0x0, 0x3f, 0xff, 0x30, 0xff, 0xf5, 0x0, 0x3, 0xff, 0xf3, 0xc, 0xff,
    0xb0, 0x0, 0x6f, 0xff, 0x30, 0x5f, 0xff, 0xb7, 0x9f, 0xff, 0xf3, 0x0, 0xaf,
    0xff, 0xff, 0xdf, 0xff, 0x30, 0x0, 0x7d, 0xfe, 0x91, 0xef, 0xf3,

    /* U+0065 "e" */
    0x0, 0x2, 0x9e, 0xff, 0xc6, 0x0, 0x0, 0x4, 0xff, 0xff, 0xff, 0xfb, 0x0, 0x2,
    0xff, 0xfe, 0xab, 0xff, 0xf8, 0x0, 0x9f, 0xfe, 0x10, 0x6, 0xff, 0xf0, 0xe,
    0xff, 0x80, 0x0, 0xf, 0xff, 0x31, 0xff, 0xff, 0xff, 0xff, 0xff, 0xf5, 0x2f,
    0xff, 0xff, 0xff, 0xff, 0xff, 0x52, 0xff, 0xf7, 0x44, 0x44, 0x44, 0x41, 0xf,
    0xff, 0x80, 0x0, 0x0, 0x0, 0x0, 0xaf, 0xff, 0x40, 0x0, 0x4d, 0x20, 0x2,
    0xff, 0xff, 0xca, 0xdf, 0xfd, 0x0, 0x3, 0xef, 0xff, 0xff, 0xff, 0x50, 0x0,
    0x1, 0x8d, 0xff, 0xe9, 0x20, 0x0,

    /* U+0066 "f" */
    0x0, 0x0, 0x8d, 0xff, 0x80, 0x0, 0xcf, 0xff, 0xf9, 0x0, 0x7f, 0xff, 0xea,
    0x60, 0xb, 0xff, 0xd0, 0x0, 0x0, 0xcf, 0xf9, 0x0, 0xa, 0xff, 0xff, 0xff,
    0xf2, 0xaf, 0xff, 0xff, 0xff, 0x24, 0x6e, 0xff, 0xc6, 0x60, 0x0, 0xcf, 0xf9,
    0x0, 0x0, 0xc, 0xff, 0x90, 0x0, 0x0, 0xcf, 0xf9, 0x0, 0x0, 0xc, 0xff, 0x90,
    0x0, 0x0, 0xcf, 0xf9, 0x0, 0x0, 0xc, 0xff, 0x90, 0x0, 0x0, 0xcf, 0xf9, 0x0,
    0x0, 0xc, 0xff, 0x90, 0x0, 0x0, 0xcf, 0xf9, 0x0, 0x0, 0xc, 0xff, 0x90, 0x0,

    /* U+0067 "g" */
    0x0, 0x5, 0xcf, 0xfc, 0x4b, 0xff, 0x60, 0x9, 0xff, 0xff, 0xff, 0xff, 0xf6,
    0x4, 0xff, 0xfd, 0x78, 0xef, 0xff, 0x60, 0xbf, 0xfd, 0x0, 0x2, 0xff, 0xf6,
    0xf, 0xff, 0x60, 0x0, 0xf, 0xff, 0x62, 0xff, 0xf3, 0x0, 0x0, 0xff, 0xf6,
    0x2f, 0xff, 0x30, 0x0, 0xf, 0xff, 0x62, 0xff, 0xf4, 0x0, 0x0, 0xff, 0xf6,
    0xf, 0xff, 0x70, 0x0, 0xf, 0xff, 0x60, 0xbf, 0xfe, 0x20, 0x4, 0xff, 0xf6,
    0x4, 0xff, 0xff, 0xbc, 0xff, 0xff, 0x60, 0x8, 0xff, 0xff, 0xff, 0xff, 0xf6,
    0x0, 0x5, 0xcf, 0xfb, 0x2f, 0xff, 0x60, 0x0, 0x0, 0x0, 0x1, 0xff, 0xf5, 0x0,
    0x5a, 0x0, 0x0, 0x9f, 0xff, 0x10, 0x1f, 0xfe, 0x99, 0xdf, 0xff, 0x90, 0x1,
    0xcf, 0xff, 0xff, 0xff, 0xb0, 0x0, 0x0, 0x6b, 0xef, 0xeb, 0x50, 0x0,

    /* U+0068 "h" */
    0xcf, 0xf9, 0x0, 0x0, 0x0, 0x0, 0xcf, 0xf9, 0x0, 0x0, 0x0, 0x0, 0xcf, 0xf9,
    0x0, 0x0, 0x0, 0x0, 0xcf, 0xf9, 0x0, 0x0, 0x0, 0x0, 0xcf, 0xf9, 0x0, 0x0,
    0x0, 0x0, 0xcf, 0xf9, 0x3b, 0xff, 0xc5, 0x0, 0xcf, 0xfd, 0xff, 0xff, 0xff,
    0x50, 0xcf, 0xff, 0xea, 0xcf, 0xff, 0xd0, 0xcf, 0xfe, 0x10, 0x8, 0xff, 0xf1,
    0xcf, 0xf9, 0x0, 0x3, 0xff, 0xf3, 0xcf, 0xf9, 0x0, 0x3, 0xff, 0xf3, 0xcf,
    0xf9, 0x0, 0x3, 0xff, 0xf3, 0xcf, 0xf9, 0x0, 0x3, 0xff, 0xf3, 0xcf, 0xf9,
    0x0, 0x3, 0xff, 0xf3, 0xcf, 0xf9, 0x0, 0x3, 0xff, 0xf3, 0xcf, 0xf9, 0x0,
    0x3, 0xff, 0xf3, 0xcf, 0xf9, 0x0, 0x3, 0xff, 0xf3, 0xcf, 0xf9, 0x0, 0x3,
    0xff, 0xf3,

    /* U+0069 "i" */
    0x3e, 0xf8, 0xa, 0xff, 0xf0, 0x7f, 0xfd, 0x0, 0x46, 0x10, 0x0, 0x0, 0x8,
    0xff, 0xe0, 0x8f, 0xfe, 0x8, 0xff, 0xe0, 0x8f, 0xfe, 0x8, 0xff, 0xe0, 0x8f,
    0xfe, 0x8, 0xff, 0xe0, 0x8f, 0xfe, 0x8, 0xff, 0xe0, 0x8f, 0xfe, 0x8, 0xff,
    0xe0, 0x8f, 0xfe, 0x8, 0xff, 0xe0,

    /* U+006A "j" */
    0x0, 0x4, 0xef, 0x70, 0x0, 0xb, 0xff, 0xf0, 0x0, 0x8, 0xff, 0xc0, 0x0, 0x0,
    0x56, 0x10, 0x0, 0x0, 0x0, 0x0, 0x0, 0x8, 0xff, 0xe0, 0x0, 0x8, 0xff, 0xe0,
    0x0, 0x8, 0xff, 0xe0, 0x0, 0x8, 0xff, 0xe0, 0x0, 0x8, 0xff, 0xe0, 0x0, 0x8,
    0xff, 0xe0, 0x0, 0x8, 0xff, 0xe0, 0x0, 0x8, 0xff, 0xe0, 0x0, 0x8, 0xff,
    0xe0, 0x0, 0x8, 0xff, 0xe0, 0x0, 0x8, 0xff, 0xe0, 0x0, 0x8, 0xff, 0xe0, 0x0,
    0x8, 0xff, 0xe0, 0x0, 0x8, 0xff, 0xe0, 0x0, 0xb, 0xff, 0xd0, 0x2b, 0xcf,
    0xff, 0x90, 0x2f, 0xff, 0xfe, 0x10, 0x2e, 0xfe, 0xa2, 0x0,

    /* U+006B "k" */
    0xbf, 0xfb, 0x0, 0x0, 0x0, 0x0, 0xb, 0xff, 0xb0, 0x0, 0x0, 0x0, 0x0, 0xbf,
    0xfb, 0x0, 0x0, 0x0, 0x0, 0xb, 0xff, 0xb0, 0x0, 0x0, 0x0, 0x0, 0xbf, 0xfb,
    0x0, 0x0, 0x0, 0x0, 0xb, 0xff, 0xb0, 0x0, 0xcf, 0xff, 0x40, 0xbf, 0xfb, 0x0,
    0xaf, 0xff, 0x60, 0xb, 0xff, 0xb0, 0x7f, 0xff, 0x80, 0x0, 0xbf, 0xfb, 0x4f,
    0xff, 0xa0, 0x0, 0xb, 0xff, 0xdf, 0xff, 0xc0, 0x0, 0x0, 0xbf, 0xff, 0xff,
    0xf4, 0x0, 0x0, 0xb, 0xff, 0xff, 0xff, 0xc0, 0x0, 0x0, 0xbf, 0xff, 0xff,
    0xff, 0x70, 0x0, 0xb, 0xff, 0xf3, 0xaf, 0xff, 0x20, 0x0, 0xbf, 0xfb, 0x1,
    0xef, 0xfc, 0x0, 0xb, 0xff, 0xb0, 0x6, 0xff, 0xf6, 0x0, 0xbf, 0xfb, 0x0,
    0xc, 0xff, 0xf2, 0xb, 0xff, 0xb0, 0x0, 0x2f, 0xff, 0xb0,

    /* U+006C "l" */
    0x8f, 0xfe, 0x8f, 0xfe, 0x8f, 0xfe, 0x8f, 0xfe, 0x8f, 0xfe, 0x8f, 0xfe,
    0x8f, 0xfe, 0x8f, 0xfe, 0x8f, 0xfe, 0x8f, 0xfe, 0x8f, 0xfe, 0x8f, 0xfe,
    0x8f, 0xfe, 0x8f, 0xfe, 0x8f, 0xfe, 0x8f, 0xfe, 0x8f, 0xfe, 0x8f, 0xfe,

    /* U+006D "m" */
    0xbf, 0xf8, 0x3b, 0xff, 0xd5, 0x1, 0xae, 0xfe, 0x80, 0xb, 0xff, 0xdf, 0xff,
    0xff, 0xf7, 0xef, 0xff, 0xff, 0xa0, 0xbf, 0xff, 0xc7, 0x8f, 0xff, 0xff,
    0x87, 0xcf, 0xff, 0x2b, 0xff, 0xd0, 0x0, 0x7f, 0xff, 0x50, 0x1, 0xff, 0xf6,
    0xbf, 0xfb, 0x0, 0x4, 0xff, 0xf1, 0x0, 0xe, 0xff, 0x7b, 0xff, 0xb0, 0x0,
    0x4f, 0xff, 0x10, 0x0, 0xef, 0xf7, 0xbf, 0xfb, 0x0, 0x4, 0xff, 0xf1, 0x0,
    0xe, 0xff, 0x7b, 0xff, 0xb0, 0x0, 0x4f, 0xff, 0x10, 0x0, 0xef, 0xf7, 0xbf,
    0xfb, 0x0, 0x4, 0xff, 0xf1, 0x0, 0xe, 0xff, 0x7b, 0xff, 0xb0, 0x0, 0x4f,
    0xff, 0x10, 0x0, 0xef, 0xf7, 0xbf, 0xfb, 0x0, 0x4, 0xff, 0xf1, 0x0, 0xe,
    0xff, 0x7b, 0xff, 0xb0, 0x0, 0x4f, 0xff, 0x10, 0x0, 0xef, 0xf7, 0xbf, 0xfb,
    0x0, 0x4, 0xff, 0xf1, 0x0, 0xe, 0xff, 0x70,

    /* U+006E "n" */
    0xcf, 0xf7, 0x3b, 0xff, 0xd6, 0x0, 0xcf, 0xfc, 0xff, 0xff, 0xff, 0x60, 0xcf,
    0xff, 0xc7, 0x8e, 0xff, 0xe0, 0xcf, 0xfc, 0x0, 0x6, 0xff, 0xf1, 0xcf, 0xfa,
    0x0, 0x3, 0xff, 0xf3, 0xcf, 0xfa, 0x0, 0x3, 0xff, 0xf3, 0xcf, 0xfa, 0x0,
    0x3, 0xff, 0xf3, 0xcf, 0xfa, 0x0, 0x3, 0xff, 0xf3, 0xcf, 0xfa, 0x0, 0x3,
    0xff, 0xf3, 0xcf, 0xfa, 0x0, 0x3, 0xff, 0xf3, 0xcf, 0xfa, 0x0, 0x3, 0xff,
    0xf3, 0xcf, 0xfa, 0x0, 0x3, 0xff, 0xf3, 0xcf, 0xfa, 0x0, 0x3, 0xff, 0xf3,

    /* U+006F "o" */
    0x0, 0x2, 0x9e, 0xff, 0xc6, 0x0, 0x0, 0x5, 0xff, 0xff, 0xff, 0xfc, 0x10,
    0x2, 0xff, 0xfe, 0xac, 0xff, 0xfb, 0x0, 0xaf, 0xfe, 0x10, 0x7, 0xff, 0xf3,
    0xf, 0xff, 0x70, 0x0, 0xe, 0xff, 0x82, 0xff, 0xf3, 0x0, 0x0, 0xaf, 0xfb,
    0x3f, 0xff, 0x20, 0x0, 0x9, 0xff, 0xc2, 0xff, 0xf3, 0x0, 0x0, 0xaf, 0xfb,
    0xf, 0xff, 0x60, 0x0, 0xd, 0xff, 0x80, 0xaf, 0xfd, 0x10, 0x6, 0xff, 0xf3,
    0x2, 0xff, 0xfe, 0xac, 0xff, 0xfb, 0x0, 0x5, 0xff, 0xff, 0xff, 0xfc, 0x10,
    0x0, 0x2, 0x9e, 0xff, 0xc7, 0x0, 0x0,

    /* U+0070 "p" */
    0xbf, 0xf7, 0x5d, 0xff, 0xb3, 0x0, 0xbf, 0xfe, 0xff, 0xff, 0xff, 0x40, 0xbf,
    0xff, 0xc7, 0x8f, 0xff, 0xe0, 0xbf, 0xfd, 0x0, 0x4, 0xff, 0xf5, 0xbf, 0xfb,
    0x0, 0x0, 0xdf, 0xf8, 0xbf, 0xfb, 0x0, 0x0, 0xbf, 0xfa, 0xbf, 0xfb, 0x0,
    0x0, 0xaf, 0xfb, 0xbf, 0xfb, 0x0, 0x0, 0xbf, 0xfa, 0xbf, 0xfb, 0x0, 0x0,
    0xef, 0xf8, 0xbf, 0xfe, 0x10, 0x6, 0xff, 0xf4, 0xbf, 0xff, 0xfb, 0xcf, 0xff,
    0xd0, 0xbf, 0xff, 0xff, 0xff, 0xff, 0x30, 0xbf, 0xfb, 0x5c, 0xff, 0xa2, 0x0,
    0xbf, 0xfb, 0x0, 0x0, 0x0, 0x0, 0xbf, 0xfb, 0x0, 0x0, 0x0, 0x0, 0xbf, 0xfb,
    0x0, 0x0, 0x0, 0x0, 0xbf, 0xfb, 0x0, 0x0, 0x0, 0x0, 0xbf, 0xfb, 0x0, 0x0,
    0x0, 0x0,

    /* U+0071 "q" */
    0x0, 0x7, 0xdf, 0xea, 0x1d, 0xff, 0x30, 0xb, 0xff, 0xff, 0xfe, 0xff, 0xf3,
    0x6, 0xff, 0xfb, 0x69, 0xff, 0xff, 0x30, 0xcf, 0xfc, 0x0, 0x5, 0xff, 0xf3,
    0xf, 0xff, 0x50, 0x0, 0x3f, 0xff, 0x32, 0xff, 0xf3, 0x0, 0x3, 0xff, 0xf3,
    0x3f, 0xff, 0x20, 0x0, 0x3f, 0xff, 0x32, 0xff, 0xf3, 0x0, 0x3, 0xff, 0xf3,
    0xf, 0xff, 0x60, 0x0, 0x3f, 0xff, 0x30, 0xcf, 0xfd, 0x10, 0x8, 0xff, 0xf3,
    0x5, 0xff, 0xfe, 0xad, 0xff, 0xff, 0x30, 0xa, 0xff, 0xff, 0xff, 0xff, 0xf3,
    0x0, 0x6, 0xdf, 0xe9, 0x4f, 0xff, 0x30, 0x0, 0x0, 0x0, 0x3, 0xff, 0xf3, 0x0,
    0x0, 0x0, 0x0, 0x3f, 0xff, 0x30, 0x0, 0x0, 0x0, 0x3, 0xff, 0xf3, 0x0, 0x0,
    0x0, 0x0, 0x3f, 0xff, 0x30, 0x0, 0x0, 0x0, 0x3, 0xff, 0xf3,

    /* U+0072 "r" */
    0x0, 0x0, 0x0, 0x0, 0xbf, 0xf8, 0x4d, 0xf8, 0xbf, 0xfc, 0xff, 0xf7, 0xbf,
    0xff, 0xff, 0xf7, 0xbf, 0xff, 0x70, 0x0, 0xbf, 0xfc, 0x0, 0x0, 0xbf, 0xfb,
    0x0, 0x0, 0xbf, 0xfb, 0x0, 0x0, 0xbf, 0xfb, 0x0, 0x0, 0xbf, 0xfb, 0x0, 0x0,
    0xbf, 0xfb, 0x0, 0x0, 0xbf, 0xfb, 0x0, 0x0, 0xbf, 0xfb, 0x0, 0x0, 0xbf,
    0xfb, 0x0, 0x0,

    /* U+0073 "s" */
    0x0, 0x18, 0xdf, 0xfe, 0xa3, 0x0, 0x1, 0xdf, 0xff, 0xff, 0xff, 0x60, 0xa,
    0xff, 0xe7, 0x6c, 0xff, 0xf1, 0xe, 0xff, 0x50, 0x1, 0xff, 0xf5, 0xd, 0xff,
    0xa0, 0x0, 0x0, 0x0, 0x7, 0xff, 0xff, 0xc8, 0x30, 0x0, 0x0, 0x6e, 0xff,
    0xff, 0xfc, 0x20, 0x0, 0x0, 0x59, 0xdf, 0xff, 0xe1, 0x13, 0x33, 0x0, 0x4,
    0xff, 0xf6, 0x4f, 0xff, 0x10, 0x0, 0xef, 0xf6, 0xd, 0xff, 0xd7, 0x6b, 0xff,
    0xf2, 0x3, 0xef, 0xff, 0xff, 0xff, 0x70, 0x0, 0x18, 0xdf, 0xfe, 0xa3, 0x0,

    /* U+0074 "t" */
    0x0, 0xff, 0xf5, 0x0, 0x0, 0xff, 0xf5, 0x0, 0x0, 0xff, 0xf5, 0x0, 0xdf,
    0xff, 0xff, 0xf8, 0xdf, 0xff, 0xff, 0xf8, 0x56, 0xff, 0xfa, 0x63, 0x0, 0xff,
    0xf5, 0x0, 0x0, 0xff, 0xf5, 0x0, 0x0, 0xff, 0xf5, 0x0, 0x0, 0xff, 0xf5, 0x0,
    0x0, 0xff, 0xf5, 0x0, 0x0, 0xff, 0xf5, 0x0, 0x0, 0xff, 0xf6, 0x0, 0x0, 0xef,
    0xff, 0xb8, 0x0, 0x8f, 0xff, 0xfa, 0x0, 0x8, 0xef, 0xf8,

    /* U+0075 "u" */
    0xcf, 0xf9, 0x0, 0x3, 0xff, 0xf3, 0xcf, 0xf9, 0x0, 0x3, 0xff, 0xf3, 0xcf,
    0xf9, 0x0, 0x3, 0xff, 0xf3, 0xcf, 0xf9, 0x0, 0x3, 0xff, 0xf3, 0xcf, 0xf9,
    0x0, 0x3, 0xff, 0xf3, 0xcf, 0xf9, 0x0, 0x3, 0xff, 0xf3, 0xcf, 0xf9, 0x0,
    0x3, 0xff, 0xf3, 0xcf, 0xf9, 0x0, 0x3, 0xff, 0xf3, 0xcf, 0xf9, 0x0, 0x3,
    0xff, 0xf3, 0xaf, 0xfc, 0x0, 0x6, 0xff, 0xf3, 0x6f, 0xff, 0xa7, 0x9f, 0xff,
    0xf3, 0xd, 0xff, 0xff, 0xfe, 0xff, 0xf3, 0x1, 0xae, 0xfe, 0x91, 0xff, 0xf3,

    /* U+0076 "v" */
    0xaf, 0xfd, 0x0, 0x0, 0xbf, 0xfc, 0x5f, 0xff, 0x10, 0x0, 0xff, 0xf7, 0xf,
    0xff, 0x50, 0x3, 0xff, 0xf2, 0xb, 0xff, 0xa0, 0x8, 0xff, 0xd0, 0x5, 0xff,
    0xe0, 0xc, 0xff, 0x70, 0x0, 0xff, 0xf2, 0xf, 0xff, 0x20, 0x0, 0xbf, 0xf7,
    0x4f, 0xfd, 0x0, 0x0, 0x6f, 0xfb, 0x9f, 0xf8, 0x0, 0x0, 0x1f, 0xff, 0xdf,
    0xf2, 0x0, 0x0, 0xb, 0xff, 0xff, 0xd0, 0x0, 0x0, 0x6, 0xff, 0xff, 0x80, 0x0,
    0x0, 0x1, 0xff, 0xff, 0x20, 0x0, 0x0, 0x0, 0xbf, 0xfd, 0x0, 0x0,

    /* U+0077 "w" */
    0x8f, 0xfb, 0x0, 0x8, 0xff, 0x20, 0x2, 0xff, 0xf1, 0x4f, 0xfe, 0x0, 0xd,
    0xff, 0x60, 0x5, 0xff, 0xd0, 0xf, 0xff, 0x10, 0x1f, 0xff, 0xb0, 0x8, 0xff,
    0x90, 0xc, 0xff, 0x40, 0x6f, 0xff, 0xf0, 0xb, 0xff, 0x60, 0x8, 0xff, 0x70,
    0xaf, 0xff, 0xf4, 0xe, 0xff, 0x20, 0x4, 0xff, 0xa0, 0xef, 0x8f, 0xf8, 0x1f,
    0xfe, 0x0, 0x1, 0xff, 0xd3, 0xff, 0x4a, 0xfc, 0x4f, 0xfa, 0x0, 0x0, 0xdf,
    0xf8, 0xff, 0x6, 0xff, 0x9f, 0xf6, 0x0, 0x0, 0x9f, 0xff, 0xfa, 0x1, 0xff,
    0xff, 0xf2, 0x0, 0x0, 0x5f, 0xff, 0xf6, 0x0, 0xdf, 0xff, 0xe0, 0x0, 0x0,
    0x1f, 0xff, 0xf1, 0x0, 0x8f, 0xff, 0xa0, 0x0, 0x0, 0xd, 0xff, 0xd0, 0x0,
    0x3f, 0xff, 0x60, 0x0, 0x0, 0x9, 0xff, 0x80, 0x0, 0xf, 0xff, 0x20, 0x0,

    /* U+0078 "x" */
    0x4f, 0xff, 0x40, 0x1, 0xef, 0xf9, 0x0, 0xbf, 0xfd, 0x0, 0x8f, 0xff, 0x10,
    0x2, 0xff, 0xf5, 0x1f, 0xff, 0x70, 0x0, 0x9, 0xff, 0xda, 0xff, 0xe0, 0x0,
    0x0, 0x1f, 0xff, 0xff, 0xf5, 0x0, 0x0, 0x0, 0x7f, 0xff, 0xfc, 0x0, 0x0, 0x0,
    0x2, 0xff, 0xff, 0x70, 0x0, 0x0, 0x0, 0xaf, 0xff, 0xfe, 0x0, 0x0, 0x0, 0x3f,
    0xff, 0xff, 0xf8, 0x0, 0x0, 0xc, 0xff, 0xc7, 0xff, 0xf1, 0x0, 0x5, 0xff,
    0xf3, 0xe, 0xff, 0xa0, 0x0, 0xdf, 0xfb, 0x0, 0x6f, 0xff, 0x30, 0x7f, 0xff,
    0x20, 0x0, 0xdf, 0xfc, 0x0,

    /* U+0079 "y" */
    0xcf, 0xfd, 0x0, 0x0, 0xbf, 0xfe, 0x6, 0xff, 0xf1, 0x0, 0xf, 0xff, 0x80,
    0x1f, 0xff, 0x60, 0x4, 0xff, 0xf3, 0x0, 0xbf, 0xfb, 0x0, 0x9f, 0xfd, 0x0,
    0x6, 0xff, 0xf0, 0xe, 0xff, 0x80, 0x0, 0x1f, 0xff, 0x43, 0xff, 0xf2, 0x0,
    0x0, 0xbf, 0xf9, 0x7f, 0xfd, 0x0, 0x0, 0x5, 0xff, 0xec, 0xff, 0x70, 0x0,
    0x0, 0xf, 0xff, 0xff, 0xf2, 0x0, 0x0, 0x0, 0xaf, 0xff, 0xfc, 0x0, 0x0, 0x0,
    0x5, 0xff, 0xff, 0x60, 0x0, 0x0, 0x0, 0xf, 0xff, 0xf1, 0x0, 0x0, 0x0, 0x0,
    0xaf, 0xfb, 0x0, 0x0, 0x0, 0x0, 0xb, 0xff, 0x60, 0x0, 0x0, 0x0, 0x3, 0xff,
    0xf1, 0x0, 0x0, 0x0, 0x6c, 0xff, 0xfa, 0x0, 0x0, 0x0, 0x9, 0xff, 0xfe, 0x20,
    0x0, 0x0, 0x0, 0x8f, 0xfb, 0x20, 0x0, 0x0, 0x0,

    /* U+007A "z" */
    0xf, 0xff, 0xff, 0xff, 0xff, 0xf3, 0xf, 0xff, 0xff, 0xff, 0xff, 0xf3, 0x9,
    0xaa, 0xaa, 0xbf, 0xff, 0xc0, 0x0, 0x0, 0x0, 0xaf, 0xff, 0x20, 0x0, 0x0,
    0x6, 0xff, 0xf5, 0x0, 0x0, 0x0, 0x2f, 0xff, 0x90, 0x0, 0x0, 0x0, 0xcf, 0xfd,
    0x0, 0x0, 0x0, 0x9, 0xff, 0xf2, 0x0, 0x0, 0x0, 0x4f, 0xff, 0x60, 0x0, 0x0,
    0x1, 0xef, 0xfb, 0x0, 0x0, 0x0, 0xc, 0xff, 0xfb, 0xaa, 0xaa, 0xa4, 0x2f,
    0xff, 0xff, 0xff, 0xff, 0xf6, 0x2f, 0xff, 0xff, 0xff, 0xff, 0xf6,

    /* U+007B "{" */
    0x0, 0x0, 0x6, 0xc0, 0x0, 0x0, 0xcf, 0xf5, 0x0, 0x9, 0xff, 0x90, 0x0, 0x1f,
    0xff, 0x0, 0x0, 0x4f, 0xfc, 0x0, 0x0, 0x5f, 0xfa, 0x0, 0x0, 0x5f, 0xfa, 0x0,
    0x0, 0x5f, 0xfa, 0x0, 0x0, 0x6f, 0xfa, 0x0, 0x0, 0xbf, 0xf6, 0x0, 0x4c,
    0xff, 0xd0, 0x0, 0x8f, 0xfe, 0x10, 0x0, 0x5e, 0xff, 0xb0, 0x0, 0x0, 0xcf,
    0xf5, 0x0, 0x0, 0x6f, 0xf9, 0x0, 0x0, 0x5f, 0xfa, 0x0, 0x0, 0x5f, 0xfa, 0x0,
    0x0, 0x5f, 0xfa, 0x0, 0x0, 0x4f, 0xfb, 0x0, 0x0, 0x1f, 0xfe, 0x0, 0x0, 0xa,
    0xff, 0x80, 0x0, 0x1, 0xdf, 0xf5, 0x0, 0x0, 0x8, 0xe1, 0x0, 0x0, 0x0, 0x0,

    /* U+007C "|" */
    0xff, 0x1f, 0xf1, 0xff, 0x1f, 0xf1, 0xff, 0x1f, 0xf1, 0xff, 0x1f, 0xf1,
    0xff, 0x1f, 0xf1, 0xff, 0x1f, 0xf1, 0xff, 0x1f, 0xf1, 0xff, 0x1f, 0xf1,
    0xff, 0x1f, 0xf1, 0xff, 0x1f, 0xf1, 0x55, 0x0,

    /* U+007D "}" */
    0x1c, 0x60, 0x0, 0x0, 0x7f, 0xfb, 0x0, 0x0, 0xa, 0xff, 0x80, 0x0, 0x1, 0xff,
    0xf0, 0x0, 0x0, 0xdf, 0xf2, 0x0, 0x0, 0xcf, 0xf4, 0x0, 0x0, 0xcf, 0xf4, 0x0,
    0x0, 0xcf, 0xf4, 0x0, 0x0, 0xbf, 0xf5, 0x0, 0x0, 0x7f, 0xfa, 0x0, 0x0, 0x1d,
    0xff, 0xc3, 0x0, 0x2, 0xef, 0xf7, 0x0, 0xc, 0xff, 0xe4, 0x0, 0x6f, 0xfc,
    0x0, 0x0, 0xbf, 0xf5, 0x0, 0x0, 0xcf, 0xf4, 0x0, 0x0, 0xcf, 0xf4, 0x0, 0x0,
    0xcf, 0xf4, 0x0, 0x0, 0xdf, 0xf3, 0x0, 0x0, 0xff, 0xf0, 0x0, 0x8, 0xff,
    0xa0, 0x0, 0x6f, 0xfd, 0x10, 0x0, 0x2f, 0x91, 0x0, 0x0, 0x0, 0x0, 0x0, 0x0,

    /* U+007E "~" */
    0x1, 0xaf, 0xfc, 0x40, 0x0, 0x2a, 0xa2, 0xd, 0xff, 0xff, 0xf8, 0x0, 0x8f,
    0xf2, 0x6f, 0xfe, 0xbf, 0xff, 0xdc, 0xff, 0xe0, 0xaf, 0xf1, 0x2, 0xdf, 0xff,
    0xff, 0x50, 0x79, 0x70, 0x0, 0x8, 0xef, 0xd5, 0x0,

    /* U+00B0 "°" */
    0x0, 0x7b, 0x92, 0x0, 0xbf, 0xff, 0xe2, 0x4f, 0xa0, 0x5f, 0x97, 0xf3, 0x0,
    0xec, 0x6f, 0x60, 0x2f, 0xb0, 0xef, 0xbe, 0xf4, 0x2, 0xbf, 0xd5, 0x0,

    /* U+0401 "Ё" */
    0x0, 0x9f, 0xb0, 0x0, 0xcf, 0x70, 0x0, 0xff, 0xf2, 0x4, 0xff, 0xe0, 0x0,
    0x8e, 0xa0, 0x0, 0xbe, 0x60, 0x0, 0x0, 0x0, 0x0, 0x0, 0x0, 0x7f, 0xff, 0xff,
    0xff, 0xff, 0xff, 0x7f, 0xff, 0xff, 0xff, 0xff, 0xff, 0x7f, 0xff, 0xcc,
    0xcc, 0xcc, 0xcc, 0x7f, 0xff, 0x0, 0x0, 0x0, 0x0, 0x7f, 0xff, 0x0, 0x0, 0x0,
    0x0, 0x7f, 0xff, 0x0, 0x0, 0x0, 0x0, 0x7f, 0xff, 0x0, 0x0, 0x0, 0x0, 0x7f,
    0xff, 0xff, 0xff, 0xff, 0xc0, 0x7f, 0xff, 0xff, 0xff, 0xff, 0xc0, 0x7f,
    0xff, 0xbb, 0xbb, 0xbb, 0x80, 0x7f, 0xff, 0x0, 0x0, 0x0, 0x0, 0x7f, 0xff,
    0x0, 0x0, 0x0, 0x0, 0x7f, 0xff, 0x0, 0x0, 0x0, 0x0, 0x7f, 0xff, 0x0, 0x0,
    0x0, 0x0, 0x7f, 0xff, 0xcc, 0xcc, 0xcc, 0xcb, 0x7f, 0xff, 0xff, 0xff, 0xff,
    0xff, 0x7f, 0xff, 0xff, 0xff, 0xff, 0xff,

    /* U+0410 "А" */
    0x0, 0x0, 0x0, 0xcf, 0xfd, 0x0, 0x0, 0x0, 0x0, 0x0, 0x0, 0x2f, 0xff, 0xf4,
    0x0, 0x0, 0x0, 0x0, 0x0, 0x8, 0xff, 0xff, 0xa0, 0x0, 0x0, 0x0, 0x0, 0x0,
    0xef, 0xff, 0xff, 0x0, 0x0, 0x0, 0x0, 0x0, 0x4f, 0xfe, 0xdf, 0xf6, 0x0, 0x0,
    0x0, 0x0, 0xa, 0xff, 0x97, 0xff, 0xc0, 0x0, 0x0, 0x0, 0x0, 0xff, 0xf4, 0x2f,
    0xff, 0x20, 0x0, 0x0, 0x0, 0x6f, 0xfe, 0x0, 0xdf, 0xf8, 0x0, 0x0, 0x0, 0xc,
    0xff, 0xa0, 0x7, 0xff, 0xd0, 0x0, 0x0, 0x2, 0xff, 0xf4, 0x0, 0x2f, 0xff,
    0x40, 0x0, 0x0, 0x8f, 0xff, 0xcc, 0xcc, 0xff, 0xfa, 0x0, 0x0, 0xd, 0xff,
    0xff, 0xff, 0xff, 0xff, 0xf0, 0x0, 0x4, 0xff, 0xff, 0xff, 0xff, 0xff, 0xff,
    0x60, 0x0, 0x9f, 0xff, 0x0, 0x0, 0x0, 0xdf, 0xfc, 0x0, 0xf, 0xff, 0xa0, 0x0,
    0x0, 0x8, 0xff, 0xf2, 0x5, 0xff, 0xf5, 0x0, 0x0, 0x0, 0x2f, 0xff, 0x80,
    0xbf, 0xff, 0x0, 0x0, 0x0, 0x0, 0xdf, 0xfd, 0x0,

    /* U+0411 "Б" */
    0x8f, 0xff, 0xff, 0xff, 0xff, 0xfb, 0x0, 0x8f, 0xff, 0xff, 0xff, 0xff, 0xfb,
    0x0, 0x8f, 0xff, 0xcc, 0xcc, 0xcc, 0xc8, 0x0, 0x8f, 0xff, 0x0, 0x0, 0x0,
    0x0, 0x0, 0x8f, 0xff, 0x0, 0x0, 0x0, 0x0, 0x0, 0x8f, 0xff, 0x0, 0x0, 0x0,
    0x0, 0x0, 0x8f, 0xff, 0xff, 0xff, 0xd9, 0x30, 0x0, 0x8f, 0xff, 0xff, 0xff,
    0xff, 0xf8, 0x0, 0x8f, 0xff, 0xcc, 0xcd, 0xff, 0xff, 0x60, 0x8f, 0xff, 0x0,
    0x0, 0x2e, 0xff, 0xe0, 0x8f, 0xff, 0x0, 0x0, 0x6, 0xff, 0xf3, 0x8f, 0xff,
    0x0, 0x0, 0x4, 0xff, 0xf4, 0x8f, 0xff, 0x0, 0x0, 0x7, 0xff, 0xf2, 0x8f,
    0xff, 0x0, 0x0, 0x3e, 0xff, 0xe0, 0x8f, 0xff, 0xcc, 0xcd, 0xff, 0xff, 0x50,
    0x8f, 0xff, 0xff, 0xff, 0xff, 0xf7, 0x0, 0x8f, 0xff, 0xff, 0xff, 0xd9, 0x20,
    0x0,

    /* U+0412 "В" */
    0x7f, 0xff, 0xff, 0xff, 0xd9, 0x30, 0x0, 0x7f, 0xff, 0xff, 0xff, 0xff, 0xf8,
    0x0, 0x7f, 0xff, 0xcc, 0xcd, 0xff, 0xff, 0x40, 0x7f, 0xff, 0x0, 0x0, 0x3f,
    0xff, 0xa0, 0x7f, 0xff, 0x0, 0x0, 0xb, 0xff, 0xd0, 0x7f, 0xff, 0x0, 0x0,
    0xc, 0xff, 0xc0, 0x7f, 0xff, 0x0, 0x1, 0x8f, 0xff, 0x60, 0x7f, 0xff, 0xff,
    0xff, 0xff, 0xfb, 0x0, 0x7f, 0xff, 0xff, 0xff, 0xff, 0xd2, 0x0, 0x7f, 0xff,
    0x88, 0x87, 0xbf, 0xff, 0x40, 0x7f, 0xff, 0x0, 0x0, 0x9, 0xff, 0xe0, 0x7f,
    0xff, 0x0, 0x0, 0x5, 0xff, 0xf2, 0x7f, 0xff, 0x0, 0x0, 0x5, 0xff, 0xf3,
    0x7f, 0xff, 0x0, 0x0, 0x1d, 0xff, 0xf0, 0x7f, 0xff, 0xcc, 0xcc, 0xff, 0xff,
    0xa0, 0x7f, 0xff, 0xff, 0xff, 0xff, 0xfc, 0x10, 0x7f, 0xff, 0xff, 0xff,
    0xeb, 0x60, 0x0,

    /* U+0413 "Г" */
    0x7f, 0xff, 0xff, 0xff, 0xff, 0xfb, 0x7f, 0xff, 0xff, 0xff, 0xff, 0xfb,
    0x7f, 0xff, 0xcc, 0xcc, 0xcc, 0xc9, 0x7f, 0xff, 0x0, 0x0, 0x0, 0x0, 0x7f,
    0xff, 0x0, 0x0, 0x0, 0x0, 0x7f, 0xff, 0x0, 0x0, 0x0, 0x0, 0x7f, 0xff, 0x0,
    0x0, 0x0, 0x0, 0x7f, 0xff, 0x0, 0x0, 0x0, 0x0, 0x7f, 0xff, 0x0, 0x0, 0x0,
    0x0, 0x7f, 0xff, 0x0, 0x0, 0x0, 0x0, 0x7f, 0xff, 0x0, 0x0, 0x0, 0x0, 0x7f,
    0xff, 0x0, 0x0, 0x0, 0x0, 0x7f, 0xff, 0x0, 0x0, 0x0, 0x0, 0x7f, 0xff, 0x0,
    0x0, 0x0, 0x0, 0x7f, 0xff, 0x0, 0x0, 0x0, 0x0, 0x7f, 0xff, 0x0, 0x0, 0x0,
    0x0, 0x7f, 0xff, 0x0, 0x0, 0x0, 0x0,

    /* U+0414 "Д" */
    0x0, 0x0, 0x8f, 0xff, 0xff, 0xff, 0xff, 0xfa, 0x0, 0x0, 0x0, 0x9f, 0xff,
    0xff, 0xff, 0xff, 0xfa, 0x0, 0x0, 0x0, 0xaf, 0xff, 0xcc, 0xcc, 0xff, 0xfa,
    0x0, 0x0, 0x0, 0xcf, 0xfc, 0x0, 0x0, 0xef, 0xfa, 0x0, 0x0, 0x0, 0xdf, 0xfb,
    0x0, 0x0, 0xef, 0xfa, 0x0, 0x0, 0x0, 0xef, 0xfa, 0x0, 0x0, 0xef, 0xfa, 0x0,
    0x0, 0x0, 0xff, 0xf8, 0x0, 0x0, 0xef, 0xfa, 0x0, 0x0, 0x0, 0xff, 0xf7, 0x0,
    0x0, 0xef, 0xfa, 0x0, 0x0, 0x2, 0xff, 0xf6, 0x0, 0x0, 0xef, 0xfa, 0x0, 0x0,
    0x4, 0xff, 0xf4, 0x0, 0x0, 0xef, 0xfa, 0x0, 0x0, 0x7, 0xff, 0xf1, 0x0, 0x0,
    0xef, 0xfa, 0x0, 0x0, 0xc, 0xff, 0xc0, 0x0, 0x0, 0xef, 0xfa, 0x0, 0x0, 0x2f,
    0xff, 0x70, 0x0, 0x0, 0xef, 0xfa, 0x0, 0x0, 0xbf, 0xfe, 0x0, 0x0, 0x0, 0xef,
    0xfa, 0x0, 0x8d, 0xff, 0xfe, 0xcc, 0xcc, 0xcc, 0xff, 0xfe, 0xc7, 0xaf, 0xff,
    0xff, 0xff, 0xff, 0xff, 0xff, 0xff, 0xf8, 0xaf, 0xff, 0xff, 0xff, 0xff,
    0xff, 0xff, 0xff, 0xf7, 0x9f, 0xfd, 0x0, 0x0, 0x0, 0x0, 0x0, 0xff, 0xf7,
    0x9f, 0xfd, 0x0, 0x0, 0x0, 0x0, 0x0, 0xff, 0xf6, 0x8f, 0xfd, 0x0, 0x0, 0x0,
    0x0, 0x0, 0xff, 0xf5, 0x8f, 0xfd, 0x0, 0x0, 0x0, 0x0, 0x0, 0xff, 0xf4,

    /* U+0415 "Е" */
    0x7f, 0xff, 0xff, 0xff, 0xff, 0xff, 0x7f, 0xff, 0xff, 0xff, 0xff, 0xff,
    0x7f, 0xff, 0xcc, 0xcc, 0xcc, 0xcc, 0x7f, 0xff, 0x0, 0x0, 0x0, 0x0, 0x7f,
    0xff, 0x0, 0x0, 0x0, 0x0, 0x7f, 0xff, 0x0, 0x0, 0x0, 0x0, 0x7f, 0xff, 0x0,
    0x0, 0x0, 0x0, 0x7f, 0xff, 0xff, 0xff, 0xff, 0xc0, 0x7f, 0xff, 0xff, 0xff,
    0xff, 0xc0, 0x7f, 0xff, 0xbb, 0xbb, 0xbb, 0x80, 0x7f, 0xff, 0x0, 0x0, 0x0,
    0x0, 0x7f, 0xff, 0x0, 0x0, 0x0, 0x0, 0x7f, 0xff, 0x0, 0x0, 0x0, 0x0, 0x7f,
    0xff, 0x0, 0x0, 0x0, 0x0, 0x7f, 0xff, 0xcc, 0xcc, 0xcc, 0xcb, 0x7f, 0xff,
    0xff, 0xff, 0xff, 0xff, 0x7f, 0xff, 0xff, 0xff, 0xff, 0xff,

    /* U+0416 "Ж" */
    0x3f, 0xff, 0xf1, 0x0, 0x0, 0x9f, 0xfe, 0x0, 0x0, 0xe, 0xff, 0xf6, 0x9,
    0xff, 0xfa, 0x0, 0x0, 0x9f, 0xfe, 0x0, 0x0, 0x7f, 0xff, 0xc0, 0x0, 0xef,
    0xff, 0x30, 0x0, 0x9f, 0xfe, 0x0, 0x1, 0xff, 0xff, 0x20, 0x0, 0x4f, 0xff,
    0xc0, 0x0, 0x9f, 0xfe, 0x0, 0x8, 0xff, 0xf7, 0x0, 0x0, 0x9, 0xff, 0xf5, 0x0,
    0x9f, 0xfe, 0x0, 0x1f, 0xff, 0xd0, 0x0, 0x0, 0x1, 0xef, 0xfd, 0x0, 0x9f,
    0xfe, 0x0, 0xaf, 0xff, 0x30, 0x0, 0x0, 0x0, 0x5f, 0xff, 0x72, 0xaf, 0xfe,
    0x24, 0xff, 0xf8, 0x0, 0x0, 0x0, 0x0, 0xb, 0xff, 0xff, 0xff, 0xff, 0xff,
    0xff, 0xe0, 0x0, 0x0, 0x0, 0x0, 0xd, 0xff, 0xff, 0xff, 0xff, 0xff, 0xff,
    0xf2, 0x0, 0x0, 0x0, 0x0, 0x6f, 0xff, 0xff, 0xff, 0xff, 0xff, 0xff, 0xfb,
    0x0, 0x0, 0x0, 0x1, 0xef, 0xff, 0x10, 0x9f, 0xfe, 0x0, 0xcf, 0xff, 0x40,
    0x0, 0x0, 0x9, 0xff, 0xf8, 0x0, 0x9f, 0xfe, 0x0, 0x4f, 0xff, 0xd0, 0x0, 0x0,
    0x3f, 0xff, 0xe0, 0x0, 0x9f, 0xfe, 0x0, 0xc, 0xff, 0xf6, 0x0, 0x0, 0xcf,
    0xff, 0x70, 0x0, 0x9f, 0xfe, 0x0, 0x3, 0xff, 0xfe, 0x0, 0x5, 0xff, 0xfe,
    0x0, 0x0, 0x9f, 0xfe, 0x0, 0x0, 0xbf, 0xff, 0x80, 0xe, 0xff, 0xf6, 0x0, 0x0,
    0x9f, 0xfe, 0x0, 0x0, 0x3f, 0xff, 0xf2, 0x8f, 0xff, 0xd0, 0x0, 0x0, 0x9f,
    0xfe, 0x0, 0x0, 0xa, 0xff, 0xfb,

    /* U+0417 "З" */
    0x0, 0x3, 0x9d, 0xff, 0xec, 0x81, 0x0, 0x0, 0x8f, 0xff, 0xff, 0xff, 0xff,
    0x40, 0x6, 0xff, 0xff, 0xdc, 0xef, 0xff, 0xf1, 0xd, 0xff, 0xd2, 0x0, 0x7,
    0xff, 0xf6, 0x5, 0x66, 0x30, 0x0, 0x1, 0xff, 0xf7, 0x0, 0x0, 0x0, 0x0, 0x7,
    0xff, 0xf3, 0x0, 0x0, 0x9, 0xcc, 0xef, 0xff, 0x70, 0x0, 0x0, 0xc, 0xff,
    0xff, 0xf6, 0x0, 0x0, 0x0, 0xb, 0xff, 0xff, 0xff, 0x60, 0x0, 0x0, 0x0, 0x0,
    0x2a, 0xff, 0xf3, 0x0, 0x0, 0x0, 0x0, 0x0, 0xff, 0xf9, 0x2, 0x22, 0x0, 0x0,
    0x0, 0xcf, 0xfc, 0x2f, 0xff, 0x70, 0x0, 0x0, 0xef, 0xfb, 0xe, 0xff, 0xe3,
    0x0, 0x8, 0xff, 0xf7, 0x6, 0xff, 0xff, 0xdc, 0xef, 0xff, 0xe0, 0x0, 0x8f,
    0xff, 0xff, 0xff, 0xfd, 0x20, 0x0, 0x2, 0x9d, 0xff, 0xeb, 0x60, 0x0,

    /* U+0418 "И" */
    0x9f, 0xfe, 0x0, 0x0, 0x0, 0x8f, 0xff, 0x49, 0xff, 0xe0, 0x0, 0x0, 0x2f,
    0xff, 0xf4, 0x9f, 0xfe, 0x0, 0x0, 0xb, 0xff, 0xff, 0x49, 0xff, 0xe0, 0x0,
    0x5, 0xff, 0xff, 0xf4, 0x9f, 0xfe, 0x0, 0x0, 0xef, 0xff, 0xff, 0x49, 0xff,
    0xe0, 0x0, 0x8f, 0xfe, 0xff, 0xf4, 0x9f, 0xfe, 0x0, 0x2f, 0xff, 0x6f, 0xff,
    0x49, 0xff, 0xe0, 0xb, 0xff, 0x93, 0xff, 0xf4, 0x9f, 0xfe, 0x5, 0xff, 0xe1,
    0x3f, 0xff, 0x49, 0xff, 0xe0, 0xdf, 0xf6, 0x3, 0xff, 0xf4, 0x9f, 0xfe, 0x8f,
    0xfc, 0x0, 0x3f, 0xff, 0x49, 0xff, 0xff, 0xff, 0x30, 0x3, 0xff, 0xf4, 0x9f,
    0xff, 0xff, 0x90, 0x0, 0x3f, 0xff, 0x49, 0xff, 0xff, 0xe1, 0x0, 0x3, 0xff,
    0xf4, 0x9f, 0xff, 0xf6, 0x0, 0x0, 0x3f, 0xff, 0x49, 0xff, 0xfc, 0x0, 0x0,
    0x3, 0xff, 0xf4, 0x9f, 0xff, 0x30, 0x0, 0x0, 0x3f, 0xff, 0x40,

    /* U+0419 "Й" */
    0x0, 0x5, 0x85, 0x0, 0x7, 0x83, 0x0, 0x0, 0x0, 0x8f, 0xf3, 0x6, 0xff, 0x40,
    0x0, 0x0, 0x1, 0xef, 0xff, 0xff, 0xb0, 0x0, 0x0, 0x0, 0x1, 0x9d, 0xec, 0x70,
    0x0, 0x0, 0x0, 0x0, 0x0, 0x0, 0x0, 0x0, 0x0, 0x9, 0xff, 0xe0, 0x0, 0x0, 0x8,
    0xff, 0xf4, 0x9f, 0xfe, 0x0, 0x0, 0x2, 0xff, 0xff, 0x49, 0xff, 0xe0, 0x0,
    0x0, 0xbf, 0xff, 0xf4, 0x9f, 0xfe, 0x0, 0x0, 0x5f, 0xff, 0xff, 0x49, 0xff,
    0xe0, 0x0, 0xe, 0xff, 0xff, 0xf4, 0x9f, 0xfe, 0x0, 0x8, 0xff, 0xef, 0xff,
    0x49, 0xff, 0xe0, 0x2, 0xff, 0xf6, 0xff, 0xf4, 0x9f, 0xfe, 0x0, 0xbf, 0xf9,
    0x3f, 0xff, 0x49, 0xff, 0xe0, 0x5f, 0xfe, 0x13, 0xff, 0xf4, 0x9f, 0xfe, 0xd,
    0xff, 0x60, 0x3f, 0xff, 0x49, 0xff, 0xe8, 0xff, 0xc0, 0x3, 0xff, 0xf4, 0x9f,
    0xff, 0xff, 0xf3, 0x0, 0x3f, 0xff, 0x49, 0xff, 0xff, 0xf9, 0x0, 0x3, 0xff,
    0xf4, 0x9f, 0xff, 0xfe, 0x10, 0x0, 0x3f, 0xff, 0x49, 0xff, 0xff, 0x60, 0x0,
    0x3, 0xff, 0xf4, 0x9f, 0xff, 0xc0, 0x0, 0x0, 0x3f, 0xff, 0x49, 0xff, 0xf3,
    0x0, 0x0, 0x3, 0xff, 0xf4,

    /* U+041A "К" */
    0x7f, 0xff, 0x0, 0x0, 0x7, 0xff, 0xfc, 0x7, 0xff, 0xf0, 0x0, 0x1, 0xff,
    0xff, 0x20, 0x7f, 0xff, 0x0, 0x0, 0xaf, 0xff, 0x70, 0x7, 0xff, 0xf0, 0x0,
    0x4f, 0xff, 0xc0, 0x0, 0x7f, 0xff, 0x0, 0xd, 0xff, 0xf2, 0x0, 0x7, 0xff,
    0xf0, 0x8, 0xff, 0xf8, 0x0, 0x0, 0x7f, 0xff, 0x33, 0xff, 0xfd, 0x0, 0x0,
    0x7, 0xff, 0xff, 0xff, 0xff, 0x30, 0x0, 0x0, 0x7f, 0xff, 0xff, 0xff, 0xf3,
    0x0, 0x0, 0x7, 0xff, 0xff, 0xff, 0xff, 0xd0, 0x0, 0x0, 0x7f, 0xff, 0x0,
    0x9f, 0xff, 0x70, 0x0, 0x7, 0xff, 0xf0, 0x1, 0xef, 0xff, 0x20, 0x0, 0x7f,
    0xff, 0x0, 0x5, 0xff, 0xfc, 0x0, 0x7, 0xff, 0xf0, 0x0, 0xb, 0xff, 0xf6, 0x0,
    0x7f, 0xff, 0x0, 0x0, 0x2f, 0xff, 0xf1, 0x7, 0xff, 0xf0, 0x0, 0x0, 0x7f,
    0xff, 0xb0, 0x7f, 0xff, 0x0, 0x0, 0x0, 0xdf, 0xff, 0x50,

    /* U+041B "Л" */
    0x0, 0x0, 0xff, 0xff, 0xff, 0xff, 0xff, 0xf6, 0x0, 0x1, 0xff, 0xff, 0xff,
    0xff, 0xff, 0xf6, 0x0, 0x2, 0xff, 0xfd, 0xcc, 0xcc, 0xff, 0xf6, 0x0, 0x2,
    0xff, 0xf4, 0x0, 0x1, 0xff, 0xf6, 0x0, 0x3, 0xff, 0xf4, 0x0, 0x1, 0xff,
    0xf6, 0x0, 0x3, 0xff, 0xf3, 0x0, 0x1, 0xff, 0xf6, 0x0, 0x4, 0xff, 0xf2, 0x0,
    0x1, 0xff, 0xf6, 0x0, 0x5, 0xff, 0xf1, 0x0, 0x1, 0xff, 0xf6, 0x0, 0x5, 0xff,
    0xf0, 0x0, 0x1, 0xff, 0xf6, 0x0, 0x6, 0xff, 0xf0, 0x0, 0x1, 0xff, 0xf6, 0x0,
    0x8, 0xff, 0xe0, 0x0, 0x1, 0xff, 0xf6, 0x0, 0xb, 0xff, 0xb0, 0x0, 0x1, 0xff,
    0xf6, 0x0, 0xf, 0xff, 0x80, 0x0, 0x1, 0xff, 0xf6, 0x0, 0x9f, 0xff, 0x40,
    0x0, 0x1, 0xff, 0xf6, 0x6e, 0xff, 0xfd, 0x0, 0x0, 0x1, 0xff, 0xf6, 0x8f,
    0xff, 0xf3, 0x0, 0x0, 0x1, 0xff, 0xf6, 0x8f, 0xea, 0x20, 0x0, 0x0, 0x1,
    0xff, 0xf6,

    /* U+041C "М" */
    0x7f, 0xff, 0xf4, 0x0, 0x0, 0x0, 0x4, 0xff, 0xff, 0x77, 0xff, 0xff, 0xa0,
    0x0, 0x0, 0x0, 0xaf, 0xff, 0xf7, 0x7f, 0xff, 0xff, 0x0, 0x0, 0x0, 0xf, 0xff,
    0xff, 0x77, 0xff, 0xff, 0xf5, 0x0, 0x0, 0x5, 0xff, 0xff, 0xf7, 0x7f, 0xfe,
    0xff, 0xa0, 0x0, 0x0, 0xbf, 0xfe, 0xff, 0x77, 0xff, 0xbe, 0xff, 0x10, 0x0,
    0x1f, 0xfd, 0xcf, 0xf7, 0x7f, 0xfc, 0x8f, 0xf6, 0x0, 0x6, 0xff, 0x7c, 0xff,
    0x77, 0xff, 0xd2, 0xff, 0xb0, 0x0, 0xcf, 0xf2, 0xdf, 0xf7, 0x7f, 0xfd, 0xc,
    0xff, 0x10, 0x1f, 0xfc, 0xe, 0xff, 0x77, 0xff, 0xe0, 0x6f, 0xf7, 0x7, 0xff,
    0x60, 0xef, 0xf7, 0x7f, 0xff, 0x1, 0xff, 0xc0, 0xdf, 0xf1, 0xf, 0xff, 0x77,
    0xff, 0xf0, 0xb, 0xff, 0x5f, 0xfa, 0x0, 0xff, 0xf7, 0x7f, 0xff, 0x0, 0x5f,
    0xfe, 0xff, 0x50, 0xf, 0xff, 0x77, 0xff, 0xf0, 0x0, 0xff, 0xff, 0xe0, 0x0,
    0xff, 0xf7, 0x7f, 0xff, 0x0, 0x9, 0xff, 0xf9, 0x0, 0xf, 0xff, 0x77, 0xff,
    0xf0, 0x0, 0x4f, 0xff, 0x30, 0x0, 0xff, 0xf7, 0x7f, 0xff, 0x0, 0x0, 0xef,
    0xd0, 0x0, 0xf, 0xff, 0x70,

    /* U+041D "Н" */
    0x7f, 0xff, 0x0, 0x0, 0x0, 0x1f, 0xff, 0x67, 0xff, 0xf0, 0x0, 0x0, 0x1,
    0xff, 0xf6, 0x7f, 0xff, 0x0, 0x0, 0x0, 0x1f, 0xff, 0x67, 0xff, 0xf0, 0x0,
    0x0, 0x1, 0xff, 0xf6, 0x7f, 0xff, 0x0, 0x0, 0x0, 0x1f, 0xff, 0x67, 0xff,
    0xf0, 0x0, 0x0, 0x1, 0xff, 0xf6, 0x7f, 0xff, 0x0, 0x0, 0x0, 0x1f, 0xff,
    0x67, 0xff, 0xff, 0xff, 0xff, 0xff, 0xff, 0xf6, 0x7f, 0xff, 0xff, 0xff,
    0xff, 0xff, 0xff, 0x67, 0xff, 0xfc, 0xcc, 0xcc, 0xcc, 0xff, 0xf6, 0x7f,
    0xff, 0x0, 0x0, 0x0, 0x1f, 0xff, 0x67, 0xff, 0xf0, 0x0, 0x0, 0x1, 0xff,
    0xf6, 0x7f, 0xff, 0x0, 0x0, 0x0, 0x1f, 0xff, 0x67, 0xff, 0xf0, 0x0, 0x0,
    0x1, 0xff, 0xf6, 0x7f, 0xff, 0x0, 0x0, 0x0, 0x1f, 0xff, 0x67, 0xff, 0xf0,
    0x0, 0x0, 0x1, 0xff, 0xf6, 0x7f, 0xff, 0x0, 0x0, 0x0, 0x1f, 0xff, 0x60,

    /* U+041E "О" */
    0x0, 0x1, 0x7c, 0xff, 0xea, 0x40, 0x0, 0x0, 0x4, 0xef, 0xff, 0xff, 0xff,
    0xb0, 0x0, 0x4, 0xff, 0xff, 0xed, 0xff, 0xff, 0xc0, 0x0, 0xef, 0xff, 0x40,
    0x1, 0xaf, 0xff, 0x70, 0x5f, 0xff, 0x50, 0x0, 0x0, 0xcf, 0xfe, 0xa, 0xff,
    0xe0, 0x0, 0x0, 0x5, 0xff, 0xf3, 0xdf, 0xfa, 0x0, 0x0, 0x0, 0x2f, 0xff,
    0x6f, 0xff, 0x90, 0x0, 0x0, 0x0, 0xff, 0xf8, 0xff, 0xf9, 0x0, 0x0, 0x0, 0xf,
    0xff, 0x8f, 0xff, 0x90, 0x0, 0x0, 0x0, 0xff, 0xf8, 0xdf, 0xfa, 0x0, 0x0,
    0x0, 0x2f, 0xff, 0x6a, 0xff, 0xe0, 0x0, 0x0, 0x5, 0xff, 0xf3, 0x5f, 0xff,
    0x50, 0x0, 0x0, 0xcf, 0xfe, 0x0, 0xef, 0xfe, 0x40, 0x0, 0x9f, 0xff, 0x70,
    0x4, 0xff, 0xff, 0xed, 0xff, 0xff, 0xc0, 0x0, 0x4, 0xef, 0xff, 0xff, 0xff,
    0xb1, 0x0, 0x0, 0x1, 0x7c, 0xff, 0xeb, 0x50, 0x0, 0x0,

    /* U+041F "П" */
    0x7f, 0xff, 0xff, 0xff, 0xff, 0xff, 0xff, 0x67, 0xff, 0xff, 0xff, 0xff,
    0xff, 0xff, 0xf6, 0x7f, 0xff, 0xcc, 0xcc, 0xcc, 0xcf, 0xff, 0x67, 0xff,
    0xf0, 0x0, 0x0, 0x1, 0xff, 0xf6, 0x7f, 0xff, 0x0, 0x0, 0x0, 0x1f, 0xff,
    0x67, 0xff, 0xf0, 0x0, 0x0, 0x1, 0xff, 0xf6, 0x7f, 0xff, 0x0, 0x0, 0x0,
    0x1f, 0xff, 0x67, 0xff, 0xf0, 0x0, 0x0, 0x1, 0xff, 0xf6, 0x7f, 0xff, 0x0,
    0x0, 0x0, 0x1f, 0xff, 0x67, 0xff, 0xf0, 0x0, 0x0, 0x1, 0xff, 0xf6, 0x7f,
    0xff, 0x0, 0x0, 0x0, 0x1f, 0xff, 0x67, 0xff, 0xf0, 0x0, 0x0, 0x1, 0xff,
    0xf6, 0x7f, 0xff, 0x0, 0x0, 0x0, 0x1f, 0xff, 0x67, 0xff, 0xf0, 0x0, 0x0,
    0x1, 0xff, 0xf6, 0x7f, 0xff, 0x0, 0x0, 0x0, 0x1f, 0xff, 0x67, 0xff, 0xf0,
    0x0, 0x0, 0x1, 0xff, 0xf6, 0x7f, 0xff, 0x0, 0x0, 0x0, 0x1f, 0xff, 0x60,

    /* U+0420 "Р" */
    0x7f, 0xff, 0xff, 0xff, 0xeb, 0x50, 0x0, 0x7f, 0xff, 0xff, 0xff, 0xff, 0xfb,
    0x0, 0x7f, 0xff, 0xcc, 0xcc, 0xff, 0xff, 0xb0, 0x7f, 0xff, 0x0, 0x0, 0x1b,
    0xff, 0xf3, 0x7f, 0xff, 0x0, 0x0, 0x2, 0xff, 0xf7, 0x7f, 0xff, 0x0, 0x0,
    0x0, 0xff, 0xf8, 0x7f, 0xff, 0x0, 0x0, 0x2, 0xff, 0xf7, 0x7f, 0xff, 0x0,
    0x0, 0x3c, 0xff, 0xf2, 0x7f, 0xff, 0xff, 0xff, 0xff, 0xff, 0xa0, 0x7f, 0xff,
    0xff, 0xff, 0xff, 0xf9, 0x0, 0x7f, 0xff, 0xcc, 0xcb, 0xa7, 0x20, 0x0, 0x7f,
    0xff, 0x0, 0x0, 0x0, 0x0, 0x0, 0x7f, 0xff, 0x0, 0x0, 0x0, 0x0, 0x0, 0x7f,
    0xff, 0x0, 0x0, 0x0, 0x0, 0x0, 0x7f, 0xff, 0x0, 0x0, 0x0, 0x0, 0x0, 0x7f,
    0xff, 0x0, 0x0, 0x0, 0x0, 0x0, 0x7f, 0xff, 0x0, 0x0, 0x0, 0x0, 0x0,

    /* U+0421 "С" */
    0x0, 0x2, 0x8d, 0xff, 0xea, 0x50, 0x0, 0x0, 0x6f, 0xff, 0xff, 0xff, 0xfb,
    0x0, 0x5, 0xff, 0xff, 0xdd, 0xff, 0xff, 0xb0, 0x1e, 0xff, 0xd2, 0x0, 0x8,
    0xff, 0xf4, 0x6f, 0xff, 0x30, 0x0, 0x0, 0xdf, 0xfa, 0xbf, 0xfd, 0x0, 0x0,
    0x0, 0x8d, 0xdc, 0xef, 0xfa, 0x0, 0x0, 0x0, 0x0, 0x0, 0xff, 0xf9, 0x0, 0x0,
    0x0, 0x0, 0x0, 0xff, 0xf9, 0x0, 0x0, 0x0, 0x0, 0x0, 0xff, 0xf9, 0x0, 0x0,
    0x0, 0x0, 0x0, 0xef, 0xfa, 0x0, 0x0, 0x0, 0x0, 0x0, 0xbf, 0xfd, 0x0, 0x0,
    0x0, 0x7c, 0xca, 0x7f, 0xff, 0x20, 0x0, 0x0, 0xdf, 0xfb, 0x1f, 0xff, 0xd2,
    0x0, 0x9, 0xff, 0xf5, 0x6, 0xff, 0xff, 0xdd, 0xff, 0xff, 0xc0, 0x0, 0x7f,
    0xff, 0xff, 0xff, 0xfc, 0x10, 0x0, 0x2, 0x9d, 0xff, 0xea, 0x50, 0x0,

    /* U+0422 "Т" */
    0x8f, 0xff, 0xff, 0xff, 0xff, 0xff, 0xff, 0x68, 0xff, 0xff, 0xff, 0xff,
    0xff, 0xff, 0xf6, 0x6c, 0xcc, 0xcd, 0xff, 0xfd, 0xcc, 0xcc, 0x50, 0x0, 0x0,
    0x5f, 0xff, 0x20, 0x0, 0x0, 0x0, 0x0, 0x5, 0xff, 0xf2, 0x0, 0x0, 0x0, 0x0,
    0x0, 0x5f, 0xff, 0x20, 0x0, 0x0, 0x0, 0x0, 0x5, 0xff, 0xf2, 0x0, 0x0, 0x0,
    0x0, 0x0, 0x5f, 0xff, 0x20, 0x0, 0x0, 0x0, 0x0, 0x5, 0xff, 0xf2, 0x0, 0x0,
    0x0, 0x0, 0x0, 0x5f, 0xff, 0x20, 0x0, 0x0, 0x0, 0x0, 0x5, 0xff, 0xf2, 0x0,
    0x0, 0x0, 0x0, 0x0, 0x5f, 0xff, 0x20, 0x0, 0x0, 0x0, 0x0, 0x5, 0xff, 0xf2,
    0x0, 0x0, 0x0, 0x0, 0x0, 0x5f, 0xff, 0x20, 0x0, 0x0, 0x0, 0x0, 0x5, 0xff,
    0xf2, 0x0, 0x0, 0x0, 0x0, 0x0, 0x5f, 0xff, 0x20, 0x0, 0x0, 0x0, 0x0, 0x5,
    0xff, 0xf2, 0x0, 0x0, 0x0,

    /* U+0423 "У" */
    0x6f, 0xff, 0x50, 0x0, 0x0, 0x2f, 0xff, 0xa0, 0xef, 0xfd, 0x0, 0x0, 0x8,
    0xff, 0xf3, 0x6, 0xff, 0xf4, 0x0, 0x0, 0xef, 0xfc, 0x0, 0xd, 0xff, 0xc0,
    0x0, 0x4f, 0xff, 0x50, 0x0, 0x6f, 0xff, 0x30, 0xb, 0xff, 0xe0, 0x0, 0x0,
    0xdf, 0xfb, 0x1, 0xff, 0xf7, 0x0, 0x0, 0x6, 0xff, 0xf2, 0x7f, 0xff, 0x10,
    0x0, 0x0, 0xd, 0xff, 0xae, 0xff, 0x90, 0x0, 0x0, 0x0, 0x5f, 0xff, 0xff,
    0xf3, 0x0, 0x0, 0x0, 0x0, 0xdf, 0xff, 0xfc, 0x0, 0x0, 0x0, 0x0, 0x5, 0xff,
    0xff, 0x50, 0x0, 0x0, 0x0, 0x0, 0xd, 0xff, 0xd0, 0x0, 0x0, 0x0, 0x0, 0x0,
    0xdf, 0xf7, 0x0, 0x0, 0x0, 0x0, 0x0, 0x6f, 0xff, 0x10, 0x0, 0x0, 0x0, 0xb,
    0xdf, 0xff, 0x70, 0x0, 0x0, 0x0, 0x0, 0xff, 0xff, 0xc0, 0x0, 0x0, 0x0, 0x0,
    0xe, 0xfe, 0x80, 0x0, 0x0, 0x0, 0x0,

    /* U+0424 "Ф" */
    0x0, 0x0, 0x0, 0x0, 0x68, 0x84, 0x0, 0x0, 0x0, 0x0, 0x0, 0x0, 0x0, 0xd,
    0xff, 0x80, 0x0, 0x0, 0x0, 0x0, 0x0, 0x0, 0x0, 0xdf, 0xf8, 0x0, 0x0, 0x0,
    0x0, 0x0, 0x3, 0x9d, 0xff, 0xff, 0xff, 0xc8, 0x10, 0x0, 0x0, 0x9, 0xff,
    0xff, 0xff, 0xff, 0xff, 0xff, 0x50, 0x0, 0x9, 0xff, 0xff, 0xdf, 0xff, 0xee,
    0xff, 0xff, 0x40, 0x4, 0xff, 0xfa, 0x10, 0xdf, 0xf8, 0x3, 0xdf, 0xfe, 0x0,
    0xbf, 0xfc, 0x0, 0xd, 0xff, 0x80, 0x2, 0xff, 0xf6, 0xf, 0xff, 0x60, 0x0,
    0xdf, 0xf8, 0x0, 0xb, 0xff, 0xa2, 0xff, 0xf3, 0x0, 0xd, 0xff, 0x80, 0x0,
    0x8f, 0xfc, 0x2f, 0xff, 0x30, 0x0, 0xdf, 0xf8, 0x0, 0x8, 0xff, 0xc0, 0xff,
    0xf5, 0x0, 0xd, 0xff, 0x80, 0x0, 0xbf, 0xfa, 0xc, 0xff, 0xc0, 0x0, 0xdf,
    0xf8, 0x0, 0x2f, 0xff, 0x60, 0x5f, 0xff, 0xa1, 0xd, 0xff, 0x80, 0x3d, 0xff,
    0xe1, 0x0, 0xaf, 0xff, 0xfd, 0xff, 0xfe, 0xef, 0xff, 0xf5, 0x0, 0x0, 0x9f,
    0xff, 0xff, 0xff, 0xff, 0xff, 0xf5, 0x0, 0x0, 0x0, 0x3a, 0xdf, 0xff, 0xff,
    0xfc, 0x81, 0x0, 0x0, 0x0, 0x0, 0x0, 0xd, 0xff, 0x80, 0x0, 0x0, 0x0, 0x0,
    0x0, 0x0, 0x0, 0xdf, 0xf8, 0x0, 0x0, 0x0, 0x0,

    /* U+0425 "Х" */
    0x5f, 0xff, 0xb0, 0x0, 0x0, 0x6f, 0xff, 0x90, 0xbf, 0xff, 0x30, 0x0, 0xe,
    0xff, 0xe1, 0x2, 0xff, 0xfc, 0x0, 0x8, 0xff, 0xf6, 0x0, 0x9, 0xff, 0xf4,
    0x1, 0xff, 0xfc, 0x0, 0x0, 0xe, 0xff, 0xd0, 0x9f, 0xff, 0x30, 0x0, 0x0,
    0x6f, 0xff, 0x8f, 0xff, 0xa0, 0x0, 0x0, 0x0, 0xcf, 0xff, 0xff, 0xf1, 0x0,
    0x0, 0x0, 0x3, 0xff, 0xff, 0xf7, 0x0, 0x0, 0x0, 0x0, 0xc, 0xff, 0xff, 0x10,
    0x0, 0x0, 0x0, 0x4, 0xff, 0xff, 0xf8, 0x0, 0x0, 0x0, 0x0, 0xdf, 0xff, 0xff,
    0xf2, 0x0, 0x0, 0x0, 0x7f, 0xff, 0x7f, 0xff, 0xb0, 0x0, 0x0, 0x1f, 0xff,
    0xc0, 0x8f, 0xff, 0x50, 0x0, 0xa, 0xff, 0xf3, 0x0, 0xef, 0xfd, 0x0, 0x4,
    0xff, 0xfb, 0x0, 0x6, 0xff, 0xf8, 0x0, 0xdf, 0xff, 0x20, 0x0, 0xd, 0xff,
    0xf2, 0x7f, 0xff, 0x90, 0x0, 0x0, 0x5f, 0xff, 0xa0,

    /* U+0426 "Ц" */
    0xaf, 0xfd, 0x0, 0x0, 0x0, 0x4f, 0xff, 0x40, 0xa, 0xff, 0xd0, 0x0, 0x0, 0x4,
    0xff, 0xf4, 0x0, 0xaf, 0xfd, 0x0, 0x0, 0x0, 0x4f, 0xff, 0x40, 0xa, 0xff,
    0xd0, 0x0, 0x0, 0x4, 0xff, 0xf4, 0x0, 0xaf, 0xfd, 0x0, 0x0, 0x0, 0x4f, 0xff,
    0x40, 0xa, 0xff, 0xd0, 0x0, 0x0, 0x4, 0xff, 0xf4, 0x0, 0xaf, 0xfd, 0x0, 0x0,
    0x0, 0x4f, 0xff, 0x40, 0xa, 0xff, 0xd0, 0x0, 0x0, 0x4, 0xff, 0xf4, 0x0,
    0xaf, 0xfd, 0x0, 0x0, 0x0, 0x4f, 0xff, 0x40, 0xa, 0xff, 0xd0, 0x0, 0x0, 0x4,
    0xff, 0xf4, 0x0, 0xaf, 0xfd, 0x0, 0x0, 0x0, 0x4f, 0xff, 0x40, 0xa, 0xff,
    0xd0, 0x0, 0x0, 0x4, 0xff, 0xf4, 0x0, 0xaf, 0xfd, 0x0, 0x0, 0x0, 0x4f, 0xff,
    0x40, 0xa, 0xff, 0xd0, 0x0, 0x0, 0x4, 0xff, 0xf4, 0x0, 0xaf, 0xff, 0xcc,
    0xcc, 0xcc, 0xdf, 0xff, 0xdc, 0x6a, 0xff, 0xff, 0xff, 0xff, 0xff, 0xff,
    0xff, 0xf8, 0xaf, 0xff, 0xff, 0xff, 0xff, 0xff, 0xff, 0xff, 0x80, 0x0, 0x0,
    0x0, 0x0, 0x0, 0x0, 0xef, 0xf7, 0x0, 0x0, 0x0, 0x0, 0x0, 0x0, 0xe, 0xff,
    0x70, 0x0, 0x0, 0x0, 0x0, 0x0, 0x0, 0xef, 0xf6, 0x0, 0x0, 0x0, 0x0, 0x0,
    0x0, 0xe, 0xff, 0x60,

    /* U+0427 "Ч" */
    0x6f, 0xff, 0x20, 0x0, 0x0, 0x6f, 0xff, 0x26, 0xff, 0xf2, 0x0, 0x0, 0x6,
    0xff, 0xf2, 0x6f, 0xff, 0x20, 0x0, 0x0, 0x6f, 0xff, 0x26, 0xff, 0xf2, 0x0,
    0x0, 0x6, 0xff, 0xf2, 0x6f, 0xff, 0x20, 0x0, 0x0, 0x6f, 0xff, 0x25, 0xff,
    0xf2, 0x0, 0x0, 0x6, 0xff, 0xf2, 0x3f, 0xff, 0x50, 0x0, 0x0, 0x6f, 0xff,
    0x20, 0xef, 0xfe, 0x40, 0x0, 0x18, 0xff, 0xf2, 0x6, 0xff, 0xff, 0xff, 0xff,
    0xff, 0xff, 0x20, 0x6, 0xff, 0xff, 0xff, 0xff, 0xff, 0xf2, 0x0, 0x1, 0x69,
    0xbc, 0xba, 0xbf, 0xff, 0x20, 0x0, 0x0, 0x0, 0x0, 0x6, 0xff, 0xf2, 0x0, 0x0,
    0x0, 0x0, 0x0, 0x6f, 0xff, 0x20, 0x0, 0x0, 0x0, 0x0, 0x6, 0xff, 0xf2, 0x0,
    0x0, 0x0, 0x0, 0x0, 0x6f, 0xff, 0x20, 0x0, 0x0, 0x0, 0x0, 0x6, 0xff, 0xf2,
    0x0, 0x0, 0x0, 0x0, 0x0, 0x6f, 0xff, 0x20,

    /* U+0428 "Ш" */
    0x8f, 0xff, 0x0, 0x0, 0x3f, 0xff, 0x40, 0x0, 0xf, 0xff, 0x88, 0xff, 0xf0,
    0x0, 0x3, 0xff, 0xf4, 0x0, 0x0, 0xff, 0xf8, 0x8f, 0xff, 0x0, 0x0, 0x3f,
    0xff, 0x40, 0x0, 0xf, 0xff, 0x88, 0xff, 0xf0, 0x0, 0x3, 0xff, 0xf4, 0x0,
    0x0, 0xff, 0xf8, 0x8f, 0xff, 0x0, 0x0, 0x3f, 0xff, 0x40, 0x0, 0xf, 0xff,
    0x88, 0xff, 0xf0, 0x0, 0x3, 0xff, 0xf4, 0x0, 0x0, 0xff, 0xf8, 0x8f, 0xff,
    0x0, 0x0, 0x3f, 0xff, 0x40, 0x0, 0xf, 0xff, 0x88, 0xff, 0xf0, 0x0, 0x3,
    0xff, 0xf4, 0x0, 0x0, 0xff, 0xf8, 0x8f, 0xff, 0x0, 0x0, 0x3f, 0xff, 0x40,
    0x0, 0xf, 0xff, 0x88, 0xff, 0xf0, 0x0, 0x3, 0xff, 0xf4, 0x0, 0x0, 0xff,
    0xf8, 0x8f, 0xff, 0x0, 0x0, 0x3f, 0xff, 0x40, 0x0, 0xf, 0xff, 0x88, 0xff,
    0xf0, 0x0, 0x3, 0xff, 0xf4, 0x0, 0x0, 0xff, 0xf8, 0x8f, 0xff, 0x0, 0x0,
    0x3f, 0xff, 0x40, 0x0, 0xf, 0xff, 0x88, 0xff, 0xf0, 0x0, 0x3, 0xff, 0xf4,
    0x0, 0x0, 0xff, 0xf8, 0x8f, 0xff, 0xcc, 0xcc, 0xdf, 0xff, 0xdc, 0xcc, 0xcf,
    0xff, 0x88, 0xff, 0xff, 0xff, 0xff, 0xff, 0xff, 0xff, 0xff, 0xff, 0xf8,
    0x8f, 0xff, 0xff, 0xff, 0xff, 0xff, 0xff, 0xff, 0xff, 0xff, 0x80,

    /* U+0429 "Щ" */
    0x8f, 0xff, 0x0, 0x0, 0x3f, 0xff, 0x40, 0x0, 0xf, 0xff, 0x80, 0x8, 0xff,
    0xf0, 0x0, 0x3, 0xff, 0xf4, 0x0, 0x0, 0xff, 0xf8, 0x0, 0x8f, 0xff, 0x0, 0x0,
    0x3f, 0xff, 0x40, 0x0, 0xf, 0xff, 0x80, 0x8, 0xff, 0xf0, 0x0, 0x3, 0xff,
    0xf4, 0x0, 0x0, 0xff, 0xf8, 0x0, 0x8f, 0xff, 0x0, 0x0, 0x3f, 0xff, 0x40,
    0x0, 0xf, 0xff, 0x80, 0x8, 0xff, 0xf0, 0x0, 0x3, 0xff, 0xf4, 0x0, 0x0, 0xff,
    0xf8, 0x0, 0x8f, 0xff, 0x0, 0x0, 0x3f, 0xff, 0x40, 0x0, 0xf, 0xff, 0x80,
    0x8, 0xff, 0xf0, 0x0, 0x3, 0xff, 0xf4, 0x0, 0x0, 0xff, 0xf8, 0x0, 0x8f,
    0xff, 0x0, 0x0, 0x3f, 0xff, 0x40, 0x0, 0xf, 0xff, 0x80, 0x8, 0xff, 0xf0,
    0x0, 0x3, 0xff, 0xf4, 0x0, 0x0, 0xff, 0xf8, 0x0, 0x8f, 0xff, 0x0, 0x0, 0x3f,
    0xff, 0x40, 0x0, 0xf, 0xff, 0x80, 0x8, 0xff, 0xf0, 0x0, 0x3, 0xff, 0xf4,
    0x0, 0x0, 0xff, 0xf8, 0x0, 0x8f, 0xff, 0x0, 0x0, 0x3f, 0xff, 0x40, 0x0, 0xf,
    0xff, 0x80, 0x8, 0xff, 0xf0, 0x0, 0x3, 0xff, 0xf4, 0x0, 0x0, 0xff, 0xf8,
    0x0, 0x8f, 0xff, 0xaa, 0xaa, 0xbf, 0xff, 0xba, 0xaa, 0xaf, 0xff, 0xda, 0x78,
    0xff, 0xff, 0xff, 0xff, 0xff, 0xff, 0xff, 0xff, 0xff, 0xff, 0xfb, 0x8f,
    0xff, 0xff, 0xff, 0xff, 0xff, 0xff, 0xff, 0xff, 0xff, 0xff, 0xb0, 0x0, 0x0,
    0x0, 0x0, 0x0, 0x0, 0x0, 0x0, 0x0, 0x9f, 0xfa, 0x0, 0x0, 0x0, 0x0, 0x0, 0x0,
    0x0, 0x0, 0x0, 0x9, 0xff, 0xa0, 0x0, 0x0, 0x0, 0x0, 0x0, 0x0, 0x0, 0x0, 0x0,
    0x9f, 0xf9, 0x0, 0x0, 0x0, 0x0, 0x0, 0x0, 0x0, 0x0, 0x0, 0x9, 0xff, 0x90,

    /* U+042A "Ъ" */
    0xbf, 0xff, 0xff, 0xff, 0x80, 0x0, 0x0, 0x0, 0x0, 0xbf, 0xff, 0xff, 0xff,
    0x80, 0x0, 0x0, 0x0, 0x0, 0x7a, 0xaa, 0xaf, 0xff, 0x80, 0x0, 0x0, 0x0, 0x0,
    0x0, 0x0, 0xf, 0xff, 0x80, 0x0, 0x0, 0x0, 0x0, 0x0, 0x0, 0xf, 0xff, 0x80,
    0x0, 0x0, 0x0, 0x0, 0x0, 0x0, 0xf, 0xff, 0x80, 0x0, 0x0, 0x0, 0x0, 0x0, 0x0,
    0xf, 0xff, 0xff, 0xff, 0xeb, 0x60, 0x0, 0x0, 0x0, 0xf, 0xff, 0xff, 0xff,
    0xff, 0xfd, 0x20, 0x0, 0x0, 0xf, 0xff, 0xec, 0xcc, 0xef, 0xff, 0xd0, 0x0,
    0x0, 0xf, 0xff, 0x80, 0x0, 0x8, 0xff, 0xf7, 0x0, 0x0, 0xf, 0xff, 0x80, 0x0,
    0x0, 0xef, 0xfb, 0x0, 0x0, 0xf, 0xff, 0x80, 0x0, 0x0, 0xbf, 0xfc, 0x0, 0x0,
    0xf, 0xff, 0x80, 0x0, 0x0, 0xef, 0xfb, 0x0, 0x0, 0xf, 0xff, 0x80, 0x0, 0x9,
    0xff, 0xf6, 0x0, 0x0, 0xf, 0xff, 0xec, 0xcc, 0xef, 0xff, 0xd0, 0x0, 0x0,
    0xf, 0xff, 0xff, 0xff, 0xff, 0xfd, 0x20, 0x0, 0x0, 0xf, 0xff, 0xff, 0xff,
    0xeb, 0x60, 0x0,

    /* U+042B "Ы" */
    0x7f, 0xff, 0x10, 0x0, 0x0, 0x0, 0x0, 0x2f, 0xff, 0x57, 0xff, 0xf1, 0x0,
    0x0, 0x0, 0x0, 0x2, 0xff, 0xf5, 0x7f, 0xff, 0x10, 0x0, 0x0, 0x0, 0x0, 0x2f,
    0xff, 0x57, 0xff, 0xf1, 0x0, 0x0, 0x0, 0x0, 0x2, 0xff, 0xf5, 0x7f, 0xff,
    0x10, 0x0, 0x0, 0x0, 0x0, 0x2f, 0xff, 0x57, 0xff, 0xf1, 0x0, 0x0, 0x0, 0x0,
    0x2, 0xff, 0xf5, 0x7f, 0xff, 0xff, 0xff, 0xd9, 0x30, 0x0, 0x2f, 0xff, 0x57,
    0xff, 0xff, 0xff, 0xff, 0xff, 0x80, 0x2, 0xff, 0xf5, 0x7f, 0xff, 0xcc, 0xcd,
    0xff, 0xff, 0x70, 0x2f, 0xff, 0x57, 0xff, 0xf1, 0x0, 0x2, 0xdf, 0xfe, 0x2,
    0xff, 0xf5, 0x7f, 0xff, 0x10, 0x0, 0x5, 0xff, 0xf3, 0x2f, 0xff, 0x57, 0xff,
    0xf1, 0x0, 0x0, 0x3f, 0xff, 0x42, 0xff, 0xf5, 0x7f, 0xff, 0x10, 0x0, 0x6,
    0xff, 0xf3, 0x2f, 0xff, 0x57, 0xff, 0xf1, 0x0, 0x3, 0xef, 0xfe, 0x2, 0xff,
    0xf5, 0x7f, 0xff, 0xcc, 0xcd, 0xff, 0xff, 0x60, 0x2f, 0xff, 0x57, 0xff,
    0xff, 0xff, 0xff, 0xff, 0x70, 0x2, 0xff, 0xf5, 0x7f, 0xff, 0xff, 0xff, 0xd9,
    0x30, 0x0, 0x2f, 0xff, 0x50,

    /* U+042C "Ь" */
    0x8f, 0xff, 0x0, 0x0, 0x0, 0x0, 0x0, 0x8f, 0xff, 0x0, 0x0, 0x0, 0x0, 0x0,
    0x8f, 0xff, 0x0, 0x0, 0x0, 0x0, 0x0, 0x8f, 0xff, 0x0, 0x0, 0x0, 0x0, 0x0,
    0x8f, 0xff, 0x0, 0x0, 0x0, 0x0, 0x0, 0x8f, 0xff, 0x0, 0x0, 0x0, 0x0, 0x0,
    0x8f, 0xff, 0xff, 0xff, 0xd9, 0x30, 0x0, 0x8f, 0xff, 0xff, 0xff, 0xff, 0xf8,
    0x0, 0x8f, 0xff, 0xcc, 0xcd, 0xff, 0xff, 0x60, 0x8f, 0xff, 0x0, 0x0, 0x2e,
    0xff, 0xe0, 0x8f, 0xff, 0x0, 0x0, 0x6, 0xff, 0xf3, 0x8f, 0xff, 0x0, 0x0,
    0x4, 0xff, 0xf4, 0x8f, 0xff, 0x0, 0x0, 0x7, 0xff, 0xf2, 0x8f, 0xff, 0x0,
    0x0, 0x3e, 0xff, 0xe0, 0x8f, 0xff, 0xcc, 0xcd, 0xff, 0xff, 0x50, 0x8f, 0xff,
    0xff, 0xff, 0xff, 0xf7, 0x0, 0x8f, 0xff, 0xff, 0xff, 0xd9, 0x20, 0x0,

    /* U+042D "Э" */
    0x0, 0x1, 0x7c, 0xff, 0xec, 0x60, 0x0, 0x0, 0x4, 0xef, 0xff, 0xff, 0xff,
    0xd2, 0x0, 0x2, 0xff, 0xff, 0xec, 0xef, 0xff, 0xe1, 0x0, 0xbf, 0xfe, 0x30,
    0x0, 0x6f, 0xff, 0x90, 0x1f, 0xff, 0x70, 0x0, 0x0, 0x8f, 0xff, 0x13, 0xbb,
    0xb2, 0x0, 0x0, 0x2, 0xff, 0xf5, 0x0, 0x0, 0x0, 0x0, 0x0, 0xf, 0xff, 0x80,
    0x0, 0x0, 0x4f, 0xff, 0xff, 0xff, 0xf9, 0x0, 0x0, 0x4, 0xff, 0xff, 0xff,
    0xff, 0x90, 0x0, 0x0, 0x3c, 0xcc, 0xcc, 0xff, 0xf9, 0x0, 0x0, 0x0, 0x0, 0x0,
    0xf, 0xff, 0x83, 0xcc, 0xc3, 0x0, 0x0, 0x2, 0xff, 0xf5, 0x1f, 0xff, 0x80,
    0x0, 0x0, 0x8f, 0xff, 0x10, 0xbf, 0xff, 0x40, 0x0, 0x5f, 0xff, 0xa0, 0x2,
    0xff, 0xff, 0xdc, 0xdf, 0xff, 0xe1, 0x0, 0x3, 0xef, 0xff, 0xff, 0xff, 0xd2,
    0x0, 0x0, 0x1, 0x7c, 0xef, 0xfc, 0x70, 0x0, 0x0,

    /* U+042E "Ю" */
    0x5f, 0xff, 0x30, 0x0, 0x0, 0x7c, 0xff, 0xeb, 0x50, 0x0, 0x5, 0xff, 0xf3,
    0x0, 0x3, 0xef, 0xff, 0xff, 0xff, 0xc1, 0x0, 0x5f, 0xff, 0x30, 0x2, 0xff,
    0xff, 0xb9, 0xcf, 0xff, 0xd0, 0x5, 0xff, 0xf3, 0x0, 0xcf, 0xfe, 0x20, 0x0,
    0x5f, 0xff, 0x80, 0x5f, 0xff, 0x30, 0x4f, 0xff, 0x50, 0x0, 0x0, 0x9f, 0xff,
    0x5, 0xff, 0xf3, 0x9, 0xff, 0xf0, 0x0, 0x0, 0x3, 0xff, 0xf5, 0x5f, 0xff,
    0x30, 0xcf, 0xfc, 0x0, 0x0, 0x0, 0xf, 0xff, 0x85, 0xff, 0xfb, 0xaf, 0xff,
    0xa0, 0x0, 0x0, 0x0, 0xff, 0xf9, 0x5f, 0xff, 0xff, 0xff, 0xfa, 0x0, 0x0,
    0x0, 0xe, 0xff, 0xa5, 0xff, 0xff, 0xff, 0xff, 0xa0, 0x0, 0x0, 0x0, 0xff,
    0xf9, 0x5f, 0xff, 0x30, 0xcf, 0xfc, 0x0, 0x0, 0x0, 0xf, 0xff, 0x85, 0xff,
    0xf3, 0x9, 0xff, 0xf0, 0x0, 0x0, 0x3, 0xff, 0xf5, 0x5f, 0xff, 0x30, 0x4f,
    0xff, 0x50, 0x0, 0x0, 0x9f, 0xff, 0x5, 0xff, 0xf3, 0x0, 0xdf, 0xfe, 0x20,
    0x0, 0x5f, 0xff, 0x80, 0x5f, 0xff, 0x30, 0x3, 0xff, 0xff, 0xa9, 0xcf, 0xff,
    0xd0, 0x5, 0xff, 0xf3, 0x0, 0x3, 0xef, 0xff, 0xff, 0xff, 0xc1, 0x0, 0x5f,
    0xff, 0x30, 0x0, 0x0, 0x7c, 0xff, 0xeb, 0x50, 0x0, 0x0,

    /* U+042F "Я" */
    0x0, 0x0, 0x5b, 0xef, 0xff, 0xff, 0xfe, 0x0, 0x1c, 0xff, 0xff, 0xff, 0xff,
    0xfe, 0x0, 0xaf, 0xff, 0xfd, 0xcc, 0xef, 0xfe, 0x2, 0xff, 0xfc, 0x10, 0x0,
    0xaf, 0xfe, 0x5, 0xff, 0xf4, 0x0, 0x0, 0xaf, 0xfe, 0x5, 0xff, 0xf2, 0x0,
    0x0, 0xaf, 0xfe, 0x2, 0xff, 0xf5, 0x0, 0x0, 0xaf, 0xfe, 0x0, 0xcf, 0xfe,
    0x40, 0x0, 0xaf, 0xfe, 0x0, 0x2e, 0xff, 0xff, 0xff, 0xff, 0xfe, 0x0, 0x1,
    0xef, 0xff, 0xff, 0xff, 0xfe, 0x0, 0x3, 0xff, 0xfc, 0x99, 0xdf, 0xfe, 0x0,
    0xb, 0xff, 0xf1, 0x0, 0xaf, 0xfe, 0x0, 0x3f, 0xff, 0x90, 0x0, 0xaf, 0xfe,
    0x0, 0xbf, 0xff, 0x20, 0x0, 0xaf, 0xfe, 0x3, 0xff, 0xfa, 0x0, 0x0, 0xaf,
    0xfe, 0xa, 0xff, 0xf2, 0x0, 0x0, 0xaf, 0xfe, 0x2f, 0xff, 0xa0, 0x0, 0x0,
    0xaf, 0xfe,

    /* U+0430 "а" */
    0x0, 0x6, 0xcf, 0xfe, 0xb4, 0x0, 0x0, 0xc, 0xff, 0xff, 0xff, 0xf7, 0x0, 0x9,
    0xff, 0xf9, 0x7c, 0xff, 0xf2, 0x0, 0xce, 0xe7, 0x0, 0xf, 0xff, 0x70, 0x0,
    0x0, 0x0, 0x0, 0xdf, 0xf8, 0x0, 0x1, 0x8c, 0xff, 0xff, 0xff, 0x90, 0x3,
    0xff, 0xff, 0xfe, 0xff, 0xf9, 0x0, 0xdf, 0xfc, 0x20, 0xd, 0xff, 0x90, 0x2f,
    0xff, 0x30, 0x0, 0xdf, 0xf9, 0x3, 0xff, 0xf4, 0x0, 0x2f, 0xff, 0x90, 0xf,
    0xff, 0xe9, 0x9f, 0xff, 0xf9, 0x0, 0x5f, 0xff, 0xff, 0xfe, 0xff, 0xa0, 0x0,
    0x4b, 0xff, 0xc4, 0x8f, 0xfe, 0x0,

    /* U+0431 "б" */
    0x0, 0x0, 0x0, 0x0, 0x7, 0x86, 0x0, 0x0, 0x0, 0x0, 0x18, 0xff, 0xb0, 0x0,
    0x0, 0x18, 0xdf, 0xff, 0xf6, 0x0, 0x0, 0x3e, 0xff, 0xff, 0xf8, 0x0, 0x0,
    0x2f, 0xff, 0xea, 0x61, 0x0, 0x0, 0xb, 0xff, 0x70, 0x0, 0x0, 0x0, 0x2, 0xff,
    0x70, 0x0, 0x0, 0x0, 0x0, 0x7f, 0xf2, 0x9e, 0xfe, 0xb3, 0x0, 0xb, 0xfe,
    0xef, 0xff, 0xff, 0xf6, 0x0, 0xef, 0xff, 0xfb, 0xbf, 0xff, 0xf2, 0xf, 0xff,
    0xe2, 0x0, 0x2f, 0xff, 0x90, 0xff, 0xf8, 0x0, 0x0, 0x9f, 0xfd, 0xf, 0xff,
    0x60, 0x0, 0x7, 0xff, 0xf0, 0xff, 0xf6, 0x0, 0x0, 0x7f, 0xfe, 0xc, 0xff,
    0x90, 0x0, 0xa, 0xff, 0xc0, 0x7f, 0xff, 0x20, 0x3, 0xff, 0xf8, 0x0, 0xef,
    0xff, 0xbb, 0xff, 0xfe, 0x10, 0x3, 0xef, 0xff, 0xff, 0xfe, 0x30, 0x0, 0x1,
    0x8d, 0xff, 0xd8, 0x10, 0x0,

    /* U+0432 "в" */
    0x7f, 0xff, 0xff, 0xfd, 0xa3, 0x0, 0x7f, 0xff, 0xff, 0xff, 0xff, 0x60, 0x7f,
    0xff, 0xaa, 0xbf, 0xff, 0xf0, 0x7f, 0xfe, 0x0, 0x6, 0xff, 0xf2, 0x7f, 0xfe,
    0x0, 0x4, 0xff, 0xf0, 0x7f, 0xfe, 0x44, 0x4c, 0xff, 0x50, 0x7f, 0xff, 0xff,
    0xff, 0xf9, 0x10, 0x7f, 0xff, 0xff, 0xff, 0xff, 0xe2, 0x7f, 0xfe, 0x0, 0x1,
    0xdf, 0xfa, 0x7f, 0xfe, 0x0, 0x0, 0xaf, 0xfc, 0x7f, 0xff, 0xaa, 0xac, 0xff,
    0xf9, 0x7f, 0xff, 0xff, 0xff, 0xff, 0xe2, 0x7f, 0xff, 0xff, 0xff, 0xd9,
    0x10,

    /* U+0433 "г" */
    0xbf, 0xff, 0xff, 0xff, 0xfb, 0xff, 0xff, 0xff, 0xff, 0xbf, 0xfe, 0xaa,
    0xaa, 0x9b, 0xff, 0xa0, 0x0, 0x0, 0xbf, 0xfa, 0x0, 0x0, 0xb, 0xff, 0xa0,
    0x0, 0x0, 0xbf, 0xfa, 0x0, 0x0, 0xb, 0xff, 0xa0, 0x0, 0x0, 0xbf, 0xfa, 0x0,
    0x0, 0xb, 0xff, 0xa0, 0x0, 0x0, 0xbf, 0xfa, 0x0, 0x0, 0xb, 0xff, 0xa0, 0x0,
    0x0, 0xbf, 0xfa, 0x0, 0x0, 0x0,

    /* U+0434 "д" */
    0x0, 0x6, 0xff, 0xff, 0xff, 0xff, 0xe0, 0x0, 0x0, 0x7f, 0xff, 0xff, 0xff,
    0xfe, 0x0, 0x0, 0x7, 0xff, 0xfb, 0xbd, 0xff, 0xe0, 0x0, 0x0, 0x7f, 0xfe,
    0x0, 0x7f, 0xfe, 0x0, 0x0, 0x8, 0xff, 0xd0, 0x7, 0xff, 0xe0, 0x0, 0x0, 0x9f,
    0xfd, 0x0, 0x7f, 0xfe, 0x0, 0x0, 0xa, 0xff, 0xb0, 0x7, 0xff, 0xe0, 0x0, 0x0,
    0xdf, 0xf8, 0x0, 0x7f, 0xfe, 0x0, 0x0, 0x3f, 0xff, 0x30, 0x7, 0xff, 0xe0,
    0x0, 0xc, 0xff, 0xd0, 0x0, 0x7f, 0xfe, 0x0, 0x6d, 0xff, 0xfd, 0xaa, 0xad,
    0xff, 0xfa, 0x79, 0xff, 0xff, 0xff, 0xff, 0xff, 0xff, 0xfb, 0x9f, 0xff,
    0xff, 0xff, 0xff, 0xff, 0xff, 0xb9, 0xff, 0xd0, 0x0, 0x0, 0x0, 0xaf, 0xfb,
    0x9f, 0xfd, 0x0, 0x0, 0x0, 0xa, 0xff, 0xb9, 0xff, 0xd0, 0x0, 0x0, 0x0, 0xaf,
    0xfb, 0x9f, 0xfd, 0x0, 0x0, 0x0, 0xa, 0xff, 0xb0,

    /* U+0435 "е" */
    0x0, 0x2, 0x9e, 0xff, 0xc6, 0x0, 0x0, 0x4, 0xff, 0xff, 0xff, 0xfb, 0x0, 0x2,
    0xff, 0xfe, 0xab, 0xff, 0xf8, 0x0, 0x9f, 0xfe, 0x10, 0x6, 0xff, 0xf0, 0xe,
    0xff, 0x80, 0x0, 0xf, 0xff, 0x31, 0xff, 0xff, 0xff, 0xff, 0xff, 0xf5, 0x2f,
    0xff, 0xff, 0xff, 0xff, 0xff, 0x52, 0xff, 0xf7, 0x44, 0x44, 0x44, 0x41, 0xf,
    0xff, 0x80, 0x0, 0x0, 0x0, 0x0, 0xaf, 0xff, 0x40, 0x0, 0x4d, 0x20, 0x2,
    0xff, 0xff, 0xca, 0xdf, 0xfd, 0x0, 0x3, 0xef, 0xff, 0xff, 0xff, 0x50, 0x0,
    0x1, 0x8d, 0xff, 0xe9, 0x20, 0x0,

    /* U+0436 "ж" */
    0x2f, 0xff, 0xe0, 0x0, 0x5f, 0xff, 0x0, 0x4, 0xff, 0xfd, 0x0, 0x8f, 0xff,
    0x80, 0x5, 0xff, 0xf0, 0x0, 0xdf, 0xff, 0x30, 0x0, 0xdf, 0xff, 0x10, 0x5f,
    0xff, 0x0, 0x5f, 0xff, 0x80, 0x0, 0x3, 0xff, 0xf9, 0x5, 0xff, 0xf0, 0xe,
    0xff, 0xd0, 0x0, 0x0, 0x9, 0xff, 0xf2, 0x5f, 0xff, 0x7, 0xff, 0xf4, 0x0,
    0x0, 0x0, 0xe, 0xff, 0xff, 0xff, 0xff, 0xff, 0xf9, 0x0, 0x0, 0x0, 0x0, 0xaf,
    0xff, 0xff, 0xff, 0xff, 0xff, 0x70, 0x0, 0x0, 0x0, 0x4f, 0xff, 0xff, 0xff,
    0xff, 0xff, 0xff, 0x10, 0x0, 0x0, 0xd, 0xff, 0xe2, 0x7f, 0xff, 0x25, 0xff,
    0xf9, 0x0, 0x0, 0x6, 0xff, 0xf6, 0x5, 0xff, 0xf0, 0xb, 0xff, 0xf3, 0x0, 0x1,
    0xff, 0xfd, 0x0, 0x5f, 0xff, 0x0, 0x3f, 0xff, 0xc0, 0x0, 0xaf, 0xff, 0x50,
    0x5, 0xff, 0xf0, 0x0, 0xaf, 0xff, 0x60, 0x3f, 0xff, 0xc0, 0x0, 0x5f, 0xff,
    0x0, 0x2, 0xff, 0xfe, 0x10,

    /* U+0437 "з" */
    0x0, 0x7, 0xdf, 0xfe, 0xa4, 0x0, 0x1, 0xdf, 0xff, 0xff, 0xff, 0x80, 0xa,
    0xff, 0xf9, 0x8d, 0xff, 0xf2, 0xd, 0xee, 0x70, 0x1, 0xff, 0xf5, 0x0, 0x0,
    0x0, 0x2, 0xff, 0xf3, 0x0, 0x0, 0x59, 0x9e, 0xff, 0xa0, 0x0, 0x0, 0x9f,
    0xff, 0xfd, 0x10, 0x0, 0x0, 0x48, 0x8c, 0xff, 0xe1, 0x0, 0x0, 0x0, 0x0,
    0xef, 0xf7, 0x2e, 0xee, 0x50, 0x0, 0xef, 0xf9, 0xe, 0xff, 0xf9, 0x8c, 0xff,
    0xf5, 0x3, 0xff, 0xff, 0xff, 0xff, 0xa0, 0x0, 0x18, 0xdf, 0xfe, 0xb5, 0x0,

    /* U+0438 "и" */
    0xbf, 0xfa, 0x0, 0x5, 0xff, 0xf5, 0xbf, 0xfa, 0x0, 0xd, 0xff, 0xf5, 0xbf,
    0xfa, 0x0, 0x5f, 0xff, 0xf5, 0xbf, 0xfa, 0x0, 0xdf, 0xff, 0xf5, 0xbf, 0xfa,
    0x6, 0xff, 0xff, 0xf5, 0xbf, 0xfa, 0xe, 0xfa, 0xff, 0xf5, 0xbf, 0xfa, 0x7f,
    0xf2, 0xff, 0xf5, 0xbf, 0xfb, 0xef, 0x81, 0xff, 0xf5, 0xbf, 0xff, 0xff,
    0x11, 0xff, 0xf5, 0xbf, 0xff, 0xf7, 0x1, 0xff, 0xf5, 0xbf, 0xff, 0xe0, 0x1,
    0xff, 0xf5, 0xbf, 0xff, 0x70, 0x1, 0xff, 0xf5, 0xbf, 0xfe, 0x0, 0x1, 0xff,
    0xf5,

    /* U+0439 "й" */
    0x2, 0xff, 0x40, 0x8, 0xfe, 0x0, 0x0, 0xef, 0xb0, 0x2e, 0xfa, 0x0, 0x0,
    0x5f, 0xff, 0xff, 0xf2, 0x0, 0x0, 0x4, 0xbd, 0xd9, 0x20, 0x0, 0x0, 0x0, 0x0,
    0x0, 0x0, 0x0, 0xbf, 0xfa, 0x0, 0x5, 0xff, 0xf5, 0xbf, 0xfa, 0x0, 0xd, 0xff,
    0xf5, 0xbf, 0xfa, 0x0, 0x5f, 0xff, 0xf5, 0xbf, 0xfa, 0x0, 0xdf, 0xff, 0xf5,
    0xbf, 0xfa, 0x6, 0xff, 0xff, 0xf5, 0xbf, 0xfa, 0xe, 0xfa, 0xff, 0xf5, 0xbf,
    0xfa, 0x7f, 0xf2, 0xff, 0xf5, 0xbf, 0xfb, 0xef, 0x81, 0xff, 0xf5, 0xbf,
    0xff, 0xff, 0x11, 0xff, 0xf5, 0xbf, 0xff, 0xf7, 0x1, 0xff, 0xf5, 0xbf, 0xff,
    0xe0, 0x1, 0xff, 0xf5, 0xbf, 0xff, 0x70, 0x1, 0xff, 0xf5, 0xbf, 0xfe, 0x0,
    0x1, 0xff, 0xf5,

    /* U+043A "к" */
    0x7f, 0xfe, 0x0, 0x6, 0xff, 0xfc, 0x7, 0xff, 0xe0, 0x0, 0xef, 0xff, 0x20,
    0x7f, 0xfe, 0x0, 0x7f, 0xff, 0x70, 0x7, 0xff, 0xe0, 0x1f, 0xff, 0xc0, 0x0,
    0x7f, 0xfe, 0x9, 0xff, 0xf2, 0x0, 0x7, 0xff, 0xff, 0xff, 0xf7, 0x0, 0x0,
    0x7f, 0xff, 0xff, 0xff, 0x40, 0x0, 0x7, 0xff, 0xff, 0xff, 0xfd, 0x0, 0x0,
    0x7f, 0xfe, 0x29, 0xff, 0xf9, 0x0, 0x7, 0xff, 0xe0, 0xe, 0xff, 0xf3, 0x0,
    0x7f, 0xfe, 0x0, 0x6f, 0xff, 0xd0, 0x7, 0xff, 0xe0, 0x0, 0xdf, 0xff, 0x90,
    0x7f, 0xfe, 0x0, 0x4, 0xff, 0xff, 0x30,

    /* U+043B "л" */
    0x0, 0x4f, 0xff, 0xff, 0xff, 0xff, 0x50, 0x4, 0xff, 0xff, 0xff, 0xff, 0xf5,
    0x0, 0x5f, 0xff, 0xaa, 0xbf, 0xff, 0x50, 0x6, 0xff, 0xe0, 0x1, 0xff, 0xf5,
    0x0, 0x6f, 0xfd, 0x0, 0x1f, 0xff, 0x50, 0x7, 0xff, 0xc0, 0x1, 0xff, 0xf5,
    0x0, 0x8f, 0xfc, 0x0, 0x1f, 0xff, 0x50, 0xa, 0xff, 0xa0, 0x1, 0xff, 0xf5,
    0x0, 0xdf, 0xf8, 0x0, 0x1f, 0xff, 0x50, 0x3f, 0xff, 0x50, 0x1, 0xff, 0xf5,
    0x9f, 0xff, 0xf0, 0x0, 0x1f, 0xff, 0x5b, 0xff, 0xf7, 0x0, 0x1, 0xff, 0xf5,
    0xbf, 0xd6, 0x0, 0x0, 0x1f, 0xff, 0x50,

    /* U+043C "м" */
    0x7f, 0xff, 0xe0, 0x0, 0x0, 0xd, 0xff, 0xf9, 0x7f, 0xff, 0xf4, 0x0, 0x0,
    0x3f, 0xff, 0xf9, 0x7f, 0xff, 0xfa, 0x0, 0x0, 0x9f, 0xff, 0xf9, 0x7f, 0xff,
    0xff, 0x10, 0x0, 0xef, 0xff, 0xf9, 0x7f, 0xff, 0xff, 0x60, 0x5, 0xff, 0xff,
    0xf9, 0x7f, 0xfe, 0xef, 0xc0, 0xb, 0xff, 0xdf, 0xf9, 0x7f, 0xfe, 0x9f, 0xf2,
    0x1f, 0xfa, 0xcf, 0xf9, 0x7f, 0xfe, 0x3f, 0xf8, 0x7f, 0xf4, 0xcf, 0xf9,
    0x7f, 0xfe, 0xd, 0xfe, 0xdf, 0xd0, 0xcf, 0xf9, 0x7f, 0xfe, 0x7, 0xff, 0xff,
    0x70, 0xcf, 0xf9, 0x7f, 0xfe, 0x1, 0xff, 0xff, 0x10, 0xcf, 0xf9, 0x7f, 0xfe,
    0x0, 0xaf, 0xfb, 0x0, 0xcf, 0xf9, 0x7f, 0xfe, 0x0, 0x4f, 0xf5, 0x0, 0xcf,
    0xf9,

    /* U+043D "н" */
    0xbf, 0xfa, 0x0, 0x1, 0xff, 0xf4, 0xbf, 0xfa, 0x0, 0x1, 0xff, 0xf4, 0xbf,
    0xfa, 0x0, 0x1, 0xff, 0xf4, 0xbf, 0xfa, 0x0, 0x1, 0xff, 0xf4, 0xbf, 0xfa,
    0x0, 0x1, 0xff, 0xf4, 0xbf, 0xfe, 0xaa, 0xab, 0xff, 0xf4, 0xbf, 0xff, 0xff,
    0xff, 0xff, 0xf4, 0xbf, 0xff, 0xff, 0xff, 0xff, 0xf4, 0xbf, 0xfa, 0x0, 0x1,
    0xff, 0xf4, 0xbf, 0xfa, 0x0, 0x1, 0xff, 0xf4, 0xbf, 0xfa, 0x0, 0x1, 0xff,
    0xf4, 0xbf, 0xfa, 0x0, 0x1, 0xff, 0xf4, 0xbf, 0xfa, 0x0, 0x1, 0xff, 0xf4,

    /* U+043E "о" */
    0x0, 0x2, 0x9e, 0xff, 0xc6, 0x0, 0x0, 0x5, 0xff, 0xff, 0xff, 0xfc, 0x10,
    0x2, 0xff, 0xfe, 0xac, 0xff, 0xfb, 0x0, 0xaf, 0xfe, 0x10, 0x7, 0xff, 0xf3,
    0xf, 0xff, 0x70, 0x0, 0xe, 0xff, 0x82, 0xff, 0xf3, 0x0, 0x0, 0xaf, 0xfb,
    0x3f, 0xff, 0x20, 0x0, 0x9, 0xff, 0xc2, 0xff, 0xf3, 0x0, 0x0, 0xaf, 0xfb,
    0xf, 0xff, 0x60, 0x0, 0xd, 0xff, 0x80, 0xaf, 0xfd, 0x10, 0x6, 0xff, 0xf3,
    0x2, 0xff, 0xfe, 0xac, 0xff, 0xfb, 0x0, 0x5, 0xff, 0xff, 0xff, 0xfc, 0x10,
    0x0, 0x2, 0x9e, 0xff, 0xc7, 0x0, 0x0,

    /* U+043F "п" */
    0xbf, 0xff, 0xff, 0xff, 0xff, 0xf5, 0xbf, 0xff, 0xff, 0xff, 0xff, 0xf5,
    0xbf, 0xfe, 0xaa, 0xab, 0xff, 0xf5, 0xbf, 0xfa, 0x0, 0x1, 0xff, 0xf5, 0xbf,
    0xfa, 0x0, 0x1, 0xff, 0xf5, 0xbf, 0xfa, 0x0, 0x1, 0xff, 0xf5, 0xbf, 0xfa,
    0x0, 0x1, 0xff, 0xf5, 0xbf, 0xfa, 0x0, 0x1, 0xff, 0xf5, 0xbf, 0xfa, 0x0,
    0x1, 0xff, 0xf5, 0xbf, 0xfa, 0x0, 0x1, 0xff, 0xf5, 0xbf, 0xfa, 0x0, 0x1,
    0xff, 0xf5, 0xbf, 0xfa, 0x0, 0x1, 0xff, 0xf5, 0xbf, 0xfa, 0x0, 0x1, 0xff,
    0xf5,

    /* U+0440 "р" */
    0xbf, 0xf7, 0x5d, 0xff, 0xb3, 0x0, 0xbf, 0xfe, 0xff, 0xff, 0xff, 0x40, 0xbf,
    0xff, 0xc7, 0x8f, 0xff, 0xe0, 0xbf, 0xfd, 0x0, 0x4, 0xff, 0xf5, 0xbf, 0xfb,
    0x0, 0x0, 0xdf, 0xf8, 0xbf, 0xfb, 0x0, 0x0, 0xbf, 0xfa, 0xbf, 0xfb, 0x0,
    0x0, 0xaf, 0xfb, 0xbf, 0xfb, 0x0, 0x0, 0xbf, 0xfa, 0xbf, 0xfb, 0x0, 0x0,
    0xef, 0xf8, 0xbf, 0xfe, 0x10, 0x6, 0xff, 0xf4, 0xbf, 0xff, 0xfb, 0xcf, 0xff,
    0xd0, 0xbf, 0xff, 0xff, 0xff, 0xff, 0x30, 0xbf, 0xfb, 0x5c, 0xff, 0xa2, 0x0,
    0xbf, 0xfb, 0x0, 0x0, 0x0, 0x0, 0xbf, 0xfb, 0x0, 0x0, 0x0, 0x0, 0xbf, 0xfb,
    0x0, 0x0, 0x0, 0x0, 0xbf, 0xfb, 0x0, 0x0, 0x0, 0x0, 0xbf, 0xfb, 0x0, 0x0,
    0x0, 0x0,

    /* U+0441 "с" */
    0x0, 0x3, 0xae, 0xfe, 0xb4, 0x0, 0x0, 0x7f, 0xff, 0xff, 0xff, 0x80, 0x3,
    0xff, 0xfd, 0xad, 0xff, 0xf4, 0xb, 0xff, 0xc0, 0x0, 0xcf, 0xfa, 0xf, 0xff,
    0x50, 0x0, 0x5e, 0xeb, 0x2f, 0xff, 0x30, 0x0, 0x0, 0x0, 0x3f, 0xff, 0x20,
    0x0, 0x0, 0x0, 0x2f, 0xff, 0x30, 0x0, 0x0, 0x0, 0xf, 0xff, 0x50, 0x0, 0x39,
    0x97, 0xb, 0xff, 0xc0, 0x0, 0xaf, 0xfb, 0x3, 0xff, 0xfd, 0xad, 0xff, 0xf5,
    0x0, 0x7f, 0xff, 0xff, 0xff, 0x80, 0x0, 0x3, 0xae, 0xfe, 0xb4, 0x0,

    /* U+0442 "т" */
    0xaf, 0xff, 0xff, 0xff, 0xff, 0xfd, 0xaf, 0xff, 0xff, 0xff, 0xff, 0xfd,
    0x6a, 0xaa, 0xdf, 0xfe, 0xaa, 0xa8, 0x0, 0x0, 0x9f, 0xfc, 0x0, 0x0, 0x0,
    0x0, 0x9f, 0xfc, 0x0, 0x0, 0x0, 0x0, 0x9f, 0xfc, 0x0, 0x0, 0x0, 0x0, 0x9f,
    0xfc, 0x0, 0x0, 0x0, 0x0, 0x9f, 0xfc, 0x0, 0x0, 0x0, 0x0, 0x9f, 0xfc, 0x0,
    0x0, 0x0, 0x0, 0x9f, 0xfc, 0x0, 0x0, 0x0, 0x0, 0x9f, 0xfc, 0x0, 0x0, 0x0,
    0x0, 0x9f, 0xfc, 0x0, 0x0, 0x0, 0x0, 0x9f, 0xfc, 0x0, 0x0,

    /* U+0443 "у" */
    0xcf, 0xfd, 0x0, 0x0, 0xbf, 0xfe, 0x6, 0xff, 0xf1, 0x0, 0xf, 0xff, 0x80,
    0x1f, 0xff, 0x60, 0x4, 0xff, 0xf3, 0x0, 0xbf, 0xfb, 0x0, 0x9f, 0xfd, 0x0,
    0x6, 0xff, 0xf0, 0xe, 0xff, 0x80, 0x0, 0x1f, 0xff, 0x43, 0xff, 0xf2, 0x0,
    0x0, 0xbf, 0xf9, 0x7f, 0xfd, 0x0, 0x0, 0x5, 0xff, 0xec, 0xff, 0x70, 0x0,
    0x0, 0xf, 0xff, 0xff, 0xf2, 0x0, 0x0, 0x0, 0xaf, 0xff, 0xfc, 0x0, 0x0, 0x0,
    0x5, 0xff, 0xff, 0x60, 0x0, 0x0, 0x0, 0xf, 0xff, 0xf1, 0x0, 0x0, 0x0, 0x0,
    0xaf, 0xfb, 0x0, 0x0, 0x0, 0x0, 0xb, 0xff, 0x60, 0x0, 0x0, 0x0, 0x3, 0xff,
    0xf1, 0x0, 0x0, 0x0, 0x6c, 0xff, 0xfa, 0x0, 0x0, 0x0, 0x9, 0xff, 0xfe, 0x20,
    0x0, 0x0, 0x0, 0x8f, 0xfb, 0x20, 0x0, 0x0, 0x0,

    /* U+0444 "ф" */
    0x0, 0x0, 0x0, 0xf, 0xff, 0x70, 0x0, 0x0, 0x0, 0x0, 0x0, 0x0, 0xff, 0xf7,
    0x0, 0x0, 0x0, 0x0, 0x0, 0x0, 0xf, 0xff, 0x70, 0x0, 0x0, 0x0, 0x0, 0x0, 0x0,
    0xff, 0xf7, 0x0, 0x0, 0x0, 0x0, 0x0, 0x0, 0xf, 0xff, 0x70, 0x0, 0x0, 0x0,
    0x0, 0x8e, 0xfd, 0xff, 0xfe, 0xff, 0xc4, 0x0, 0x0, 0xbf, 0xff, 0xff, 0xff,
    0xff, 0xff, 0xf4, 0x0, 0x5f, 0xff, 0xda, 0xff, 0xfd, 0xbf, 0xff, 0xe0, 0xc,
    0xff, 0xd0, 0xf, 0xff, 0x70, 0x5f, 0xff, 0x50, 0xff, 0xf6, 0x0, 0xff, 0xf7,
    0x0, 0xef, 0xf8, 0x2f, 0xff, 0x30, 0xf, 0xff, 0x70, 0xb, 0xff, 0xb3, 0xff,
    0xf2, 0x0, 0xff, 0xf7, 0x0, 0xaf, 0xfb, 0x2f, 0xff, 0x30, 0xf, 0xff, 0x70,
    0xa, 0xff, 0xb1, 0xff, 0xf5, 0x0, 0xff, 0xf7, 0x0, 0xdf, 0xf9, 0xd, 0xff,
    0xc0, 0xf, 0xff, 0x70, 0x4f, 0xff, 0x60, 0x7f, 0xff, 0xda, 0xff, 0xfd, 0xbf,
    0xff, 0xf0, 0x0, 0xcf, 0xff, 0xff, 0xff, 0xff, 0xff, 0xf5, 0x0, 0x0, 0x8e,
    0xfd, 0xff, 0xfe, 0xff, 0xc4, 0x0, 0x0, 0x0, 0x0, 0xf, 0xff, 0x70, 0x0, 0x0,
    0x0, 0x0, 0x0, 0x0, 0xff, 0xf7, 0x0, 0x0, 0x0, 0x0, 0x0, 0x0, 0xf, 0xff,
    0x70, 0x0, 0x0, 0x0, 0x0, 0x0, 0x0, 0xff, 0xf7, 0x0, 0x0, 0x0, 0x0, 0x0,
    0x0, 0xf, 0xff, 0x70, 0x0, 0x0, 0x0,

    /* U+0445 "х" */
    0x4f, 0xff, 0x40, 0x1, 0xef, 0xf9, 0x0, 0xbf, 0xfd, 0x0, 0x8f, 0xff, 0x10,
    0x2, 0xff, 0xf5, 0x1f, 0xff, 0x70, 0x0, 0x9, 0xff, 0xda, 0xff, 0xe0, 0x0,
    0x0, 0x1f, 0xff, 0xff, 0xf5, 0x0, 0x0, 0x0, 0x7f, 0xff, 0xfc, 0x0, 0x0, 0x0,
    0x2, 0xff, 0xff, 0x70, 0x0, 0x0, 0x0, 0xaf, 0xff, 0xfe, 0x0, 0x0, 0x0, 0x3f,
    0xff, 0xff, 0xf8, 0x0, 0x0, 0xc, 0xff, 0xc7, 0xff, 0xf1, 0x0, 0x5, 0xff,
    0xf3, 0xe, 0xff, 0xa0, 0x0, 0xdf, 0xfb, 0x0, 0x6f, 0xff, 0x30, 0x7f, 0xff,
    0x20, 0x0, 0xdf, 0xfc, 0x0,

    /* U+0446 "ц" */
    0xbf, 0xfa, 0x0, 0x1, 0xff, 0xf5, 0x0, 0xbf, 0xfa, 0x0, 0x1, 0xff, 0xf5,
    0x0, 0xbf, 0xfa, 0x0, 0x1, 0xff, 0xf5, 0x0, 0xbf, 0xfa, 0x0, 0x1, 0xff,
    0xf5, 0x0, 0xbf, 0xfa, 0x0, 0x1, 0xff, 0xf5, 0x0, 0xbf, 0xfa, 0x0, 0x1,
    0xff, 0xf5, 0x0, 0xbf, 0xfa, 0x0, 0x1, 0xff, 0xf5, 0x0, 0xbf, 0xfa, 0x0,
    0x1, 0xff, 0xf5, 0x0, 0xbf, 0xfa, 0x0, 0x1, 0xff, 0xf5, 0x0, 0xbf, 0xfa,
    0x0, 0x1, 0xff, 0xf5, 0x0, 0xbf, 0xfe, 0xaa, 0xaa, 0xff, 0xfc, 0xa2, 0xbf,
    0xff, 0xff, 0xff, 0xff, 0xff, 0xf2, 0xbf, 0xff, 0xff, 0xff, 0xff, 0xff,
    0xf2, 0x0, 0x0, 0x0, 0x0, 0x2, 0xff, 0xf1, 0x0, 0x0, 0x0, 0x0, 0x2, 0xff,
    0xf1, 0x0, 0x0, 0x0, 0x0, 0x2, 0xff, 0xf0, 0x0, 0x0, 0x0, 0x0, 0x2, 0xff,
    0xf0,

    /* U+0447 "ч" */
    0xff, 0xf6, 0x0, 0x6, 0xff, 0xff, 0xff, 0x60, 0x0, 0x6f, 0xff, 0xff, 0xf6,
    0x0, 0x6, 0xff, 0xff, 0xff, 0x60, 0x0, 0x6f, 0xff, 0xff, 0xf7, 0x0, 0x6,
    0xff, 0xfc, 0xff, 0xb0, 0x0, 0x6f, 0xff, 0x7f, 0xff, 0xda, 0xbe, 0xff, 0xf0,
    0xbf, 0xff, 0xff, 0xff, 0xff, 0x0, 0x5b, 0xef, 0xfe, 0xff, 0xf0, 0x0, 0x0,
    0x0, 0x6f, 0xff, 0x0, 0x0, 0x0, 0x6, 0xff, 0xf0, 0x0, 0x0, 0x0, 0x6f, 0xff,
    0x0, 0x0, 0x0, 0x6, 0xff, 0xf0,

    /* U+0448 "ш" */
    0xbf, 0xfa, 0x0, 0xd, 0xff, 0x90, 0x0, 0xef, 0xf7, 0xbf, 0xfa, 0x0, 0xd,
    0xff, 0x90, 0x0, 0xef, 0xf7, 0xbf, 0xfa, 0x0, 0xd, 0xff, 0x90, 0x0, 0xef,
    0xf7, 0xbf, 0xfa, 0x0, 0xd, 0xff, 0x90, 0x0, 0xef, 0xf7, 0xbf, 0xfa, 0x0,
    0xd, 0xff, 0x90, 0x0, 0xef, 0xf7, 0xbf, 0xfa, 0x0, 0xd, 0xff, 0x90, 0x0,
    0xef, 0xf7, 0xbf, 0xfa, 0x0, 0xd, 0xff, 0x90, 0x0, 0xef, 0xf7, 0xbf, 0xfa,
    0x0, 0xd, 0xff, 0x90, 0x0, 0xef, 0xf7, 0xbf, 0xfa, 0x0, 0xd, 0xff, 0x90,
    0x0, 0xef, 0xf7, 0xbf, 0xfa, 0x0, 0xd, 0xff, 0x90, 0x0, 0xef, 0xf7, 0xbf,
    0xfe, 0xaa, 0xaf, 0xff, 0xda, 0xaa, 0xff, 0xf7, 0xbf, 0xff, 0xff, 0xff,
    0xff, 0xff, 0xff, 0xff, 0xf7, 0xbf, 0xff, 0xff, 0xff, 0xff, 0xff, 0xff,
    0xff, 0xf7,

    /* U+0449 "щ" */
    0xbf, 0xfa, 0x0, 0xd, 0xff, 0x80, 0x0, 0xff, 0xf6, 0x0, 0xbf, 0xfa, 0x0,
    0xd, 0xff, 0x80, 0x0, 0xff, 0xf6, 0x0, 0xbf, 0xfa, 0x0, 0xd, 0xff, 0x80,
    0x0, 0xff, 0xf6, 0x0, 0xbf, 0xfa, 0x0, 0xd, 0xff, 0x80, 0x0, 0xff, 0xf6,
    0x0, 0xbf, 0xfa, 0x0, 0xd, 0xff, 0x80, 0x0, 0xff, 0xf6, 0x0, 0xbf, 0xfa,
    0x0, 0xd, 0xff, 0x80, 0x0, 0xff, 0xf6, 0x0, 0xbf, 0xfa, 0x0, 0xd, 0xff,
    0x80, 0x0, 0xff, 0xf6, 0x0, 0xbf, 0xfa, 0x0, 0xd, 0xff, 0x80, 0x0, 0xff,
    0xf6, 0x0, 0xbf, 0xfa, 0x0, 0xd, 0xff, 0x80, 0x0, 0xff, 0xf6, 0x0, 0xbf,
    0xfa, 0x0, 0xd, 0xff, 0x80, 0x0, 0xff, 0xf6, 0x0, 0xbf, 0xfd, 0xaa, 0xaf,
    0xff, 0xda, 0xaa, 0xff, 0xfc, 0xa9, 0xbf, 0xff, 0xff, 0xff, 0xff, 0xff,
    0xff, 0xff, 0xff, 0xfe, 0xbf, 0xff, 0xff, 0xff, 0xff, 0xff, 0xff, 0xff,
    0xff, 0xfe, 0x0, 0x0, 0x0, 0x0, 0x0, 0x0, 0x0, 0x0, 0x6f, 0xfd, 0x0, 0x0,
    0x0, 0x0, 0x0, 0x0, 0x0, 0x0, 0x6f, 0xfd, 0x0, 0x0, 0x0, 0x0, 0x0, 0x0, 0x0,
    0x0, 0x6f, 0xfc, 0x0, 0x0, 0x0, 0x0, 0x0, 0x0, 0x0, 0x0, 0x6f, 0xfc,

    /* U+044A "ъ" */
    0x9f, 0xff, 0xff, 0xf6, 0x0, 0x0, 0x0, 0x0, 0x9f, 0xff, 0xff, 0xf6, 0x0,
    0x0, 0x0, 0x0, 0x6a, 0xaa, 0xff, 0xf6, 0x0, 0x0, 0x0, 0x0, 0x0, 0x0, 0xff,
    0xf6, 0x0, 0x0, 0x0, 0x0, 0x0, 0x0, 0xff, 0xff, 0xff, 0xfd, 0x81, 0x0, 0x0,
    0x0, 0xff, 0xff, 0xff, 0xff, 0xfe, 0x20, 0x0, 0x0, 0xff, 0xfc, 0xaa, 0xbf,
    0xff, 0xd0, 0x0, 0x0, 0xff, 0xf6, 0x0, 0x6, 0xff, 0xf3, 0x0, 0x0, 0xff,
    0xf6, 0x0, 0x1, 0xff, 0xf4, 0x0, 0x0, 0xff, 0xf6, 0x0, 0x5, 0xff, 0xf3, 0x0,
    0x0, 0xff, 0xfc, 0xaa, 0xbf, 0xff, 0xd0, 0x0, 0x0, 0xff, 0xff, 0xff, 0xff,
    0xfe, 0x20, 0x0, 0x0, 0xff, 0xff, 0xff, 0xfd, 0x81, 0x0,

    /* U+044B "ы" */
    0x7f, 0xfe, 0x0, 0x0, 0x0, 0x0, 0x2, 0xff, 0xf3, 0x7f, 0xfe, 0x0, 0x0, 0x0,
    0x0, 0x2, 0xff, 0xf3, 0x7f, 0xfe, 0x0, 0x0, 0x0, 0x0, 0x2, 0xff, 0xf3, 0x7f,
    0xfe, 0x0, 0x0, 0x0, 0x0, 0x2, 0xff, 0xf3, 0x7f, 0xff, 0xff, 0xfe, 0xb4,
    0x0, 0x2, 0xff, 0xf3, 0x7f, 0xff, 0xff, 0xff, 0xff, 0x90, 0x2, 0xff, 0xf3,
    0x7f, 0xff, 0xaa, 0xae, 0xff, 0xf5, 0x2, 0xff, 0xf3, 0x7f, 0xfe, 0x0, 0x0,
    0xdf, 0xfb, 0x2, 0xff, 0xf3, 0x7f, 0xfe, 0x0, 0x0, 0x9f, 0xfc, 0x2, 0xff,
    0xf3, 0x7f, 0xfe, 0x0, 0x0, 0xdf, 0xfb, 0x2, 0xff, 0xf3, 0x7f, 0xff, 0xaa,
    0xad, 0xff, 0xf5, 0x2, 0xff, 0xf3, 0x7f, 0xff, 0xff, 0xff, 0xff, 0x90, 0x2,
    0xff, 0xf3, 0x7f, 0xff, 0xff, 0xfe, 0xb4, 0x0, 0x2, 0xff, 0xf3,

    /* U+044C "ь" */
    0x7f, 0xfe, 0x0, 0x0, 0x0, 0x0, 0x7f, 0xfe, 0x0, 0x0, 0x0, 0x0, 0x7f, 0xfe,
    0x0, 0x0, 0x0, 0x0, 0x7f, 0xfe, 0x0, 0x0, 0x0, 0x0, 0x7f, 0xff, 0xff, 0xfe,
    0xb4, 0x0, 0x7f, 0xff, 0xff, 0xff, 0xff, 0x90, 0x7f, 0xff, 0xaa, 0xae, 0xff,
    0xf5, 0x7f, 0xfe, 0x0, 0x0, 0xdf, 0xfb, 0x7f, 0xfe, 0x0, 0x0, 0x9f, 0xfc,
    0x7f, 0xfe, 0x0, 0x0, 0xdf, 0xfb, 0x7f, 0xff, 0xaa, 0xad, 0xff, 0xf5, 0x7f,
    0xff, 0xff, 0xff, 0xff, 0x90, 0x7f, 0xff, 0xff, 0xfe, 0xb4, 0x0,

    /* U+044D "э" */
    0x0, 0x18, 0xdf, 0xfd, 0x70, 0x0, 0x2, 0xef, 0xff, 0xff, 0xfd, 0x10, 0xd,
    0xff, 0xfb, 0xbf, 0xff, 0xc0, 0x2f, 0xff, 0x20, 0x5, 0xff, 0xf4, 0x14, 0x43,
    0x0, 0x0, 0xdf, 0xf9, 0x0, 0x0, 0x1f, 0xff, 0xff, 0xfc, 0x0, 0x0, 0x1f,
    0xff, 0xff, 0xfc, 0x3, 0x32, 0x0, 0x0, 0xaf, 0xfb, 0x3f, 0xff, 0x0, 0x0,
    0xdf, 0xf9, 0xf, 0xff, 0x60, 0x5, 0xff, 0xf4, 0xa, 0xff, 0xfb, 0xbf, 0xff,
    0xc0, 0x1, 0xdf, 0xff, 0xff, 0xfd, 0x10, 0x0, 0x7, 0xdf, 0xfd, 0x70, 0x0,

    /* U+044E "ю" */
    0x6f, 0xff, 0x0, 0x0, 0x3a, 0xef, 0xfc, 0x60, 0x0, 0x6f, 0xff, 0x0, 0x6,
    0xff, 0xff, 0xff, 0xfc, 0x0, 0x6f, 0xff, 0x0, 0x4f, 0xff, 0xb6, 0x9f, 0xff,
    0xa0, 0x6f, 0xff, 0x0, 0xcf, 0xfb, 0x0, 0x6, 0xff, 0xf2, 0x6f, 0xff, 0x1,
    0xff, 0xf4, 0x0, 0x0, 0xef, 0xf7, 0x6f, 0xff, 0xab, 0xff, 0xf1, 0x0, 0x0,
    0xbf, 0xfa, 0x6f, 0xff, 0xff, 0xff, 0xf1, 0x0, 0x0, 0xbf, 0xfa, 0x6f, 0xff,
    0xff, 0xff, 0xf1, 0x0, 0x0, 0xbf, 0xfa, 0x6f, 0xff, 0x1, 0xff, 0xf4, 0x0,
    0x0, 0xef, 0xf7, 0x6f, 0xff, 0x0, 0xcf, 0xfb, 0x0, 0x5, 0xff, 0xf2, 0x6f,
    0xff, 0x0, 0x4f, 0xff, 0xb7, 0x9f, 0xff, 0xa0, 0x6f, 0xff, 0x0, 0x6, 0xff,
    0xff, 0xff, 0xfc, 0x0, 0x6f, 0xff, 0x0, 0x0, 0x3a, 0xef, 0xfc, 0x60, 0x0,

    /* U+044F "я" */
    0x0, 0x7, 0xcf, 0xff, 0xff, 0xfe, 0x1, 0xdf, 0xff, 0xff, 0xff, 0xfe, 0xb,
    0xff, 0xfc, 0xaa, 0xcf, 0xfe, 0xf, 0xff, 0x90, 0x0, 0x7f, 0xfe, 0x1f, 0xff,
    0x50, 0x0, 0x7f, 0xfe, 0xe, 0xff, 0xc2, 0x0, 0x7f, 0xfe, 0x5, 0xff, 0xff,
    0xff, 0xff, 0xfe, 0x0, 0x4e, 0xff, 0xff, 0xff, 0xfe, 0x0, 0x1f, 0xff, 0x85,
    0xaf, 0xfe, 0x0, 0x9f, 0xfc, 0x0, 0x7f, 0xfe, 0x2, 0xff, 0xf4, 0x0, 0x7f,
    0xfe, 0xa, 0xff, 0xb0, 0x0, 0x7f, 0xfe, 0x3f, 0xff, 0x30, 0x0, 0x7f, 0xfe,

    /* U+0451 "ё" */
    0x0, 0xaf, 0xa0, 0x1, 0xcf, 0x60, 0x0, 0x1f, 0xff, 0x0, 0x5f, 0xfd, 0x0,
    0x0, 0x9e, 0x90, 0x1, 0xce, 0x50, 0x0, 0x0, 0x0, 0x0, 0x0, 0x0, 0x0, 0x0,
    0x2, 0x9e, 0xff, 0xc6, 0x0, 0x0, 0x4, 0xff, 0xff, 0xff, 0xfb, 0x0, 0x2,
    0xff, 0xfe, 0xab, 0xff, 0xf8, 0x0, 0x9f, 0xfe, 0x10, 0x6, 0xff, 0xf0, 0xe,
    0xff, 0x80, 0x0, 0xf, 0xff, 0x31, 0xff, 0xff, 0xff, 0xff, 0xff, 0xf5, 0x2f,
    0xff, 0xff, 0xff, 0xff, 0xff, 0x52, 0xff, 0xf7, 0x44, 0x44, 0x44, 0x41, 0xf,
    0xff, 0x80, 0x0, 0x0, 0x0, 0x0, 0xaf, 0xff, 0x40, 0x0, 0x4d, 0x20, 0x2,
    0xff, 0xff, 0xca, 0xdf, 0xfd, 0x0, 0x3, 0xef, 0xff, 0xff, 0xff, 0x50, 0x0,
    0x1, 0x8d, 0xff, 0xe9, 0x20, 0x0};

/*---------------------
 *  GLYPH DESCRIPTION
 *--------------------*/

static const lv_font_fmt_txt_glyph_dsc_t glyph_dsc[] = {
    {.bitmap_index = 0,
     .adv_w = 0,
     .box_w = 0,
     .box_h = 0,
     .ofs_x = 0,
     .ofs_y = 0} /* id = 0 reserved */,
    {.bitmap_index = 0,
     .adv_w = 95,
     .box_w = 0,
     .box_h = 0,
     .ofs_x = 0,
     .ofs_y = 0},
    {.bitmap_index = 0,
     .adv_w = 104,
     .box_w = 5,
     .box_h = 17,
     .ofs_x = 1,
     .ofs_y = 0},
    {.bitmap_index = 43,
     .adv_w = 122,
     .box_w = 7,
     .box_h = 7,
     .ofs_x = 0,
     .ofs_y = 11},
    {.bitmap_index = 68,
     .adv_w = 227,
     .box_w = 14,
     .box_h = 17,
     .ofs_x = 0,
     .ofs_y = 0},
    {.bitmap_index = 187,
     .adv_w = 220,
     .box_w = 12,
     .box_h = 23,
     .ofs_x = 1,
     .ofs_y = -3},
    {.bitmap_index = 325,
     .adv_w = 284,
     .box_w = 16,
     .box_h = 17,
     .ofs_x = 1,
     .ofs_y = 0},
    {.bitmap_index = 461,
     .adv_w = 253,
     .box_w = 16,
     .box_h = 17,
     .ofs_x = 0,
     .ofs_y = 0},
    {.bitmap_index = 597,
     .adv_w = 62,
     .box_w = 4,
     .box_h = 7,
     .ofs_x = 0,
     .ofs_y = 11},
    {.bitmap_index = 611,
     .adv_w = 134,
     .box_w = 7,
     .box_h = 26,
     .ofs_x = 1,
     .ofs_y = -6},
    {.bitmap_index = 702,
     .adv_w = 135,
     .box_w = 8,
     .box_h = 26,
     .ofs_x = 0,
     .ofs_y = -6},
    {.bitmap_index = 806,
     .adv_w = 174,
     .box_w = 11,
     .box_h = 11,
     .ofs_x = 0,
     .ofs_y = 6},
    {.bitmap_index = 867,
     .adv_w = 209,
     .box_w = 13,
     .box_h = 13,
     .ofs_x = 0,
     .ofs_y = 2},
    {.bitmap_index = 952,
     .adv_w = 95,
     .box_w = 5,
     .box_h = 8,
     .ofs_x = 0,
     .ofs_y = -5},
    {.bitmap_index = 972,
     .adv_w = 151,
     .box_w = 7,
     .box_h = 3,
     .ofs_x = 1,
     .ofs_y = 6},
    {.bitmap_index = 983,
     .adv_w = 111,
     .box_w = 5,
     .box_h = 4,
     .ofs_x = 1,
     .ofs_y = 0},
    {.bitmap_index = 993,
     .adv_w = 143,
     .box_w = 10,
     .box_h = 19,
     .ofs_x = -1,
     .ofs_y = -2},
    {.bitmap_index = 1088,
     .adv_w = 220,
     .box_w = 12,
     .box_h = 17,
     .ofs_x = 1,
     .ofs_y = 0},
    {.bitmap_index = 1190,
     .adv_w = 220,
     .box_w = 9,
     .box_h = 17,
     .ofs_x = 1,
     .ofs_y = 0},
    {.bitmap_index = 1267,
     .adv_w = 220,
     .box_w = 13,
     .box_h = 17,
     .ofs_x = 0,
     .ofs_y = 0},
    {.bitmap_index = 1378,
     .adv_w = 220,
     .box_w = 13,
     .box_h = 17,
     .ofs_x = 0,
     .ofs_y = 0},
    {.bitmap_index = 1489,
     .adv_w = 220,
     .box_w = 14,
     .box_h = 17,
     .ofs_x = 0,
     .ofs_y = 0},
    {.bitmap_index = 1608,
     .adv_w = 220,
     .box_w = 12,
     .box_h = 17,
     .ofs_x = 1,
     .ofs_y = 0},
    {.bitmap_index = 1710,
     .adv_w = 220,
     .box_w = 12,
     .box_h = 17,
     .ofs_x = 1,
     .ofs_y = 0},
    {.bitmap_index = 1812,
     .adv_w = 220,
     .box_w = 13,
     .box_h = 17,
     .ofs_x = 0,
     .ofs_y = 0},
    {.bitmap_index = 1923,
     .adv_w = 220,
     .box_w = 12,
     .box_h = 17,
     .ofs_x = 1,
     .ofs_y = 0},
    {.bitmap_index = 2025,
     .adv_w = 220,
     .box_w = 12,
     .box_h = 17,
     .ofs_x = 1,
     .ofs_y = 0},
    {.bitmap_index = 2127,
     .adv_w = 108,
     .box_w = 5,
     .box_h = 13,
     .ofs_x = 1,
     .ofs_y = 0},
    {.bitmap_index = 2160,
     .adv_w = 101,
     .box_w = 6,
     .box_h = 18,
     .ofs_x = 0,
     .ofs_y = -5},
    {.bitmap_index = 2214,
     .adv_w = 196,
     .box_w = 11,
     .box_h = 12,
     .ofs_x = 0,
     .ofs_y = 1},
    {.bitmap_index = 2280,
     .adv_w = 220,
     .box_w = 12,
     .box_h = 8,
     .ofs_x = 1,
     .ofs_y = 4},
    {.bitmap_index = 2328,
     .adv_w = 198,
     .box_w = 11,
     .box_h = 12,
     .ofs_x = 1,
     .ofs_y = 1},
    {.bitmap_index = 2394,
     .adv_w = 191,
     .box_w = 12,
     .box_h = 17,
     .ofs_x = 0,
     .ofs_y = 0},
    {.bitmap_index = 2496,
     .adv_w = 344,
     .box_w = 21,
     .box_h = 22,
     .ofs_x = 0,
     .ofs_y = -5},
    {.bitmap_index = 2727,
     .adv_w = 258,
     .box_w = 17,
     .box_h = 17,
     .ofs_x = 0,
     .ofs_y = 0},
    {.bitmap_index = 2872,
     .adv_w = 245,
     .box_w = 14,
     .box_h = 17,
     .ofs_x = 1,
     .ofs_y = 0},
    {.bitmap_index = 2991,
     .adv_w = 251,
     .box_w = 14,
     .box_h = 17,
     .ofs_x = 1,
     .ofs_y = 0},
    {.bitmap_index = 3110,
     .adv_w = 250,
     .box_w = 14,
     .box_h = 17,
     .ofs_x = 1,
     .ofs_y = 0},
    {.bitmap_index = 3229,
     .adv_w = 216,
     .box_w = 12,
     .box_h = 17,
     .ofs_x = 1,
     .ofs_y = 0},
    {.bitmap_index = 3331,
     .adv_w = 211,
     .box_w = 12,
     .box_h = 17,
     .ofs_x = 1,
     .ofs_y = 0},
    {.bitmap_index = 3433,
     .adv_w = 262,
     .box_w = 15,
     .box_h = 17,
     .ofs_x = 1,
     .ofs_y = 0},
    {.bitmap_index = 3561,
     .adv_w = 271,
     .box_w = 15,
     .box_h = 17,
     .ofs_x = 1,
     .ofs_y = 0},
    {.bitmap_index = 3689,
     .adv_w = 112,
     .box_w = 5,
     .box_h = 17,
     .ofs_x = 1,
     .ofs_y = 0},
    {.bitmap_index = 3732,
     .adv_w = 215,
     .box_w = 12,
     .box_h = 17,
     .ofs_x = 0,
     .ofs_y = 0},
    {.bitmap_index = 3834,
     .adv_w = 244,
     .box_w = 15,
     .box_h = 17,
     .ofs_x = 1,
     .ofs_y = 0},
    {.bitmap_index = 3962,
     .adv_w = 208,
     .box_w = 12,
     .box_h = 17,
     .ofs_x = 1,
     .ofs_y = 0},
    {.bitmap_index = 4064,
     .adv_w = 336,
     .box_w = 19,
     .box_h = 17,
     .ofs_x = 1,
     .ofs_y = 0},
    {.bitmap_index = 4226,
     .adv_w = 271,
     .box_w = 15,
     .box_h = 17,
     .ofs_x = 1,
     .ofs_y = 0},
    {.bitmap_index = 4354,
     .adv_w = 265,
     .box_w = 15,
     .box_h = 17,
     .ofs_x = 1,
     .ofs_y = 0},
    {.bitmap_index = 4482,
     .adv_w = 248,
     .box_w = 14,
     .box_h = 17,
     .ofs_x = 1,
     .ofs_y = 0},
    {.bitmap_index = 4601,
     .adv_w = 265,
     .box_w = 16,
     .box_h = 20,
     .ofs_x = 0,
     .ofs_y = -3},
    {.bitmap_index = 4761,
     .adv_w = 246,
     .box_w = 14,
     .box_h = 17,
     .ofs_x = 1,
     .ofs_y = 0},
    {.bitmap_index = 4880,
     .adv_w = 236,
     .box_w = 14,
     .box_h = 17,
     .ofs_x = 0,
     .ofs_y = 0},
    {.bitmap_index = 4999,
     .adv_w = 238,
     .box_w = 15,
     .box_h = 17,
     .ofs_x = 0,
     .ofs_y = 0},
    {.bitmap_index = 5127,
     .adv_w = 253,
     .box_w = 14,
     .box_h = 17,
     .ofs_x = 1,
     .ofs_y = 0},
    {.bitmap_index = 5246,
     .adv_w = 251,
     .box_w = 16,
     .box_h = 17,
     .ofs_x = 0,
     .ofs_y = 0},
    {.bitmap_index = 5382,
     .adv_w = 336,
     .box_w = 21,
     .box_h = 17,
     .ofs_x = 0,
     .ofs_y = 0},
    {.bitmap_index = 5561,
     .adv_w = 244,
     .box_w = 15,
     .box_h = 17,
     .ofs_x = 0,
     .ofs_y = 0},
    {.bitmap_index = 5689,
     .adv_w = 238,
     .box_w = 15,
     .box_h = 17,
     .ofs_x = 0,
     .ofs_y = 0},
    {.bitmap_index = 5817,
     .adv_w = 233,
     .box_w = 14,
     .box_h = 17,
     .ofs_x = 0,
     .ofs_y = 0},
    {.bitmap_index = 5936,
     .adv_w = 106,
     .box_w = 6,
     .box_h = 24,
     .ofs_x = 1,
     .ofs_y = -4},
    {.bitmap_index = 6008,
     .adv_w = 162,
     .box_w = 12,
     .box_h = 19,
     .ofs_x = -1,
     .ofs_y = -2},
    {.bitmap_index = 6122,
     .adv_w = 106,
     .box_w = 6,
     .box_h = 24,
     .ofs_x = 0,
     .ofs_y = -4},
    {.bitmap_index = 6194,
     .adv_w = 168,
     .box_w = 10,
     .box_h = 9,
     .ofs_x = 0,
     .ofs_y = 9},
    {.bitmap_index = 6239,
     .adv_w = 171,
     .box_w = 11,
     .box_h = 3,
     .ofs_x = 0,
     .ofs_y = -3},
    {.bitmap_index = 6256,
     .adv_w = 127,
     .box_w = 7,
     .box_h = 4,
     .ofs_x = 0,
     .ofs_y = 14},
    {.bitmap_index = 6270,
     .adv_w = 206,
     .box_w = 13,
     .box_h = 13,
     .ofs_x = 0,
     .ofs_y = 0},
    {.bitmap_index = 6355,
     .adv_w = 216,
     .box_w = 12,
     .box_h = 18,
     .ofs_x = 1,
     .ofs_y = 0},
    {.bitmap_index = 6463,
     .adv_w = 200,
     .box_w = 12,
     .box_h = 13,
     .ofs_x = 0,
     .ofs_y = 0},
    {.bitmap_index = 6541,
     .adv_w = 216,
     .box_w = 13,
     .box_h = 18,
     .ofs_x = 0,
     .ofs_y = 0},
    {.bitmap_index = 6658,
     .adv_w = 207,
     .box_w = 13,
     .box_h = 13,
     .ofs_x = 0,
     .ofs_y = 0},
    {.bitmap_index = 6743,
     .adv_w = 137,
     .box_w = 9,
     .box_h = 18,
     .ofs_x = 0,
     .ofs_y = 0},
    {.bitmap_index = 6824,
     .adv_w = 219,
     .box_w = 13,
     .box_h = 18,
     .ofs_x = 0,
     .ofs_y = -5},
    {.bitmap_index = 6941,
     .adv_w = 215,
     .box_w = 12,
     .box_h = 18,
     .ofs_x = 1,
     .ofs_y = 0},
    {.bitmap_index = 7049,
     .adv_w = 102,
     .box_w = 5,
     .box_h = 18,
     .ofs_x = 1,
     .ofs_y = 0},
    {.bitmap_index = 7094,
     .adv_w = 100,
     .box_w = 8,
     .box_h = 23,
     .ofs_x = -2,
     .ofs_y = -5},
    {.bitmap_index = 7186,
     .adv_w = 205,
     .box_w = 13,
     .box_h = 18,
     .ofs_x = 1,
     .ofs_y = 0},
    {.bitmap_index = 7303,
     .adv_w = 102,
     .box_w = 4,
     .box_h = 18,
     .ofs_x = 1,
     .ofs_y = 0},
    {.bitmap_index = 7339,
     .adv_w = 333,
     .box_w = 19,
     .box_h = 13,
     .ofs_x = 1,
     .ofs_y = 0},
    {.bitmap_index = 7463,
     .adv_w = 215,
     .box_w = 12,
     .box_h = 13,
     .ofs_x = 1,
     .ofs_y = 0},
    {.bitmap_index = 7541,
     .adv_w = 217,
     .box_w = 13,
     .box_h = 13,
     .ofs_x = 0,
     .ofs_y = 0},
    {.bitmap_index = 7626,
     .adv_w = 216,
     .box_w = 12,
     .box_h = 18,
     .ofs_x = 1,
     .ofs_y = -5},
    {.bitmap_index = 7734,
     .adv_w = 217,
     .box_w = 13,
     .box_h = 18,
     .ofs_x = 0,
     .ofs_y = -5},
    {.bitmap_index = 7851,
     .adv_w = 141,
     .box_w = 8,
     .box_h = 14,
     .ofs_x = 1,
     .ofs_y = 0},
    {.bitmap_index = 7907,
     .adv_w = 197,
     .box_w = 12,
     .box_h = 13,
     .ofs_x = 0,
     .ofs_y = 0},
    {.bitmap_index = 7985,
     .adv_w = 130,
     .box_w = 8,
     .box_h = 16,
     .ofs_x = 0,
     .ofs_y = 0},
    {.bitmap_index = 8049,
     .adv_w = 215,
     .box_w = 12,
     .box_h = 13,
     .ofs_x = 1,
     .ofs_y = 0},
    {.bitmap_index = 8127,
     .adv_w = 194,
     .box_w = 12,
     .box_h = 13,
     .ofs_x = 0,
     .ofs_y = 0},
    {.bitmap_index = 8205,
     .adv_w = 282,
     .box_w = 18,
     .box_h = 13,
     .ofs_x = 0,
     .ofs_y = 0},
    {.bitmap_index = 8322,
     .adv_w = 195,
     .box_w = 13,
     .box_h = 13,
     .ofs_x = 0,
     .ofs_y = 0},
    {.bitmap_index = 8407,
     .adv_w = 193,
     .box_w = 13,
     .box_h = 18,
     .ofs_x = 0,
     .ofs_y = -5},
    {.bitmap_index = 8524,
     .adv_w = 195,
     .box_w = 12,
     .box_h = 13,
     .ofs_x = 0,
     .ofs_y = 0},
    {.bitmap_index = 8602,
     .adv_w = 127,
     .box_w = 8,
     .box_h = 24,
     .ofs_x = 0,
     .ofs_y = -5},
    {.bitmap_index = 8698,
     .adv_w = 97,
     .box_w = 3,
     .box_h = 21,
     .ofs_x = 2,
     .ofs_y = -4},
    {.bitmap_index = 8730,
     .adv_w = 127,
     .box_w = 8,
     .box_h = 24,
     .ofs_x = 0,
     .ofs_y = -5},
    {.bitmap_index = 8826,
     .adv_w = 249,
     .box_w = 14,
     .box_h = 5,
     .ofs_x = 1,
     .ofs_y = 4},
    {.bitmap_index = 8861,
     .adv_w = 150,
     .box_w = 7,
     .box_h = 7,
     .ofs_x = 1,
     .ofs_y = 11},
    {.bitmap_index = 8886,
     .adv_w = 216,
     .box_w = 12,
     .box_h = 21,
     .ofs_x = 1,
     .ofs_y = 0},
    {.bitmap_index = 9012,
     .adv_w = 258,
     .box_w = 17,
     .box_h = 17,
     .ofs_x = 0,
     .ofs_y = 0},
    {.bitmap_index = 9157,
     .adv_w = 241,
     .box_w = 14,
     .box_h = 17,
     .ofs_x = 1,
     .ofs_y = 0},
    {.bitmap_index = 9276,
     .adv_w = 245,
     .box_w = 14,
     .box_h = 17,
     .ofs_x = 1,
     .ofs_y = 0},
    {.bitmap_index = 9395,
     .adv_w = 214,
     .box_w = 12,
     .box_h = 17,
     .ofs_x = 1,
     .ofs_y = 0},
    {.bitmap_index = 9497,
     .adv_w = 286,
     .box_w = 18,
     .box_h = 21,
     .ofs_x = 0,
     .ofs_y = -4},
    {.bitmap_index = 9686,
     .adv_w = 216,
     .box_w = 12,
     .box_h = 17,
     .ofs_x = 1,
     .ofs_y = 0},
    {.bitmap_index = 9788,
     .adv_w = 384,
     .box_w = 24,
     .box_h = 17,
     .ofs_x = 0,
     .ofs_y = 0},
    {.bitmap_index = 9992,
     .adv_w = 237,
     .box_w = 14,
     .box_h = 17,
     .ofs_x = 0,
     .ofs_y = 0},
    {.bitmap_index = 10111,
     .adv_w = 269,
     .box_w = 15,
     .box_h = 17,
     .ofs_x = 1,
     .ofs_y = 0},
    {.bitmap_index = 10239,
     .adv_w = 269,
     .box_w = 15,
     .box_h = 22,
     .ofs_x = 1,
     .ofs_y = 0},
    {.bitmap_index = 10404,
     .adv_w = 248,
     .box_w = 15,
     .box_h = 17,
     .ofs_x = 1,
     .ofs_y = 0},
    {.bitmap_index = 10532,
     .adv_w = 271,
     .box_w = 16,
     .box_h = 17,
     .ofs_x = 0,
     .ofs_y = 0},
    {.bitmap_index = 10668,
     .adv_w = 336,
     .box_w = 19,
     .box_h = 17,
     .ofs_x = 1,
     .ofs_y = 0},
    {.bitmap_index = 10830,
     .adv_w = 271,
     .box_w = 15,
     .box_h = 17,
     .ofs_x = 1,
     .ofs_y = 0},
    {.bitmap_index = 10958,
     .adv_w = 265,
     .box_w = 15,
     .box_h = 17,
     .ofs_x = 1,
     .ofs_y = 0},
    {.bitmap_index = 11086,
     .adv_w = 272,
     .box_w = 15,
     .box_h = 17,
     .ofs_x = 1,
     .ofs_y = 0},
    {.bitmap_index = 11214,
     .adv_w = 248,
     .box_w = 14,
     .box_h = 17,
     .ofs_x = 1,
     .ofs_y = 0},
    {.bitmap_index = 11333,
     .adv_w = 251,
     .box_w = 14,
     .box_h = 17,
     .ofs_x = 1,
     .ofs_y = 0},
    {.bitmap_index = 11452,
     .adv_w = 238,
     .box_w = 15,
     .box_h = 17,
     .ofs_x = 0,
     .ofs_y = 0},
    {.bitmap_index = 11580,
     .adv_w = 242,
     .box_w = 15,
     .box_h = 17,
     .ofs_x = 0,
     .ofs_y = 0},
    {.bitmap_index = 11708,
     .adv_w = 314,
     .box_w = 19,
     .box_h = 19,
     .ofs_x = 0,
     .ofs_y = 0},
    {.bitmap_index = 11889,
     .adv_w = 244,
     .box_w = 15,
     .box_h = 17,
     .ofs_x = 0,
     .ofs_y = 0},
    {.bitmap_index = 12017,
     .adv_w = 291,
     .box_w = 17,
     .box_h = 21,
     .ofs_x = 1,
     .ofs_y = -4},
    {.bitmap_index = 12196,
     .adv_w = 267,
     .box_w = 15,
     .box_h = 17,
     .ofs_x = 1,
     .ofs_y = 0},
    {.bitmap_index = 12324,
     .adv_w = 368,
     .box_w = 21,
     .box_h = 17,
     .ofs_x = 1,
     .ofs_y = 0},
    {.bitmap_index = 12503,
     .adv_w = 392,
     .box_w = 23,
     .box_h = 21,
     .ofs_x = 1,
     .ofs_y = -4},
    {.bitmap_index = 12745,
     .adv_w = 297,
     .box_w = 18,
     .box_h = 17,
     .ofs_x = 0,
     .ofs_y = 0},
    {.bitmap_index = 12898,
     .adv_w = 334,
     .box_w = 19,
     .box_h = 17,
     .ofs_x = 1,
     .ofs_y = 0},
    {.bitmap_index = 13060,
     .adv_w = 240,
     .box_w = 14,
     .box_h = 17,
     .ofs_x = 1,
     .ofs_y = 0},
    {.bitmap_index = 13179,
     .adv_w = 249,
     .box_w = 15,
     .box_h = 17,
     .ofs_x = 0,
     .ofs_y = 0},
    {.bitmap_index = 13307,
     .adv_w = 364,
     .box_w = 21,
     .box_h = 17,
     .ofs_x = 1,
     .ofs_y = 0},
    {.bitmap_index = 13486,
     .adv_w = 228,
     .box_w = 14,
     .box_h = 17,
     .ofs_x = -1,
     .ofs_y = 0},
    {.bitmap_index = 13605,
     .adv_w = 206,
     .box_w = 13,
     .box_h = 13,
     .ofs_x = 0,
     .ofs_y = 0},
    {.bitmap_index = 13690,
     .adv_w = 219,
     .box_w = 13,
     .box_h = 19,
     .ofs_x = 0,
     .ofs_y = 0},
    {.bitmap_index = 13814,
     .adv_w = 217,
     .box_w = 12,
     .box_h = 13,
     .ofs_x = 1,
     .ofs_y = 0},
    {.bitmap_index = 13892,
     .adv_w = 161,
     .box_w = 9,
     .box_h = 13,
     .ofs_x = 1,
     .ofs_y = 0},
    {.bitmap_index = 13951,
     .adv_w = 242,
     .box_w = 15,
     .box_h = 17,
     .ofs_x = 0,
     .ofs_y = -4},
    {.bitmap_index = 14079,
     .adv_w = 207,
     .box_w = 13,
     .box_h = 13,
     .ofs_x = 0,
     .ofs_y = 0},
    {.bitmap_index = 14164,
     .adv_w = 329,
     .box_w = 21,
     .box_h = 13,
     .ofs_x = 0,
     .ofs_y = 0},
    {.bitmap_index = 14301,
     .adv_w = 197,
     .box_w = 12,
     .box_h = 13,
     .ofs_x = 0,
     .ofs_y = 0},
    {.bitmap_index = 14379,
     .adv_w = 218,
     .box_w = 12,
     .box_h = 13,
     .ofs_x = 1,
     .ofs_y = 0},
    {.bitmap_index = 14457,
     .adv_w = 218,
     .box_w = 12,
     .box_h = 18,
     .ofs_x = 1,
     .ofs_y = 0},
    {.bitmap_index = 14565,
     .adv_w = 216,
     .box_w = 13,
     .box_h = 13,
     .ofs_x = 1,
     .ofs_y = 0},
    {.bitmap_index = 14650,
     .adv_w = 218,
     .box_w = 13,
     .box_h = 13,
     .ofs_x = 0,
     .ofs_y = 0},
    {.bitmap_index = 14735,
     .adv_w = 292,
     .box_w = 16,
     .box_h = 13,
     .ofs_x = 1,
     .ofs_y = 0},
    {.bitmap_index = 14839,
     .adv_w = 217,
     .box_w = 12,
     .box_h = 13,
     .ofs_x = 1,
     .ofs_y = 0},
    {.bitmap_index = 14917,
     .adv_w = 217,
     .box_w = 13,
     .box_h = 13,
     .ofs_x = 0,
     .ofs_y = 0},
    {.bitmap_index = 15002,
     .adv_w = 218,
     .box_w = 12,
     .box_h = 13,
     .ofs_x = 1,
     .ofs_y = 0},
    {.bitmap_index = 15080,
     .adv_w = 216,
     .box_w = 12,
     .box_h = 18,
     .ofs_x = 1,
     .ofs_y = -5},
    {.bitmap_index = 15188,
     .adv_w = 200,
     .box_w = 12,
     .box_h = 13,
     .ofs_x = 0,
     .ofs_y = 0},
    {.bitmap_index = 15266,
     .adv_w = 196,
     .box_w = 12,
     .box_h = 13,
     .ofs_x = 0,
     .ofs_y = 0},
    {.bitmap_index = 15344,
     .adv_w = 193,
     .box_w = 13,
     .box_h = 18,
     .ofs_x = 0,
     .ofs_y = -5},
    {.bitmap_index = 15461,
     .adv_w = 281,
     .box_w = 17,
     .box_h = 23,
     .ofs_x = 0,
     .ofs_y = -5},
    {.bitmap_index = 15657,
     .adv_w = 195,
     .box_w = 13,
     .box_h = 13,
     .ofs_x = 0,
     .ofs_y = 0},
    {.bitmap_index = 15742,
     .adv_w = 234,
     .box_w = 14,
     .box_h = 17,
     .ofs_x = 1,
     .ofs_y = -4},
    {.bitmap_index = 15861,
     .adv_w = 213,
     .box_w = 11,
     .box_h = 13,
     .ofs_x = 1,
     .ofs_y = 0},
    {.bitmap_index = 15933,
     .adv_w = 318,
     .box_w = 18,
     .box_h = 13,
     .ofs_x = 1,
     .ofs_y = 0},
    {.bitmap_index = 16050,
     .adv_w = 346,
     .box_w = 20,
     .box_h = 17,
     .ofs_x = 1,
     .ofs_y = -4},
    {.bitmap_index = 16220,
     .adv_w = 253,
     .box_w = 16,
     .box_h = 13,
     .ofs_x = 0,
     .ofs_y = 0},
    {.bitmap_index = 16324,
     .adv_w = 318,
     .box_w = 18,
     .box_h = 13,
     .ofs_x = 1,
     .ofs_y = 0},
    {.bitmap_index = 16441,
     .adv_w = 214,
     .box_w = 12,
     .box_h = 13,
     .ofs_x = 1,
     .ofs_y = 0},
    {.bitmap_index = 16519,
     .adv_w = 199,
     .box_w = 12,
     .box_h = 13,
     .ofs_x = 0,
     .ofs_y = 0},
    {.bitmap_index = 16597,
     .adv_w = 312,
     .box_w = 18,
     .box_h = 13,
     .ofs_x = 1,
     .ofs_y = 0},
    {.bitmap_index = 16714,
     .adv_w = 215,
     .box_w = 12,
     .box_h = 13,
     .ofs_x = 0,
     .ofs_y = 0},
    {.bitmap_index = 16792,
     .adv_w = 207,
     .box_w = 13,
     .box_h = 17,
     .ofs_x = 0,
     .ofs_y = 0}};

/*---------------------
 *  CHARACTER MAPPING
 *--------------------*/

static const uint16_t unicode_list_1[] = {0x0, 0x351};

/*Collect the unicode lists and glyph_id offsets*/
static const lv_font_fmt_txt_cmap_t cmaps[] = {
    {.range_start = 32,
     .range_length = 95,
     .glyph_id_start = 1,
     .unicode_list = NULL,
     .glyph_id_ofs_list = NULL,
     .list_length = 0,
     .type = LV_FONT_FMT_TXT_CMAP_FORMAT0_TINY},
    {.range_start = 176,
     .range_length = 850,
     .glyph_id_start = 96,
     .unicode_list = unicode_list_1,
     .glyph_id_ofs_list = NULL,
     .list_length = 2,
     .type = LV_FONT_FMT_TXT_CMAP_SPARSE_TINY},
    {.range_start = 1040,
     .range_length = 64,
     .glyph_id_start = 98,
     .unicode_list = NULL,
     .glyph_id_ofs_list = NULL,
     .list_length = 0,
     .type = LV_FONT_FMT_TXT_CMAP_FORMAT0_TINY},
    {.range_start = 1105,
     .range_length = 1,
     .glyph_id_start = 162,
     .unicode_list = NULL,
     .glyph_id_ofs_list = NULL,
     .list_length = 0,
     .type = LV_FONT_FMT_TXT_CMAP_FORMAT0_TINY}};

/*-----------------
 *    KERNING
 *----------------*/

/*Pair left and right glyphs for kerning*/
static const uint8_t kern_pair_glyph_ids[] = {3, 3,  3, 8,  8, 3,  8, 8,  13,
                                              3, 13, 8, 15, 3, 15, 8, 16, 16};

/* Kerning between the respective left and right glyphs
 * 4.4 format which needs to scaled with `kern_scale`*/
static const int8_t kern_pair_values[] = {-11, -11, -11, -11, -46,
                                          -46, -46, -46, -45};

/*Collect the kern pair's data in one place*/
static const lv_font_fmt_txt_kern_pair_t kern_pairs = {
    .glyph_ids = kern_pair_glyph_ids,
    .values = kern_pair_values,
    .pair_cnt = 9,
    .glyph_ids_size = 0};

/*--------------------
 *  ALL CUSTOM DATA
 *--------------------*/

#if LVGL_VERSION_MAJOR == 8
/*Store all the custom data of the font*/
static lv_font_fmt_txt_glyph_cache_t cache;
#endif

#if LVGL_VERSION_MAJOR >= 8
static const lv_font_fmt_txt_dsc_t font_dsc = {
#else
static lv_font_fmt_txt_dsc_t font_dsc = {
#endif
    .glyph_bitmap = glyph_bitmap,
    .glyph_dsc = glyph_dsc,
    .cmaps = cmaps,
    .kern_dsc = &kern_pairs,
    .kern_scale = 16,
    .cmap_num = 4,
    .bpp = 4,
    .kern_classes = 0,
    .bitmap_format = 0,
#if LVGL_VERSION_MAJOR == 8
    .cache = &cache
#endif
};

/*-----------------
 *  PUBLIC FONT
 *----------------*/

/*Initialize a public general font descriptor*/
#if LVGL_VERSION_MAJOR >= 8
const lv_font_t ui_font_roboto24 = {
#else
lv_font_t ui_font_roboto24 = {
#endif
    .get_glyph_dsc =
        lv_font_get_glyph_dsc_fmt_txt, /*Function pointer to get glyph's data*/
    .get_glyph_bitmap =
        lv_font_get_bitmap_fmt_txt, /*Function pointer to get glyph's bitmap*/
    .line_height = 28, /*The maximum line height required by the font*/
    .base_line = 6,    /*Baseline measured from the bottom of the line*/
#if !(LVGL_VERSION_MAJOR == 6 && LVGL_VERSION_MINOR == 0)
    .subpx = LV_FONT_SUBPX_NONE,
#endif
#if LV_VERSION_CHECK(7, 4, 0) || LVGL_VERSION_MAJOR >= 8
    .underline_position = -2,
    .underline_thickness = 1,
#endif
    .dsc = &font_dsc, /*The custom font data. Will be accessed by
                         `get_glyph_bitmap/dsc` */
#if LV_VERSION_CHECK(8, 2, 0) || LVGL_VERSION_MAJOR >= 9
    .fallback = NULL,
#endif
    .user_data = NULL,
};

#endif /*#if UI_FONT_ROBOTO24*/
