/*******************************************************************************
 * Size: 42 px
 * Bpp: 4
 * Opts: --bpp 4 --size 42 --font /Users/jeka/Documents/Arduino/Clock_ESP32/assets/Roboto-Bold.ttf -o /Users/jeka/Documents/Arduino/Clock_ESP32/assets/ui_font_roboto42.c --format lvgl -r 0x20-0x7f --symbols 0123456789ABCDEFGHIJKLMNOPQRSTUVWXYZabcdefghijklmnopqrstuvwxyzАБВГДЕЁЖЗИЙКЛМНОПРСТУФХЦЧШЩЪЫЬЭЮЯабвгдеёжзийклмнопрстуфхцчшщъыьэюя:,.₴|° --no-compress --no-prefilter
 ******************************************************************************/

#include "ui.h"

#ifndef UI_FONT_ROBOTO42
#define UI_FONT_ROBOTO42 1
#endif

#if UI_FONT_ROBOTO42

/*-----------------
 *    BITMAPS
 *----------------*/

/*Store the image of the glyphs*/
static LV_ATTRIBUTE_LARGE_CONST const uint8_t glyph_bitmap[] = {
    /* U+0020 " " */

    /* U+0021 "!" */
    0x5f, 0xff, 0xff, 0xf0, 0x4f, 0xff, 0xff, 0xe0,
    0x4f, 0xff, 0xff, 0xe0, 0x3f, 0xff, 0xff, 0xd0,
    0x2f, 0xff, 0xff, 0xd0, 0x2f, 0xff, 0xff, 0xc0,
    0x1f, 0xff, 0xff, 0xc0, 0x1f, 0xff, 0xff, 0xb0,
    0xf, 0xff, 0xff, 0xb0, 0xf, 0xff, 0xff, 0xa0,
    0xf, 0xff, 0xff, 0xa0, 0xf, 0xff, 0xff, 0x90,
    0xe, 0xff, 0xff, 0x90, 0xe, 0xff, 0xff, 0x80,
    0xd, 0xff, 0xff, 0x70, 0xd, 0xff, 0xff, 0x70,
    0xc, 0xff, 0xff, 0x60, 0xc, 0xff, 0xff, 0x60,
    0xb, 0xff, 0xff, 0x50, 0xb, 0xff, 0xff, 0x50,
    0xa, 0xff, 0xff, 0x40, 0x0, 0x11, 0x11, 0x0,
    0x0, 0x0, 0x0, 0x0, 0x0, 0x2, 0x10, 0x0,
    0x5, 0xef, 0xfc, 0x20, 0x2f, 0xff, 0xff, 0xc0,
    0x7f, 0xff, 0xff, 0xf1, 0x6f, 0xff, 0xff, 0xf1,
    0x1f, 0xff, 0xff, 0xa0, 0x3, 0xcf, 0xe9, 0x0,

    /* U+0022 "\"" */
    0xbf, 0xff, 0x60, 0x1f, 0xff, 0xf1, 0xbf, 0xff,
    0x60, 0x1f, 0xff, 0xf1, 0xbf, 0xff, 0x60, 0x1f,
    0xff, 0xf1, 0xbf, 0xff, 0x50, 0x1f, 0xff, 0xf0,
    0xbf, 0xff, 0x30, 0x1f, 0xff, 0xe0, 0xbf, 0xff,
    0x20, 0x1f, 0xff, 0xd0, 0xbf, 0xff, 0x0, 0x1f,
    0xff, 0xb0, 0xbf, 0xff, 0x0, 0x1f, 0xff, 0xa0,
    0xbf, 0xfd, 0x0, 0x1f, 0xff, 0x80, 0xbf, 0xfc,
    0x0, 0x1f, 0xff, 0x70, 0xbf, 0xfa, 0x0, 0x1f,
    0xff, 0x50, 0x45, 0x53, 0x0, 0x5, 0x55, 0x10,

    /* U+0023 "#" */
    0x0, 0x0, 0x0, 0x0, 0x7f, 0xff, 0x30, 0x0,
    0xcf, 0xff, 0x0, 0x0, 0x0, 0x0, 0x0, 0x0,
    0xaf, 0xff, 0x10, 0x0, 0xef, 0xfc, 0x0, 0x0,
    0x0, 0x0, 0x0, 0x0, 0xcf, 0xfe, 0x0, 0x1,
    0xff, 0xf9, 0x0, 0x0, 0x0, 0x0, 0x0, 0x0,
    0xff, 0xfb, 0x0, 0x4, 0xff, 0xf6, 0x0, 0x0,
    0x0, 0x0, 0x0, 0x2, 0xff, 0xf8, 0x0, 0x7,
    0xff, 0xf4, 0x0, 0x0, 0x0, 0x0, 0x0, 0x5,
    0xff, 0xf6, 0x0, 0xa, 0xff, 0xf1, 0x0, 0x0,
    0x0, 0x0, 0x0, 0x8, 0xff, 0xf3, 0x0, 0xc,
    0xff, 0xe0, 0x0, 0x0, 0x0, 0x0, 0x0, 0xa,
    0xff, 0xf0, 0x0, 0xf, 0xff, 0xb0, 0x0, 0x0,
    0x2, 0x88, 0x88, 0x8e, 0xff, 0xf8, 0x88, 0x9f,
    0xff, 0xd8, 0x88, 0x80, 0x4, 0xff, 0xff, 0xff,
    0xff, 0xff, 0xff, 0xff, 0xff, 0xff, 0xff, 0xf1,
    0x4, 0xff, 0xff, 0xff, 0xff, 0xff, 0xff, 0xff,
    0xff, 0xff, 0xff, 0xf1, 0x4, 0xff, 0xff, 0xff,
    0xff, 0xff, 0xff, 0xff, 0xff, 0xff, 0xff, 0xf1,
    0x0, 0x0, 0x0, 0x8f, 0xff, 0x20, 0x0, 0xdf,
    0xfd, 0x0, 0x0, 0x0, 0x0, 0x0, 0x0, 0xbf,
    0xff, 0x0, 0x0, 0xff, 0xfb, 0x0, 0x0, 0x0,
    0x0, 0x0, 0x0, 0xef, 0xfd, 0x0, 0x3, 0xff,
    0xf8, 0x0, 0x0, 0x0, 0x0, 0x0, 0x1, 0xff,
    0xfa, 0x0, 0x6, 0xff, 0xf5, 0x0, 0x0, 0x0,
    0x0, 0x0, 0x3, 0xff, 0xf7, 0x0, 0x8, 0xff,
    0xf2, 0x0, 0x0, 0x0, 0x0, 0x0, 0x6, 0xff,
    0xf4, 0x0, 0xb, 0xff, 0xf0, 0x0, 0x0, 0x0,
    0xcf, 0xff, 0xff, 0xff, 0xff, 0xff, 0xff, 0xff,
    0xff, 0xff, 0xf8, 0x0, 0xcf, 0xff, 0xff, 0xff,
    0xff, 0xff, 0xff, 0xff, 0xff, 0xff, 0xf8, 0x0,
    0xcf, 0xff, 0xff, 0xff, 0xff, 0xff, 0xff, 0xff,
    0xff, 0xff, 0xf8, 0x0, 0x68, 0x88, 0x9f, 0xff,
    0xc8, 0x88, 0xbf, 0xff, 0xa8, 0x88, 0x84, 0x0,
    0x0, 0x0, 0x4f, 0xff, 0x60, 0x0, 0x9f, 0xff,
    0x10, 0x0, 0x0, 0x0, 0x0, 0x0, 0x7f, 0xff,
    0x40, 0x0, 0xcf, 0xff, 0x0, 0x0, 0x0, 0x0,
    0x0, 0x0, 0xaf, 0xff, 0x10, 0x0, 0xff, 0xfc,
    0x0, 0x0, 0x0, 0x0, 0x0, 0x0, 0xdf, 0xfe,
    0x0, 0x1, 0xff, 0xf9, 0x0, 0x0, 0x0, 0x0,
    0x0, 0x0, 0xff, 0xfb, 0x0, 0x4, 0xff, 0xf6,
    0x0, 0x0, 0x0, 0x0, 0x0, 0x2, 0xff, 0xf8,
    0x0, 0x7, 0xff, 0xf3, 0x0, 0x0, 0x0, 0x0,
    0x0, 0x5, 0xff, 0xf6, 0x0, 0xa, 0xff, 0xf1,
    0x0, 0x0, 0x0, 0x0, 0x0, 0x8, 0xff, 0xf3,
    0x0, 0xd, 0xff, 0xe0, 0x0, 0x0, 0x0, 0x0,

    /* U+0024 "$" */
    0x0, 0x0, 0x0, 0x0, 0x0, 0x68, 0x83, 0x0,
    0x0, 0x0, 0x0, 0x0, 0x0, 0x0, 0x0, 0x0,
    0xdf, 0xf6, 0x0, 0x0, 0x0, 0x0, 0x0, 0x0,
    0x0, 0x0, 0x0, 0xdf, 0xf6, 0x0, 0x0, 0x0,
    0x0, 0x0, 0x0, 0x0, 0x0, 0x0, 0xdf, 0xf6,
    0x0, 0x0, 0x0, 0x0, 0x0, 0x0, 0x0, 0x0,
    0x0, 0xdf, 0xf6, 0x0, 0x0, 0x0, 0x0, 0x0,
    0x0, 0x0, 0x0, 0x0, 0xdf, 0xf6, 0x0, 0x0,
    0x0, 0x0, 0x0, 0x0, 0x0, 0x5, 0xad, 0xff,
    0xfe, 0xa5, 0x0, 0x0, 0x0, 0x0, 0x0, 0x6,
    0xef, 0xff, 0xff, 0xff, 0xff, 0xe5, 0x0, 0x0,
    0x0, 0x0, 0xaf, 0xff, 0xff, 0xff, 0xff, 0xff,
    0xff, 0x80, 0x0, 0x0, 0x8, 0xff, 0xff, 0xff,
    0xff, 0xff, 0xff, 0xff, 0xf6, 0x0, 0x0, 0x3f,
    0xff, 0xff, 0xff, 0xa9, 0xbf, 0xff, 0xff, 0xff,
    0x10, 0x0, 0x9f, 0xff, 0xff, 0xc1, 0x0, 0x2,
    0xef, 0xff, 0xff, 0x70, 0x0, 0xdf, 0xff, 0xff,
    0x30, 0x0, 0x0, 0x5f, 0xff, 0xff, 0xc0, 0x0,
    0xff, 0xff, 0xff, 0x0, 0x0, 0x0, 0xf, 0xff,
    0xff, 0xf0, 0x0, 0xff, 0xff, 0xff, 0x0, 0x0,
    0x0, 0xc, 0xff, 0xff, 0xf1, 0x0, 0xef, 0xff,
    0xff, 0x20, 0x0, 0x0, 0x5, 0x77, 0x77, 0x71,
    0x0, 0xbf, 0xff, 0xff, 0xa0, 0x0, 0x0, 0x0,
    0x0, 0x0, 0x0, 0x0, 0x5f, 0xff, 0xff, 0xfb,
    0x20, 0x0, 0x0, 0x0, 0x0, 0x0, 0x0, 0xc,
    0xff, 0xff, 0xff, 0xfa, 0x30, 0x0, 0x0, 0x0,
    0x0, 0x0, 0x1, 0xdf, 0xff, 0xff, 0xff, 0xfd,
    0x60, 0x0, 0x0, 0x0, 0x0, 0x0, 0x1b, 0xff,
    0xff, 0xff, 0xff, 0xfe, 0x60, 0x0, 0x0, 0x0,
    0x0, 0x0, 0x5d, 0xff, 0xff, 0xff, 0xff, 0xfc,
    0x20, 0x0, 0x0, 0x0, 0x0, 0x0, 0x4b, 0xff,
    0xff, 0xff, 0xff, 0xe2, 0x0, 0x0, 0x0, 0x0,
    0x0, 0x0, 0x28, 0xef, 0xff, 0xff, 0xfd, 0x0,
    0x0, 0x0, 0x0, 0x0, 0x0, 0x0, 0x9, 0xff,
    0xff, 0xff, 0x70, 0x0, 0x0, 0x0, 0x0, 0x0,
    0x0, 0x0, 0x7f, 0xff, 0xff, 0xd0, 0x9, 0x99,
    0x99, 0x70, 0x0, 0x0, 0x0, 0xe, 0xff, 0xff,
    0xf0, 0xf, 0xff, 0xff, 0xd0, 0x0, 0x0, 0x0,
    0xc, 0xff, 0xff, 0xf2, 0xf, 0xff, 0xff, 0xf1,
    0x0, 0x0, 0x0, 0xd, 0xff, 0xff, 0xf2, 0xb,
    0xff, 0xff, 0xf8, 0x0, 0x0, 0x0, 0x1f, 0xff,
    0xff, 0xf0, 0x6, 0xff, 0xff, 0xff, 0x60, 0x0,
    0x1, 0xcf, 0xff, 0xff, 0xc0, 0x0, 0xef, 0xff,
    0xff, 0xfe, 0xa9, 0xaf, 0xff, 0xff, 0xff, 0x50,
    0x0, 0x4f, 0xff, 0xff, 0xff, 0xff, 0xff, 0xff,
    0xff, 0xfb, 0x0, 0x0, 0x5, 0xff, 0xff, 0xff,
    0xff, 0xff, 0xff, 0xff, 0xc1, 0x0, 0x0, 0x0,
    0x2b, 0xff, 0xff, 0xff, 0xff, 0xff, 0xf8, 0x0,
    0x0, 0x0, 0x0, 0x0, 0x27, 0xbe, 0xff, 0xfd,
    0xa6, 0x10, 0x0, 0x0, 0x0, 0x0, 0x0, 0x0,
    0x3, 0xff, 0xf0, 0x0, 0x0, 0x0, 0x0, 0x0,
    0x0, 0x0, 0x0, 0x3, 0xff, 0xf0, 0x0, 0x0,
    0x0, 0x0, 0x0, 0x0, 0x0, 0x0, 0x3, 0xff,
    0xf0, 0x0, 0x0, 0x0, 0x0, 0x0, 0x0, 0x0,
    0x0, 0x3, 0xff, 0xf0, 0x0, 0x0, 0x0, 0x0,

    /* U+0025 "%" */
    0x0, 0x1, 0x7c, 0xff, 0xec, 0x70, 0x0, 0x0,
    0x0, 0x0, 0x0, 0x0, 0x0, 0x0, 0x0, 0x3,
    0xef, 0xff, 0xff, 0xff, 0xd2, 0x0, 0x0, 0x0,
    0x0, 0x0, 0x0, 0x0, 0x0, 0x1, 0xef, 0xff,
    0xff, 0xff, 0xff, 0xe0, 0x0, 0x0, 0x0, 0x0,
    0x0, 0x0, 0x0, 0x0, 0x9f, 0xff, 0xf8, 0x69,
    0xff, 0xff, 0x70, 0x0, 0x0, 0x9, 0x20, 0x0,
    0x0, 0x0, 0xe, 0xff, 0xf4, 0x0, 0x6, 0xff,
    0xfc, 0x0, 0x0, 0x7, 0xff, 0xa0, 0x0, 0x0,
    0x0, 0xff, 0xfe, 0x0, 0x0, 0x1f, 0xff, 0xe0,
    0x0, 0x2, 0xff, 0xfb, 0x0, 0x0, 0x0, 0xf,
    0xff, 0xe0, 0x0, 0x0, 0xff, 0xfe, 0x0, 0x0,
    0xcf, 0xff, 0x10, 0x0, 0x0, 0x0, 0xff, 0xfe,
    0x0, 0x0, 0x1f, 0xff, 0xe0, 0x0, 0x6f, 0xff,
    0x60, 0x0, 0x0, 0x0, 0xe, 0xff, 0xf4, 0x0,
    0x6, 0xff, 0xfc, 0x0, 0x2f, 0xff, 0xb0, 0x0,
    0x0, 0x0, 0x0, 0x9f, 0xff, 0xf8, 0x69, 0xff,
    0xff, 0x70, 0xb, 0xff, 0xf2, 0x0, 0x0, 0x0,
    0x0, 0x1, 0xef, 0xff, 0xff, 0xff, 0xff, 0xe0,
    0x6, 0xff, 0xf7, 0x0, 0x0, 0x0, 0x0, 0x0,
    0x3, 0xef, 0xff, 0xff, 0xff, 0xd2, 0x1, 0xef,
    0xfc, 0x0, 0x0, 0x0, 0x0, 0x0, 0x0, 0x1,
    0x7c, 0xff, 0xec, 0x70, 0x0, 0xaf, 0xff, 0x30,
    0x0, 0x0, 0x0, 0x0, 0x0, 0x0, 0x0, 0x0,
    0x0, 0x0, 0x0, 0x5f, 0xff, 0x80, 0x0, 0x0,
    0x0, 0x0, 0x0, 0x0, 0x0, 0x0, 0x0, 0x0,
    0x0, 0x1e, 0xff, 0xd0, 0x0, 0x0, 0x0, 0x0,
    0x0, 0x0, 0x0, 0x0, 0x0, 0x0, 0x0, 0x9,
    0xff, 0xf3, 0x0, 0x0, 0x0, 0x0, 0x0, 0x0,
    0x0, 0x0, 0x0, 0x0, 0x0, 0x4, 0xff, 0xf9,
    0x0, 0x4b, 0xef, 0xfd, 0x81, 0x0, 0x0, 0x0,
    0x0, 0x0, 0x0, 0x0, 0xdf, 0xfe, 0x0, 0xaf,
    0xff, 0xff, 0xff, 0xe4, 0x0, 0x0, 0x0, 0x0,
    0x0, 0x0, 0x8f, 0xff, 0x40, 0x9f, 0xff, 0xff,
    0xff, 0xff, 0xf2, 0x0, 0x0, 0x0, 0x0, 0x0,
    0x3f, 0xff, 0xa0, 0x3f, 0xff, 0xfb, 0x68, 0xef,
    0xff, 0xa0, 0x0, 0x0, 0x0, 0x0, 0xd, 0xff,
    0xe1, 0x8, 0xff, 0xfa, 0x0, 0x3, 0xff, 0xff,
    0x0, 0x0, 0x0, 0x0, 0x7, 0xff, 0xf5, 0x0,
    0xbf, 0xff, 0x40, 0x0, 0xc, 0xff, 0xf2, 0x0,
    0x0, 0x0, 0x2, 0xff, 0xfb, 0x0, 0xc, 0xff,
    0xf3, 0x0, 0x0, 0xbf, 0xff, 0x30, 0x0, 0x0,
    0x0, 0xcf, 0xff, 0x10, 0x0, 0xcf, 0xff, 0x30,
    0x0, 0xb, 0xff, 0xf3, 0x0, 0x0, 0x0, 0x7f,
    0xff, 0x60, 0x0, 0xb, 0xff, 0xf4, 0x0, 0x0,
    0xcf, 0xff, 0x20, 0x0, 0x0, 0x1f, 0xff, 0xc0,
    0x0, 0x0, 0x8f, 0xff, 0xb0, 0x0, 0x1f, 0xff,
    0xf0, 0x0, 0x0, 0x0, 0x2a, 0xf2, 0x0, 0x0,
    0x2, 0xff, 0xff, 0xb6, 0x7d, 0xff, 0xfa, 0x0,
    0x0, 0x0, 0x0, 0x1, 0x0, 0x0, 0x0, 0x9,
    0xff, 0xff, 0xff, 0xff, 0xff, 0x20, 0x0, 0x0,
    0x0, 0x0, 0x0, 0x0, 0x0, 0x0, 0xa, 0xff,
    0xff, 0xff, 0xfe, 0x40, 0x0, 0x0, 0x0, 0x0,
    0x0, 0x0, 0x0, 0x0, 0x0, 0x4, 0xbe, 0xff,
    0xd8, 0x10, 0x0,

    /* U+0026 "&" */
    0x0, 0x0, 0x0, 0x4, 0xad, 0xff, 0xeb, 0x60,
    0x0, 0x0, 0x0, 0x0, 0x0, 0x0, 0x0, 0x0,
    0x2c, 0xff, 0xff, 0xff, 0xff, 0xd3, 0x0, 0x0,
    0x0, 0x0, 0x0, 0x0, 0x0, 0x2e, 0xff, 0xff,
    0xff, 0xff, 0xff, 0xf3, 0x0, 0x0, 0x0, 0x0,
    0x0, 0x0, 0xd, 0xff, 0xff, 0xff, 0xff, 0xff,
    0xff, 0xd0, 0x0, 0x0, 0x0, 0x0, 0x0, 0x5,
    0xff, 0xff, 0xff, 0xcb, 0xff, 0xff, 0xff, 0x50,
    0x0, 0x0, 0x0, 0x0, 0x0, 0xaf, 0xff, 0xff,
    0x30, 0x1, 0xdf, 0xff, 0xfa, 0x0, 0x0, 0x0,
    0x0, 0x0, 0xd, 0xff, 0xff, 0x80, 0x0, 0x4,
    0xff, 0xff, 0xb0, 0x0, 0x0, 0x0, 0x0, 0x0,
    0xff, 0xff, 0xf5, 0x0, 0x0, 0x2f, 0xff, 0xfb,
    0x0, 0x0, 0x0, 0x0, 0x0, 0xe, 0xff, 0xff,
    0x60, 0x0, 0x6, 0xff, 0xff, 0x70, 0x0, 0x0,
    0x0, 0x0, 0x0, 0xbf, 0xff, 0xfc, 0x0, 0x2,
    0xef, 0xff, 0xf1, 0x0, 0x0, 0x0, 0x0, 0x0,
    0x6, 0xff, 0xff, 0xf5, 0x5, 0xef, 0xff, 0xf7,
    0x0, 0x0, 0x0, 0x0, 0x0, 0x0, 0xe, 0xff,
    0xff, 0xfb, 0xff, 0xff, 0xf9, 0x0, 0x0, 0x0,
    0x0, 0x0, 0x0, 0x0, 0x5f, 0xff, 0xff, 0xff,
    0xff, 0xf7, 0x0, 0x0, 0x0, 0x0, 0x0, 0x0,
    0x0, 0x0, 0xaf, 0xff, 0xff, 0xff, 0xd3, 0x0,
    0x0, 0x0, 0x0, 0x0, 0x0, 0x0, 0x0, 0x9,
    0xff, 0xff, 0xff, 0xd0, 0x0, 0x0, 0x0, 0x0,
    0x0, 0x0, 0x0, 0x0, 0x1c, 0xff, 0xff, 0xff,
    0xff, 0x70, 0x0, 0x0, 0x9d, 0xdd, 0xd4, 0x0,
    0x0, 0x2e, 0xff, 0xff, 0xff, 0xff, 0xff, 0x50,
    0x0, 0xc, 0xff, 0xff, 0x40, 0x0, 0x1e, 0xff,
    0xff, 0xfa, 0xff, 0xff, 0xff, 0x30, 0x0, 0xef,
    0xff, 0xf2, 0x0, 0xa, 0xff, 0xff, 0xf5, 0xa,
    0xff, 0xff, 0xfe, 0x20, 0x2f, 0xff, 0xff, 0x0,
    0x2, 0xff, 0xff, 0xfc, 0x0, 0xb, 0xff, 0xff,
    0xfd, 0x18, 0xff, 0xff, 0xd0, 0x0, 0x6f, 0xff,
    0xff, 0x70, 0x0, 0x1d, 0xff, 0xff, 0xfc, 0xff,
    0xff, 0xf9, 0x0, 0x8, 0xff, 0xff, 0xf6, 0x0,
    0x0, 0x1e, 0xff, 0xff, 0xff, 0xff, 0xff, 0x30,
    0x0, 0x8f, 0xff, 0xff, 0x90, 0x0, 0x0, 0x3f,
    0xff, 0xff, 0xff, 0xff, 0xc0, 0x0, 0x6, 0xff,
    0xff, 0xfe, 0x10, 0x0, 0x0, 0x4f, 0xff, 0xff,
    0xff, 0xf3, 0x0, 0x0, 0x1f, 0xff, 0xff, 0xfd,
    0x20, 0x0, 0x5, 0xef, 0xff, 0xff, 0xfa, 0x0,
    0x0, 0x0, 0xaf, 0xff, 0xff, 0xff, 0xdb, 0xcf,
    0xff, 0xff, 0xff, 0xff, 0xf3, 0x0, 0x0, 0x1,
    0xef, 0xff, 0xff, 0xff, 0xff, 0xff, 0xff, 0xff,
    0xff, 0xff, 0xe2, 0x0, 0x0, 0x3, 0xef, 0xff,
    0xff, 0xff, 0xff, 0xff, 0xff, 0xff, 0xff, 0xff,
    0xd1, 0x0, 0x0, 0x1, 0xaf, 0xff, 0xff, 0xff,
    0xff, 0xff, 0x82, 0xdf, 0xff, 0xff, 0xc0, 0x0,
    0x0, 0x0, 0x28, 0xce, 0xff, 0xfd, 0xa5, 0x0,
    0x2, 0xef, 0xff, 0xff, 0xa0,

    /* U+0027 "'" */
    0xbf, 0xff, 0xab, 0xff, 0xfa, 0xbf, 0xff, 0xab,
    0xff, 0xf9, 0xbf, 0xff, 0x8b, 0xff, 0xf7, 0xbf,
    0xff, 0x6b, 0xff, 0xf4, 0xbf, 0xff, 0x3b, 0xff,
    0xf2, 0xbf, 0xff, 0x14, 0x55, 0x50,

    /* U+0028 "(" */
    0x0, 0x0, 0x0, 0x0, 0x2, 0x80, 0x0, 0x0,
    0x0, 0x0, 0x5f, 0xf3, 0x0, 0x0, 0x0, 0x7,
    0xff, 0xf8, 0x0, 0x0, 0x0, 0x7f, 0xff, 0xf9,
    0x0, 0x0, 0x4, 0xff, 0xff, 0xa0, 0x0, 0x0,
    0x1e, 0xff, 0xfc, 0x0, 0x0, 0x0, 0x9f, 0xff,
    0xf2, 0x0, 0x0, 0x3, 0xff, 0xff, 0x80, 0x0,
    0x0, 0xb, 0xff, 0xff, 0x10, 0x0, 0x0, 0x2f,
    0xff, 0xf8, 0x0, 0x0, 0x0, 0x8f, 0xff, 0xf2,
    0x0, 0x0, 0x0, 0xef, 0xff, 0xd0, 0x0, 0x0,
    0x3, 0xff, 0xff, 0x90, 0x0, 0x0, 0x7, 0xff,
    0xff, 0x50, 0x0, 0x0, 0xb, 0xff, 0xff, 0x10,
    0x0, 0x0, 0xe, 0xff, 0xff, 0x0, 0x0, 0x0,
    0x1f, 0xff, 0xfc, 0x0, 0x0, 0x0, 0x3f, 0xff,
    0xfb, 0x0, 0x0, 0x0, 0x4f, 0xff, 0xf9, 0x0,
    0x0, 0x0, 0x6f, 0xff, 0xf8, 0x0, 0x0, 0x0,
    0x6f, 0xff, 0xf8, 0x0, 0x0, 0x0, 0x6f, 0xff,
    0xf8, 0x0, 0x0, 0x0, 0x6f, 0xff, 0xf8, 0x0,
    0x0, 0x0, 0x6f, 0xff, 0xf8, 0x0, 0x0, 0x0,
    0x5f, 0xff, 0xf9, 0x0, 0x0, 0x0, 0x4f, 0xff,
    0xf9, 0x0, 0x0, 0x0, 0x2f, 0xff, 0xfb, 0x0,
    0x0, 0x0, 0xf, 0xff, 0xfd, 0x0, 0x0, 0x0,
    0xd, 0xff, 0xff, 0x0, 0x0, 0x0, 0xa, 0xff,
    0xff, 0x20, 0x0, 0x0, 0x6, 0xff, 0xff, 0x60,
    0x0, 0x0, 0x2, 0xff, 0xff, 0xa0, 0x0, 0x0,
    0x0, 0xcf, 0xff, 0xe0, 0x0, 0x0, 0x0, 0x7f,
    0xff, 0xf4, 0x0, 0x0, 0x0, 0x1f, 0xff, 0xfa,
    0x0, 0x0, 0x0, 0x9, 0xff, 0xff, 0x20, 0x0,
    0x0, 0x1, 0xff, 0xff, 0xa0, 0x0, 0x0, 0x0,
    0x7f, 0xff, 0xf3, 0x0, 0x0, 0x0, 0xc, 0xff,
    0xfe, 0x10, 0x0, 0x0, 0x2, 0xef, 0xff, 0xc0,
    0x0, 0x0, 0x0, 0x3f, 0xff, 0xfb, 0x0, 0x0,
    0x0, 0x4, 0xff, 0xf7, 0x0, 0x0, 0x0, 0x0,
    0x2c, 0xf1, 0x0, 0x0, 0x0, 0x0, 0x0, 0x40,

    /* U+0029 ")" */
    0x2, 0x80, 0x0, 0x0, 0x0, 0x0, 0x0, 0x8f,
    0xe3, 0x0, 0x0, 0x0, 0x0, 0xd, 0xff, 0xf4,
    0x0, 0x0, 0x0, 0x0, 0xdf, 0xff, 0xf4, 0x0,
    0x0, 0x0, 0x1, 0xdf, 0xff, 0xe2, 0x0, 0x0,
    0x0, 0x2, 0xff, 0xff, 0xc0, 0x0, 0x0, 0x0,
    0x6, 0xff, 0xff, 0x70, 0x0, 0x0, 0x0, 0xd,
    0xff, 0xff, 0x10, 0x0, 0x0, 0x0, 0x5f, 0xff,
    0xf8, 0x0, 0x0, 0x0, 0x0, 0xef, 0xff, 0xf0,
    0x0, 0x0, 0x0, 0x8, 0xff, 0xff, 0x60, 0x0,
    0x0, 0x0, 0x3f, 0xff, 0xfc, 0x0, 0x0, 0x0,
    0x0, 0xef, 0xff, 0xf2, 0x0, 0x0, 0x0, 0xa,
    0xff, 0xff, 0x60, 0x0, 0x0, 0x0, 0x7f, 0xff,
    0xfa, 0x0, 0x0, 0x0, 0x4, 0xff, 0xff, 0xe0,
    0x0, 0x0, 0x0, 0x2f, 0xff, 0xff, 0x0, 0x0,
    0x0, 0x0, 0xff, 0xff, 0xf3, 0x0, 0x0, 0x0,
    0xf, 0xff, 0xff, 0x40, 0x0, 0x0, 0x0, 0xef,
    0xff, 0xf6, 0x0, 0x0, 0x0, 0xd, 0xff, 0xff,
    0x60, 0x0, 0x0, 0x0, 0xdf, 0xff, 0xf7, 0x0,
    0x0, 0x0, 0xd, 0xff, 0xff, 0x70, 0x0, 0x0,
    0x0, 0xdf, 0xff, 0xf6, 0x0, 0x0, 0x0, 0xe,
    0xff, 0xff, 0x50, 0x0, 0x0, 0x0, 0xff, 0xff,
    0xf4, 0x0, 0x0, 0x0, 0xf, 0xff, 0xff, 0x20,
    0x0, 0x0, 0x2, 0xff, 0xff, 0xf0, 0x0, 0x0,
    0x0, 0x5f, 0xff, 0xfd, 0x0, 0x0, 0x0, 0x7,
    0xff, 0xff, 0x90, 0x0, 0x0, 0x0, 0xbf, 0xff,
    0xf5, 0x0, 0x0, 0x0, 0xf, 0xff, 0xff, 0x10,
    0x0, 0x0, 0x3, 0xff, 0xff, 0xb0, 0x0, 0x0,
    0x0, 0x9f, 0xff, 0xf5, 0x0, 0x0, 0x0, 0xe,
    0xff, 0xfe, 0x0, 0x0, 0x0, 0x6, 0xff, 0xff,
    0x60, 0x0, 0x0, 0x0, 0xef, 0xff, 0xd0, 0x0,
    0x0, 0x0, 0x9f, 0xff, 0xf4, 0x0, 0x0, 0x0,
    0x4f, 0xff, 0xf9, 0x0, 0x0, 0x0, 0x3f, 0xff,
    0xfd, 0x0, 0x0, 0x0, 0xf, 0xff, 0xfe, 0x10,
    0x0, 0x0, 0x0, 0xcf, 0xfd, 0x20, 0x0, 0x0,
    0x0, 0x6, 0xfa, 0x10, 0x0, 0x0, 0x0, 0x0,
    0x14, 0x0, 0x0, 0x0, 0x0, 0x0,

    /* U+002A "*" */
    0x0, 0x0, 0x0, 0x2, 0xff, 0xfb, 0x0, 0x0,
    0x0, 0x0, 0x0, 0x0, 0x0, 0x1f, 0xff, 0xa0,
    0x0, 0x0, 0x0, 0x0, 0x0, 0x0, 0x1, 0xff,
    0xf9, 0x0, 0x0, 0x0, 0x0, 0x0, 0x0, 0x0,
    0xf, 0xff, 0x90, 0x0, 0x0, 0x0, 0x1, 0x10,
    0x0, 0x0, 0xff, 0xf8, 0x0, 0x0, 0x0, 0x0,
    0x7f, 0x93, 0x0, 0xe, 0xff, 0x70, 0x0, 0x4b,
    0xc0, 0xd, 0xff, 0xfc, 0x60, 0xdf, 0xf6, 0x17,
    0xdf, 0xff, 0x22, 0xff, 0xff, 0xff, 0xff, 0xff,
    0xdf, 0xff, 0xff, 0xf7, 0x2a, 0xef, 0xff, 0xff,
    0xff, 0xff, 0xff, 0xff, 0xff, 0x80, 0x0, 0x38,
    0xcf, 0xff, 0xff, 0xff, 0xfd, 0x84, 0x0, 0x0,
    0x0, 0x0, 0x4f, 0xff, 0xff, 0x91, 0x0, 0x0,
    0x0, 0x0, 0x0, 0x1d, 0xff, 0xff, 0xfe, 0x10,
    0x0, 0x0, 0x0, 0x0, 0xb, 0xff, 0xfa, 0xff,
    0xfc, 0x0, 0x0, 0x0, 0x0, 0x7, 0xff, 0xfc,
    0xa, 0xff, 0xf9, 0x0, 0x0, 0x0, 0x4, 0xff,
    0xff, 0x20, 0x1f, 0xff, 0xf5, 0x0, 0x0, 0x2,
    0xff, 0xff, 0x70, 0x0, 0x6f, 0xff, 0xf2, 0x0,
    0x0, 0x9, 0xff, 0xd0, 0x0, 0x0, 0xcf, 0xfc,
    0x20, 0x0, 0x0, 0x4, 0xe3, 0x0, 0x0, 0x3,
    0xf8, 0x0, 0x0, 0x0, 0x0, 0x0, 0x0, 0x0,
    0x0, 0x1, 0x0, 0x0, 0x0,

    /* U+002B "+" */
    0x0, 0x0, 0x0, 0x3, 0x88, 0x88, 0x81, 0x0,
    0x0, 0x0, 0x0, 0x0, 0x0, 0x0, 0x6f, 0xff,
    0xff, 0x30, 0x0, 0x0, 0x0, 0x0, 0x0, 0x0,
    0x6, 0xff, 0xff, 0xf3, 0x0, 0x0, 0x0, 0x0,
    0x0, 0x0, 0x0, 0x6f, 0xff, 0xff, 0x30, 0x0,
    0x0, 0x0, 0x0, 0x0, 0x0, 0x6, 0xff, 0xff,
    0xf3, 0x0, 0x0, 0x0, 0x0, 0x0, 0x0, 0x0,
    0x6f, 0xff, 0xff, 0x30, 0x0, 0x0, 0x0, 0x0,
    0x0, 0x0, 0x6, 0xff, 0xff, 0xf3, 0x0, 0x0,
    0x0, 0x0, 0x0, 0x0, 0x0, 0x6f, 0xff, 0xff,
    0x30, 0x0, 0x0, 0x0, 0x34, 0x44, 0x44, 0x48,
    0xff, 0xff, 0xf6, 0x44, 0x44, 0x44, 0x2d, 0xff,
    0xff, 0xff, 0xff, 0xff, 0xff, 0xff, 0xff, 0xff,
    0xf9, 0xdf, 0xff, 0xff, 0xff, 0xff, 0xff, 0xff,
    0xff, 0xff, 0xff, 0x9d, 0xff, 0xff, 0xff, 0xff,
    0xff, 0xff, 0xff, 0xff, 0xff, 0xf9, 0xdf, 0xff,
    0xff, 0xff, 0xff, 0xff, 0xff, 0xff, 0xff, 0xff,
    0x9d, 0xff, 0xff, 0xff, 0xff, 0xff, 0xff, 0xff,
    0xff, 0xff, 0xf9, 0x0, 0x0, 0x0, 0x6, 0xff,
    0xff, 0xf3, 0x0, 0x0, 0x0, 0x0, 0x0, 0x0,
    0x0, 0x6f, 0xff, 0xff, 0x30, 0x0, 0x0, 0x0,
    0x0, 0x0, 0x0, 0x6, 0xff, 0xff, 0xf3, 0x0,
    0x0, 0x0, 0x0, 0x0, 0x0, 0x0, 0x6f, 0xff,
    0xff, 0x30, 0x0, 0x0, 0x0, 0x0, 0x0, 0x0,
    0x6, 0xff, 0xff, 0xf3, 0x0, 0x0, 0x0, 0x0,
    0x0, 0x0, 0x0, 0x6f, 0xff, 0xff, 0x30, 0x0,
    0x0, 0x0, 0x0, 0x0, 0x0, 0x6, 0xff, 0xff,
    0xf3, 0x0, 0x0, 0x0, 0x0, 0x0, 0x0, 0x0,
    0x6f, 0xff, 0xff, 0x30, 0x0, 0x0, 0x0, 0x0,
    0x0, 0x0, 0x3, 0x88, 0x88, 0x81, 0x0, 0x0,
    0x0, 0x0,

    /* U+002C "," */
    0x0, 0x1f, 0xff, 0xfe, 0x0, 0x1f, 0xff, 0xfe,
    0x0, 0x1f, 0xff, 0xfe, 0x0, 0x1f, 0xff, 0xfe,
    0x0, 0x1f, 0xff, 0xfd, 0x0, 0x2f, 0xff, 0xfc,
    0x0, 0x4f, 0xff, 0xf8, 0x0, 0x9f, 0xff, 0xf3,
    0x0, 0xef, 0xff, 0xd0, 0x7, 0xff, 0xff, 0x40,
    0xe, 0xff, 0xfa, 0x0, 0x5, 0xdf, 0xd1, 0x0,
    0x0, 0x6, 0x10, 0x0,

    /* U+002D "-" */
    0x7b, 0xbb, 0xbb, 0xbb, 0xbb, 0xba, 0xaf, 0xff,
    0xff, 0xff, 0xff, 0xff, 0xaf, 0xff, 0xff, 0xff,
    0xff, 0xff, 0xaf, 0xff, 0xff, 0xff, 0xff, 0xff,
    0xaf, 0xff, 0xff, 0xff, 0xff, 0xff,

    /* U+002E "." */
    0x0, 0x3, 0x30, 0x0, 0x5, 0xff, 0xfe, 0x30,
    0x2f, 0xff, 0xff, 0xe0, 0x6f, 0xff, 0xff, 0xf3,
    0x5f, 0xff, 0xff, 0xf2, 0xe, 0xff, 0xff, 0xc0,
    0x2, 0xbf, 0xfa, 0x10,

    /* U+002F "/" */
    0x0, 0x0, 0x0, 0x0, 0x0, 0x7, 0xff, 0xfe,
    0x0, 0x0, 0x0, 0x0, 0x0, 0x0, 0xdf, 0xff,
    0x80, 0x0, 0x0, 0x0, 0x0, 0x0, 0x2f, 0xff,
    0xf3, 0x0, 0x0, 0x0, 0x0, 0x0, 0x7, 0xff,
    0xfe, 0x0, 0x0, 0x0, 0x0, 0x0, 0x0, 0xdf,
    0xff, 0x80, 0x0, 0x0, 0x0, 0x0, 0x0, 0x2f,
    0xff, 0xf3, 0x0, 0x0, 0x0, 0x0, 0x0, 0x7,
    0xff, 0xfe, 0x0, 0x0, 0x0, 0x0, 0x0, 0x0,
    0xdf, 0xff, 0x90, 0x0, 0x0, 0x0, 0x0, 0x0,
    0x2f, 0xff, 0xf3, 0x0, 0x0, 0x0, 0x0, 0x0,
    0x7, 0xff, 0xfe, 0x0, 0x0, 0x0, 0x0, 0x0,
    0x0, 0xdf, 0xff, 0x90, 0x0, 0x0, 0x0, 0x0,
    0x0, 0x2f, 0xff, 0xf3, 0x0, 0x0, 0x0, 0x0,
    0x0, 0x7, 0xff, 0xfe, 0x0, 0x0, 0x0, 0x0,
    0x0, 0x0, 0xcf, 0xff, 0x90, 0x0, 0x0, 0x0,
    0x0, 0x0, 0x2f, 0xff, 0xf3, 0x0, 0x0, 0x0,
    0x0, 0x0, 0x7, 0xff, 0xfe, 0x0, 0x0, 0x0,
    0x0, 0x0, 0x0, 0xcf, 0xff, 0x90, 0x0, 0x0,
    0x0, 0x0, 0x0, 0x2f, 0xff, 0xf3, 0x0, 0x0,
    0x0, 0x0, 0x0, 0x7, 0xff, 0xfe, 0x0, 0x0,
    0x0, 0x0, 0x0, 0x0, 0xcf, 0xff, 0x90, 0x0,
    0x0, 0x0, 0x0, 0x0, 0x2f, 0xff, 0xf4, 0x0,
    0x0, 0x0, 0x0, 0x0, 0x7, 0xff, 0xfe, 0x0,
    0x0, 0x0, 0x0, 0x0, 0x0, 0xcf, 0xff, 0x90,
    0x0, 0x0, 0x0, 0x0, 0x0, 0x2f, 0xff, 0xf4,
    0x0, 0x0, 0x0, 0x0, 0x0, 0x7, 0xff, 0xfe,
    0x0, 0x0, 0x0, 0x0, 0x0, 0x0, 0xcf, 0xff,
    0x90, 0x0, 0x0, 0x0, 0x0, 0x0, 0x2f, 0xff,
    0xf4, 0x0, 0x0, 0x0, 0x0, 0x0, 0x7, 0xff,
    0xfe, 0x0, 0x0, 0x0, 0x0, 0x0, 0x0, 0xcf,
    0xff, 0x90, 0x0, 0x0, 0x0, 0x0, 0x0, 0x1f,
    0xff, 0xf4, 0x0, 0x0, 0x0, 0x0, 0x0, 0x7,
    0xff, 0xfe, 0x0, 0x0, 0x0, 0x0, 0x0, 0x0,
    0xcf, 0xff, 0x90, 0x0, 0x0, 0x0, 0x0, 0x0,
    0x1f, 0xff, 0xf4, 0x0, 0x0, 0x0, 0x0, 0x0,
    0x0,

    /* U+0030 "0" */
    0x0, 0x0, 0x0, 0x17, 0xbe, 0xff, 0xec, 0x82,
    0x0, 0x0, 0x0, 0x0, 0x0, 0x8, 0xff, 0xff,
    0xff, 0xff, 0xff, 0x90, 0x0, 0x0, 0x0, 0x0,
    0xcf, 0xff, 0xff, 0xff, 0xff, 0xff, 0xfd, 0x10,
    0x0, 0x0, 0xb, 0xff, 0xff, 0xff, 0xff, 0xff,
    0xff, 0xff, 0xc0, 0x0, 0x0, 0x5f, 0xff, 0xff,
    0xff, 0xbb, 0xef, 0xff, 0xff, 0xf7, 0x0, 0x0,
    0xdf, 0xff, 0xff, 0xa0, 0x0, 0x8, 0xff, 0xff,
    0xfe, 0x0, 0x3, 0xff, 0xff, 0xfd, 0x0, 0x0,
    0x0, 0xbf, 0xff, 0xff, 0x50, 0x8, 0xff, 0xff,
    0xf6, 0x0, 0x0, 0x0, 0x4f, 0xff, 0xff, 0x90,
    0xb, 0xff, 0xff, 0xf2, 0x0, 0x0, 0x0, 0xf,
    0xff, 0xff, 0xd0, 0xd, 0xff, 0xff, 0xf0, 0x0,
    0x0, 0x0, 0xe, 0xff, 0xff, 0xf0, 0xf, 0xff,
    0xff, 0xe0, 0x0, 0x0, 0x0, 0xd, 0xff, 0xff,
    0xf1, 0xf, 0xff, 0xff, 0xe0, 0x0, 0x0, 0x0,
    0xc, 0xff, 0xff, 0xf2, 0xf, 0xff, 0xff, 0xe0,
    0x0, 0x0, 0x0, 0xc, 0xff, 0xff, 0xf2, 0xf,
    0xff, 0xff, 0xe0, 0x0, 0x0, 0x0, 0xc, 0xff,
    0xff, 0xf2, 0xf, 0xff, 0xff, 0xe0, 0x0, 0x0,
    0x0, 0xc, 0xff, 0xff, 0xf2, 0xf, 0xff, 0xff,
    0xe0, 0x0, 0x0, 0x0, 0xc, 0xff, 0xff, 0xf2,
    0xf, 0xff, 0xff, 0xe0, 0x0, 0x0, 0x0, 0xc,
    0xff, 0xff, 0xf2, 0xf, 0xff, 0xff, 0xe0, 0x0,
    0x0, 0x0, 0xc, 0xff, 0xff, 0xf2, 0xf, 0xff,
    0xff, 0xe0, 0x0, 0x0, 0x0, 0xc, 0xff, 0xff,
    0xf2, 0xf, 0xff, 0xff, 0xe0, 0x0, 0x0, 0x0,
    0xd, 0xff, 0xff, 0xf1, 0xd, 0xff, 0xff, 0xf0,
    0x0, 0x0, 0x0, 0xe, 0xff, 0xff, 0xf0, 0xb,
    0xff, 0xff, 0xf2, 0x0, 0x0, 0x0, 0x1f, 0xff,
    0xff, 0xd0, 0x7, 0xff, 0xff, 0xf6, 0x0, 0x0,
    0x0, 0x5f, 0xff, 0xff, 0x90, 0x3, 0xff, 0xff,
    0xfd, 0x0, 0x0, 0x0, 0xcf, 0xff, 0xff, 0x50,
    0x0, 0xdf, 0xff, 0xff, 0xa0, 0x0, 0x9, 0xff,
    0xff, 0xfe, 0x0, 0x0, 0x5f, 0xff, 0xff, 0xff,
    0xcb, 0xef, 0xff, 0xff, 0xf7, 0x0, 0x0, 0xa,
    0xff, 0xff, 0xff, 0xff, 0xff, 0xff, 0xff, 0xc0,
    0x0, 0x0, 0x0, 0xbf, 0xff, 0xff, 0xff, 0xff,
    0xff, 0xfd, 0x10, 0x0, 0x0, 0x0, 0x8, 0xff,
    0xff, 0xff, 0xff, 0xff, 0x90, 0x0, 0x0, 0x0,
    0x0, 0x0, 0x17, 0xbe, 0xff, 0xec, 0x82, 0x0,
    0x0, 0x0,

    /* U+0031 "1" */
    0x0, 0x0, 0x0, 0x0, 0x0, 0x28, 0xe7, 0x0,
    0x0, 0x0, 0x1, 0x7d, 0xff, 0xf7, 0x0, 0x0,
    0x6, 0xbf, 0xff, 0xff, 0xf7, 0x0, 0x4a, 0xff,
    0xff, 0xff, 0xff, 0xf7, 0x5e, 0xff, 0xff, 0xff,
    0xff, 0xff, 0xf7, 0x8f, 0xff, 0xff, 0xff, 0xff,
    0xff, 0xf7, 0x8f, 0xff, 0xff, 0xff, 0xff, 0xff,
    0xf7, 0x8f, 0xff, 0xc7, 0x27, 0xff, 0xff, 0xf7,
    0x8c, 0x71, 0x0, 0x7, 0xff, 0xff, 0xf7, 0x0,
    0x0, 0x0, 0x7, 0xff, 0xff, 0xf7, 0x0, 0x0,
    0x0, 0x7, 0xff, 0xff, 0xf7, 0x0, 0x0, 0x0,
    0x7, 0xff, 0xff, 0xf7, 0x0, 0x0, 0x0, 0x7,
    0xff, 0xff, 0xf7, 0x0, 0x0, 0x0, 0x7, 0xff,
    0xff, 0xf7, 0x0, 0x0, 0x0, 0x7, 0xff, 0xff,
    0xf7, 0x0, 0x0, 0x0, 0x7, 0xff, 0xff, 0xf7,
    0x0, 0x0, 0x0, 0x7, 0xff, 0xff, 0xf7, 0x0,
    0x0, 0x0, 0x7, 0xff, 0xff, 0xf7, 0x0, 0x0,
    0x0, 0x7, 0xff, 0xff, 0xf7, 0x0, 0x0, 0x0,
    0x7, 0xff, 0xff, 0xf7, 0x0, 0x0, 0x0, 0x7,
    0xff, 0xff, 0xf7, 0x0, 0x0, 0x0, 0x7, 0xff,
    0xff, 0xf7, 0x0, 0x0, 0x0, 0x7, 0xff, 0xff,
    0xf7, 0x0, 0x0, 0x0, 0x7, 0xff, 0xff, 0xf7,
    0x0, 0x0, 0x0, 0x7, 0xff, 0xff, 0xf7, 0x0,
    0x0, 0x0, 0x7, 0xff, 0xff, 0xf7, 0x0, 0x0,
    0x0, 0x7, 0xff, 0xff, 0xf7, 0x0, 0x0, 0x0,
    0x7, 0xff, 0xff, 0xf7, 0x0, 0x0, 0x0, 0x7,
    0xff, 0xff, 0xf7, 0x0, 0x0, 0x0, 0x7, 0xff,
    0xff, 0xf7,

    /* U+0032 "2" */
    0x0, 0x0, 0x0, 0x39, 0xce, 0xff, 0xec, 0x83,
    0x0, 0x0, 0x0, 0x0, 0x0, 0x3c, 0xff, 0xff,
    0xff, 0xff, 0xff, 0xc3, 0x0, 0x0, 0x0, 0x5,
    0xff, 0xff, 0xff, 0xff, 0xff, 0xff, 0xff, 0x50,
    0x0, 0x0, 0x5f, 0xff, 0xff, 0xff, 0xff, 0xff,
    0xff, 0xff, 0xf2, 0x0, 0x1, 0xff, 0xff, 0xff,
    0xfe, 0xbc, 0xff, 0xff, 0xff, 0xfb, 0x0, 0x9,
    0xff, 0xff, 0xfe, 0x40, 0x0, 0x1b, 0xff, 0xff,
    0xff, 0x10, 0xf, 0xff, 0xff, 0xf4, 0x0, 0x0,
    0x0, 0xef, 0xff, 0xff, 0x50, 0x4f, 0xff, 0xff,
    0xc0, 0x0, 0x0, 0x0, 0x9f, 0xff, 0xff, 0x70,
    0x7f, 0xff, 0xff, 0x80, 0x0, 0x0, 0x0, 0x6f,
    0xff, 0xff, 0x80, 0x6b, 0xbb, 0xbb, 0x40, 0x0,
    0x0, 0x0, 0x6f, 0xff, 0xff, 0x60, 0x0, 0x0,
    0x0, 0x0, 0x0, 0x0, 0x0, 0xaf, 0xff, 0xff,
    0x30, 0x0, 0x0, 0x0, 0x0, 0x0, 0x0, 0x1,
    0xff, 0xff, 0xfe, 0x0, 0x0, 0x0, 0x0, 0x0,
    0x0, 0x0, 0xa, 0xff, 0xff, 0xf7, 0x0, 0x0,
    0x0, 0x0, 0x0, 0x0, 0x0, 0x5f, 0xff, 0xff,
    0xe0, 0x0, 0x0, 0x0, 0x0, 0x0, 0x0, 0x2,
    0xff, 0xff, 0xff, 0x40, 0x0, 0x0, 0x0, 0x0,
    0x0, 0x0, 0x1e, 0xff, 0xff, 0xf9, 0x0, 0x0,
    0x0, 0x0, 0x0, 0x0, 0x1, 0xdf, 0xff, 0xff,
    0xb0, 0x0, 0x0, 0x0, 0x0, 0x0, 0x0, 0x1c,
    0xff, 0xff, 0xfc, 0x0, 0x0, 0x0, 0x0, 0x0,
    0x0, 0x0, 0xcf, 0xff, 0xff, 0xd1, 0x0, 0x0,
    0x0, 0x0, 0x0, 0x0, 0xb, 0xff, 0xff, 0xfd,
    0x10, 0x0, 0x0, 0x0, 0x0, 0x0, 0x0, 0xbf,
    0xff, 0xff, 0xe2, 0x0, 0x0, 0x0, 0x0, 0x0,
    0x0, 0xa, 0xff, 0xff, 0xff, 0x20, 0x0, 0x0,
    0x0, 0x0, 0x0, 0x0, 0xaf, 0xff, 0xff, 0xf4,
    0x0, 0x0, 0x0, 0x0, 0x0, 0x0, 0x9, 0xff,
    0xff, 0xff, 0x50, 0x0, 0x0, 0x0, 0x0, 0x0,
    0x0, 0x8f, 0xff, 0xff, 0xf6, 0x0, 0x0, 0x0,
    0x0, 0x0, 0x0, 0x7, 0xff, 0xff, 0xff, 0xfb,
    0xbb, 0xbb, 0xbb, 0xbb, 0xbb, 0xb5, 0xf, 0xff,
    0xff, 0xff, 0xff, 0xff, 0xff, 0xff, 0xff, 0xff,
    0xf7, 0xf, 0xff, 0xff, 0xff, 0xff, 0xff, 0xff,
    0xff, 0xff, 0xff, 0xf7, 0xf, 0xff, 0xff, 0xff,
    0xff, 0xff, 0xff, 0xff, 0xff, 0xff, 0xf7, 0xf,
    0xff, 0xff, 0xff, 0xff, 0xff, 0xff, 0xff, 0xff,
    0xff, 0xf7,

    /* U+0033 "3" */
    0x0, 0x0, 0x0, 0x5a, 0xdf, 0xff, 0xeb, 0x72,
    0x0, 0x0, 0x0, 0x0, 0x0, 0x7e, 0xff, 0xff,
    0xff, 0xff, 0xff, 0xc3, 0x0, 0x0, 0x0, 0x1c,
    0xff, 0xff, 0xff, 0xff, 0xff, 0xff, 0xff, 0x60,
    0x0, 0x0, 0xcf, 0xff, 0xff, 0xff, 0xff, 0xff,
    0xff, 0xff, 0xf4, 0x0, 0x7, 0xff, 0xff, 0xff,
    0xfd, 0xbc, 0xff, 0xff, 0xff, 0xfd, 0x0, 0xe,
    0xff, 0xff, 0xfc, 0x20, 0x0, 0x8, 0xff, 0xff,
    0xff, 0x40, 0x3f, 0xff, 0xff, 0xe1, 0x0, 0x0,
    0x0, 0xbf, 0xff, 0xff, 0x70, 0x4d, 0xdd, 0xdd,
    0x90, 0x0, 0x0, 0x0, 0x6f, 0xff, 0xff, 0x90,
    0x0, 0x0, 0x0, 0x0, 0x0, 0x0, 0x0, 0x5f,
    0xff, 0xff, 0x90, 0x0, 0x0, 0x0, 0x0, 0x0,
    0x0, 0x0, 0x7f, 0xff, 0xff, 0x60, 0x0, 0x0,
    0x0, 0x0, 0x0, 0x0, 0x1, 0xef, 0xff, 0xfe,
    0x0, 0x0, 0x0, 0x0, 0x0, 0x0, 0x1, 0x6e,
    0xff, 0xff, 0xf5, 0x0, 0x0, 0x0, 0x0, 0xe,
    0xff, 0xff, 0xff, 0xff, 0xff, 0x70, 0x0, 0x0,
    0x0, 0x0, 0xf, 0xff, 0xff, 0xff, 0xff, 0xd3,
    0x0, 0x0, 0x0, 0x0, 0x0, 0xf, 0xff, 0xff,
    0xff, 0xff, 0xc4, 0x0, 0x0, 0x0, 0x0, 0x0,
    0xe, 0xff, 0xff, 0xff, 0xff, 0xff, 0x90, 0x0,
    0x0, 0x0, 0x0, 0x5, 0x66, 0x67, 0xbf, 0xff,
    0xff, 0xf9, 0x0, 0x0, 0x0, 0x0, 0x0, 0x0,
    0x0, 0x3, 0xef, 0xff, 0xff, 0x40, 0x0, 0x0,
    0x0, 0x0, 0x0, 0x0, 0x0, 0x5f, 0xff, 0xff,
    0xa0, 0x0, 0x0, 0x0, 0x0, 0x0, 0x0, 0x0,
    0xf, 0xff, 0xff, 0xf0, 0x0, 0x0, 0x0, 0x0,
    0x0, 0x0, 0x0, 0xd, 0xff, 0xff, 0xf1, 0x8b,
    0xbb, 0xbb, 0x20, 0x0, 0x0, 0x0, 0xd, 0xff,
    0xff, 0xf1, 0x9f, 0xff, 0xff, 0x60, 0x0, 0x0,
    0x0, 0x1f, 0xff, 0xff, 0xf0, 0x7f, 0xff, 0xff,
    0xd1, 0x0, 0x0, 0x0, 0x8f, 0xff, 0xff, 0xc0,
    0x2f, 0xff, 0xff, 0xfc, 0x30, 0x0, 0x8, 0xff,
    0xff, 0xff, 0x70, 0x9, 0xff, 0xff, 0xff, 0xfd,
    0xbc, 0xff, 0xff, 0xff, 0xfe, 0x0, 0x1, 0xdf,
    0xff, 0xff, 0xff, 0xff, 0xff, 0xff, 0xff, 0xf4,
    0x0, 0x0, 0x1d, 0xff, 0xff, 0xff, 0xff, 0xff,
    0xff, 0xff, 0x40, 0x0, 0x0, 0x0, 0x7f, 0xff,
    0xff, 0xff, 0xff, 0xff, 0xa1, 0x0, 0x0, 0x0,
    0x0, 0x0, 0x5a, 0xdf, 0xff, 0xdb, 0x71, 0x0,
    0x0, 0x0,

    /* U+0034 "4" */
    0x0, 0x0, 0x0, 0x0, 0x0, 0x0, 0xbf, 0xff,
    0xff, 0x90, 0x0, 0x0, 0x0, 0x0, 0x0, 0x0,
    0x5, 0xff, 0xff, 0xff, 0x90, 0x0, 0x0, 0x0,
    0x0, 0x0, 0x0, 0xe, 0xff, 0xff, 0xff, 0x90,
    0x0, 0x0, 0x0, 0x0, 0x0, 0x0, 0x8f, 0xff,
    0xff, 0xff, 0x90, 0x0, 0x0, 0x0, 0x0, 0x0,
    0x3, 0xff, 0xff, 0xff, 0xff, 0x90, 0x0, 0x0,
    0x0, 0x0, 0x0, 0xc, 0xff, 0xff, 0xff, 0xff,
    0x90, 0x0, 0x0, 0x0, 0x0, 0x0, 0x6f, 0xff,
    0xff, 0xff, 0xff, 0x90, 0x0, 0x0, 0x0, 0x0,
    0x1, 0xff, 0xff, 0xff, 0xff, 0xff, 0x90, 0x0,
    0x0, 0x0, 0x0, 0xa, 0xff, 0xff, 0xaf, 0xff,
    0xff, 0x90, 0x0, 0x0, 0x0, 0x0, 0x4f, 0xff,
    0xfb, 0x5f, 0xff, 0xff, 0x90, 0x0, 0x0, 0x0,
    0x0, 0xdf, 0xff, 0xf2, 0x5f, 0xff, 0xff, 0x90,
    0x0, 0x0, 0x0, 0x8, 0xff, 0xff, 0x80, 0x5f,
    0xff, 0xff, 0x90, 0x0, 0x0, 0x0, 0x2f, 0xff,
    0xfe, 0x0, 0x5f, 0xff, 0xff, 0x90, 0x0, 0x0,
    0x0, 0xbf, 0xff, 0xf5, 0x0, 0x5f, 0xff, 0xff,
    0x90, 0x0, 0x0, 0x6, 0xff, 0xff, 0xb0, 0x0,
    0x5f, 0xff, 0xff, 0x90, 0x0, 0x0, 0x1e, 0xff,
    0xff, 0x20, 0x0, 0x5f, 0xff, 0xff, 0x90, 0x0,
    0x0, 0x9f, 0xff, 0xf8, 0x0, 0x0, 0x5f, 0xff,
    0xff, 0x90, 0x0, 0x3, 0xff, 0xff, 0xe0, 0x0,
    0x0, 0x5f, 0xff, 0xff, 0x90, 0x0, 0xd, 0xff,
    0xff, 0x50, 0x0, 0x0, 0x5f, 0xff, 0xff, 0x90,
    0x0, 0x7f, 0xff, 0xff, 0xff, 0xff, 0xff, 0xff,
    0xff, 0xff, 0xff, 0xff, 0xcf, 0xff, 0xff, 0xff,
    0xff, 0xff, 0xff, 0xff, 0xff, 0xff, 0xff, 0xbf,
    0xff, 0xff, 0xff, 0xff, 0xff, 0xff, 0xff, 0xff,
    0xff, 0xff, 0xaf, 0xff, 0xff, 0xff, 0xff, 0xff,
    0xff, 0xff, 0xff, 0xff, 0xff, 0x6b, 0xbb, 0xbb,
    0xbb, 0xbb, 0xbb, 0xdf, 0xff, 0xff, 0xeb, 0xbb,
    0x0, 0x0, 0x0, 0x0, 0x0, 0x0, 0x5f, 0xff,
    0xff, 0x90, 0x0, 0x0, 0x0, 0x0, 0x0, 0x0,
    0x0, 0x5f, 0xff, 0xff, 0x90, 0x0, 0x0, 0x0,
    0x0, 0x0, 0x0, 0x0, 0x5f, 0xff, 0xff, 0x90,
    0x0, 0x0, 0x0, 0x0, 0x0, 0x0, 0x0, 0x5f,
    0xff, 0xff, 0x90, 0x0, 0x0, 0x0, 0x0, 0x0,
    0x0, 0x0, 0x5f, 0xff, 0xff, 0x90, 0x0, 0x0,
    0x0, 0x0, 0x0, 0x0, 0x0, 0x5f, 0xff, 0xff,
    0x90, 0x0,

    /* U+0035 "5" */
    0x0, 0x7f, 0xff, 0xff, 0xff, 0xff, 0xff, 0xff,
    0xff, 0xf6, 0x0, 0x9, 0xff, 0xff, 0xff, 0xff,
    0xff, 0xff, 0xff, 0xff, 0x60, 0x0, 0xbf, 0xff,
    0xff, 0xff, 0xff, 0xff, 0xff, 0xff, 0xf6, 0x0,
    0xd, 0xff, 0xff, 0xff, 0xff, 0xff, 0xff, 0xff,
    0xff, 0x60, 0x0, 0xff, 0xff, 0xfe, 0xdd, 0xdd,
    0xdd, 0xdd, 0xdd, 0xd5, 0x0, 0xf, 0xff, 0xff,
    0x60, 0x0, 0x0, 0x0, 0x0, 0x0, 0x0, 0x2,
    0xff, 0xff, 0xf4, 0x0, 0x0, 0x0, 0x0, 0x0,
    0x0, 0x0, 0x4f, 0xff, 0xff, 0x20, 0x0, 0x0,
    0x0, 0x0, 0x0, 0x0, 0x6, 0xff, 0xff, 0xf0,
    0x0, 0x0, 0x0, 0x0, 0x0, 0x0, 0x0, 0x8f,
    0xff, 0xfe, 0x0, 0x35, 0x65, 0x20, 0x0, 0x0,
    0x0, 0xa, 0xff, 0xff, 0xd9, 0xff, 0xff, 0xff,
    0xe8, 0x0, 0x0, 0x0, 0xcf, 0xff, 0xff, 0xff,
    0xff, 0xff, 0xff, 0xfe, 0x30, 0x0, 0xd, 0xff,
    0xff, 0xff, 0xff, 0xff, 0xff, 0xff, 0xff, 0x20,
    0x0, 0xff, 0xff, 0xff, 0xff, 0xff, 0xff, 0xff,
    0xff, 0xfd, 0x0, 0xb, 0xff, 0xff, 0xd5, 0x10,
    0x14, 0xcf, 0xff, 0xff, 0xf5, 0x0, 0x0, 0x37,
    0x90, 0x0, 0x0, 0x0, 0xcf, 0xff, 0xff, 0xb0,
    0x0, 0x0, 0x0, 0x0, 0x0, 0x0, 0x2, 0xff,
    0xff, 0xff, 0x0, 0x0, 0x0, 0x0, 0x0, 0x0,
    0x0, 0xc, 0xff, 0xff, 0xf3, 0x0, 0x0, 0x0,
    0x0, 0x0, 0x0, 0x0, 0xaf, 0xff, 0xff, 0x40,
    0x0, 0x0, 0x0, 0x0, 0x0, 0x0, 0x9, 0xff,
    0xff, 0xf5, 0x0, 0x0, 0x0, 0x0, 0x0, 0x0,
    0x0, 0xaf, 0xff, 0xff, 0x5b, 0xee, 0xee, 0xe1,
    0x0, 0x0, 0x0, 0xc, 0xff, 0xff, 0xf3, 0xbf,
    0xff, 0xff, 0x50, 0x0, 0x0, 0x0, 0xff, 0xff,
    0xff, 0x17, 0xff, 0xff, 0xfc, 0x0, 0x0, 0x0,
    0x7f, 0xff, 0xff, 0xc0, 0x2f, 0xff, 0xff, 0xfa,
    0x10, 0x0, 0x5f, 0xff, 0xff, 0xf6, 0x0, 0x9f,
    0xff, 0xff, 0xff, 0xcb, 0xef, 0xff, 0xff, 0xfd,
    0x0, 0x0, 0xdf, 0xff, 0xff, 0xff, 0xff, 0xff,
    0xff, 0xff, 0x30, 0x0, 0x1, 0xcf, 0xff, 0xff,
    0xff, 0xff, 0xff, 0xff, 0x50, 0x0, 0x0, 0x0,
    0x7f, 0xff, 0xff, 0xff, 0xff, 0xfc, 0x30, 0x0,
    0x0, 0x0, 0x0, 0x6, 0xad, 0xff, 0xfd, 0x94,
    0x0, 0x0, 0x0,

    /* U+0036 "6" */
    0x0, 0x0, 0x0, 0x0, 0x0, 0x59, 0xce, 0xff,
    0x20, 0x0, 0x0, 0x0, 0x0, 0x0, 0x29, 0xff,
    0xff, 0xff, 0xf2, 0x0, 0x0, 0x0, 0x0, 0x0,
    0x7f, 0xff, 0xff, 0xff, 0xff, 0x20, 0x0, 0x0,
    0x0, 0x0, 0xbf, 0xff, 0xff, 0xff, 0xff, 0xf2,
    0x0, 0x0, 0x0, 0x0, 0xcf, 0xff, 0xff, 0xff,
    0xff, 0xdc, 0x20, 0x0, 0x0, 0x0, 0xaf, 0xff,
    0xff, 0xfe, 0x83, 0x0, 0x0, 0x0, 0x0, 0x0,
    0x5f, 0xff, 0xff, 0xf9, 0x0, 0x0, 0x0, 0x0,
    0x0, 0x0, 0xe, 0xff, 0xff, 0xf7, 0x0, 0x0,
    0x0, 0x0, 0x0, 0x0, 0x6, 0xff, 0xff, 0xfa,
    0x0, 0x0, 0x0, 0x0, 0x0, 0x0, 0x0, 0xdf,
    0xff, 0xff, 0x10, 0x48, 0xaa, 0x95, 0x0, 0x0,
    0x0, 0x2f, 0xff, 0xff, 0x96, 0xef, 0xff, 0xff,
    0xff, 0x70, 0x0, 0x7, 0xff, 0xff, 0xfd, 0xff,
    0xff, 0xff, 0xff, 0xff, 0xb0, 0x0, 0xaf, 0xff,
    0xff, 0xff, 0xff, 0xff, 0xff, 0xff, 0xff, 0x90,
    0xc, 0xff, 0xff, 0xff, 0xff, 0xff, 0xff, 0xff,
    0xff, 0xff, 0x30, 0xef, 0xff, 0xff, 0xfd, 0x51,
    0x2, 0xaf, 0xff, 0xff, 0xfb, 0xf, 0xff, 0xff,
    0xfc, 0x10, 0x0, 0x0, 0x8f, 0xff, 0xff, 0xf1,
    0xff, 0xff, 0xff, 0x20, 0x0, 0x0, 0x0, 0xef,
    0xff, 0xff, 0x5f, 0xff, 0xff, 0xf0, 0x0, 0x0,
    0x0, 0x8, 0xff, 0xff, 0xf7, 0xff, 0xff, 0xff,
    0x0, 0x0, 0x0, 0x0, 0x5f, 0xff, 0xff, 0x9e,
    0xff, 0xff, 0xf0, 0x0, 0x0, 0x0, 0x4, 0xff,
    0xff, 0xfa, 0xcf, 0xff, 0xff, 0x0, 0x0, 0x0,
    0x0, 0x4f, 0xff, 0xff, 0x9a, 0xff, 0xff, 0xf3,
    0x0, 0x0, 0x0, 0x7, 0xff, 0xff, 0xf7, 0x5f,
    0xff, 0xff, 0x80, 0x0, 0x0, 0x0, 0xcf, 0xff,
    0xff, 0x41, 0xff, 0xff, 0xff, 0x10, 0x0, 0x0,
    0x4f, 0xff, 0xff, 0xf0, 0x9, 0xff, 0xff, 0xfd,
    0x30, 0x0, 0x5f, 0xff, 0xff, 0xf9, 0x0, 0x1e,
    0xff, 0xff, 0xff, 0xdb, 0xdf, 0xff, 0xff, 0xfe,
    0x10, 0x0, 0x4f, 0xff, 0xff, 0xff, 0xff, 0xff,
    0xff, 0xff, 0x50, 0x0, 0x0, 0x4f, 0xff, 0xff,
    0xff, 0xff, 0xff, 0xff, 0x60, 0x0, 0x0, 0x0,
    0x2b, 0xff, 0xff, 0xff, 0xff, 0xfd, 0x30, 0x0,
    0x0, 0x0, 0x0, 0x3, 0x9c, 0xff, 0xfd, 0x94,
    0x0, 0x0, 0x0,

    /* U+0037 "7" */
    0xcf, 0xff, 0xff, 0xff, 0xff, 0xff, 0xff, 0xff,
    0xff, 0xff, 0xf5, 0xcf, 0xff, 0xff, 0xff, 0xff,
    0xff, 0xff, 0xff, 0xff, 0xff, 0xf5, 0xcf, 0xff,
    0xff, 0xff, 0xff, 0xff, 0xff, 0xff, 0xff, 0xff,
    0xf5, 0xcf, 0xff, 0xff, 0xff, 0xff, 0xff, 0xff,
    0xff, 0xff, 0xff, 0xf3, 0x8b, 0xbb, 0xbb, 0xbb,
    0xbb, 0xbb, 0xbb, 0xbf, 0xff, 0xff, 0xc0, 0x0,
    0x0, 0x0, 0x0, 0x0, 0x0, 0x0, 0x4f, 0xff,
    0xff, 0x50, 0x0, 0x0, 0x0, 0x0, 0x0, 0x0,
    0x0, 0xbf, 0xff, 0xfe, 0x0, 0x0, 0x0, 0x0,
    0x0, 0x0, 0x0, 0x3, 0xff, 0xff, 0xf7, 0x0,
    0x0, 0x0, 0x0, 0x0, 0x0, 0x0, 0xa, 0xff,
    0xff, 0xf1, 0x0, 0x0, 0x0, 0x0, 0x0, 0x0,
    0x0, 0x1f, 0xff, 0xff, 0xa0, 0x0, 0x0, 0x0,
    0x0, 0x0, 0x0, 0x0, 0x8f, 0xff, 0xff, 0x30,
    0x0, 0x0, 0x0, 0x0, 0x0, 0x0, 0x1, 0xff,
    0xff, 0xfc, 0x0, 0x0, 0x0, 0x0, 0x0, 0x0,
    0x0, 0x7, 0xff, 0xff, 0xf5, 0x0, 0x0, 0x0,
    0x0, 0x0, 0x0, 0x0, 0xe, 0xff, 0xff, 0xe0,
    0x0, 0x0, 0x0, 0x0, 0x0, 0x0, 0x0, 0x6f,
    0xff, 0xff, 0x70, 0x0, 0x0, 0x0, 0x0, 0x0,
    0x0, 0x0, 0xdf, 0xff, 0xff, 0x10, 0x0, 0x0,
    0x0, 0x0, 0x0, 0x0, 0x4, 0xff, 0xff, 0xf9,
    0x0, 0x0, 0x0, 0x0, 0x0, 0x0, 0x0, 0xc,
    0xff, 0xff, 0xf2, 0x0, 0x0, 0x0, 0x0, 0x0,
    0x0, 0x0, 0x3f, 0xff, 0xff, 0xb0, 0x0, 0x0,
    0x0, 0x0, 0x0, 0x0, 0x0, 0xaf, 0xff, 0xff,
    0x40, 0x0, 0x0, 0x0, 0x0, 0x0, 0x0, 0x2,
    0xff, 0xff, 0xfd, 0x0, 0x0, 0x0, 0x0, 0x0,
    0x0, 0x0, 0x9, 0xff, 0xff, 0xf7, 0x0, 0x0,
    0x0, 0x0, 0x0, 0x0, 0x0, 0x1f, 0xff, 0xff,
    0xf1, 0x0, 0x0, 0x0, 0x0, 0x0, 0x0, 0x0,
    0x7f, 0xff, 0xff, 0x90, 0x0, 0x0, 0x0, 0x0,
    0x0, 0x0, 0x0, 0xef, 0xff, 0xff, 0x20, 0x0,
    0x0, 0x0, 0x0, 0x0, 0x0, 0x6, 0xff, 0xff,
    0xfb, 0x0, 0x0, 0x0, 0x0, 0x0, 0x0, 0x0,
    0xd, 0xff, 0xff, 0xf4, 0x0, 0x0, 0x0, 0x0,
    0x0, 0x0, 0x0, 0x4f, 0xff, 0xff, 0xd0, 0x0,
    0x0, 0x0, 0x0, 0x0, 0x0, 0x0, 0xcf, 0xff,
    0xff, 0x60, 0x0, 0x0, 0x0, 0x0, 0x0, 0x0,
    0x3, 0xff, 0xff, 0xff, 0x0, 0x0, 0x0, 0x0,
    0x0, 0x0,

    /* U+0038 "8" */
    0x0, 0x0, 0x0, 0x38, 0xce, 0xff, 0xec, 0x94,
    0x0, 0x0, 0x0, 0x0, 0x0, 0x2c, 0xff, 0xff,
    0xff, 0xff, 0xff, 0xd3, 0x0, 0x0, 0x0, 0x4,
    0xff, 0xff, 0xff, 0xff, 0xff, 0xff, 0xff, 0x60,
    0x0, 0x0, 0x3f, 0xff, 0xff, 0xff, 0xff, 0xff,
    0xff, 0xff, 0xf4, 0x0, 0x0, 0xcf, 0xff, 0xff,
    0xff, 0xcc, 0xef, 0xff, 0xff, 0xfd, 0x0, 0x1,
    0xff, 0xff, 0xff, 0x90, 0x0, 0x8, 0xff, 0xff,
    0xff, 0x30, 0x5, 0xff, 0xff, 0xfd, 0x0, 0x0,
    0x0, 0xcf, 0xff, 0xff, 0x60, 0x6, 0xff, 0xff,
    0xf9, 0x0, 0x0, 0x0, 0x7f, 0xff, 0xff, 0x80,
    0x6, 0xff, 0xff, 0xf8, 0x0, 0x0, 0x0, 0x6f,
    0xff, 0xff, 0x70, 0x3, 0xff, 0xff, 0xfb, 0x0,
    0x0, 0x0, 0x9f, 0xff, 0xff, 0x40, 0x0, 0xdf,
    0xff, 0xff, 0x40, 0x0, 0x3, 0xff, 0xff, 0xfe,
    0x0, 0x0, 0x3f, 0xff, 0xff, 0xf9, 0x55, 0x8f,
    0xff, 0xff, 0xf5, 0x0, 0x0, 0x5, 0xff, 0xff,
    0xff, 0xff, 0xff, 0xff, 0xff, 0x70, 0x0, 0x0,
    0x0, 0x2d, 0xff, 0xff, 0xff, 0xff, 0xff, 0xd3,
    0x0, 0x0, 0x0, 0x0, 0x8f, 0xff, 0xff, 0xff,
    0xff, 0xff, 0xf9, 0x0, 0x0, 0x0, 0xb, 0xff,
    0xff, 0xff, 0xff, 0xff, 0xff, 0xff, 0xc0, 0x0,
    0x0, 0x9f, 0xff, 0xff, 0xe7, 0x44, 0x7e, 0xff,
    0xff, 0xfb, 0x0, 0x3, 0xff, 0xff, 0xfe, 0x10,
    0x0, 0x1, 0xdf, 0xff, 0xff, 0x50, 0xa, 0xff,
    0xff, 0xf5, 0x0, 0x0, 0x0, 0x4f, 0xff, 0xff,
    0xc0, 0xe, 0xff, 0xff, 0xf0, 0x0, 0x0, 0x0,
    0xe, 0xff, 0xff, 0xf0, 0xf, 0xff, 0xff, 0xe0,
    0x0, 0x0, 0x0, 0xc, 0xff, 0xff, 0xf2, 0x1f,
    0xff, 0xff, 0xe0, 0x0, 0x0, 0x0, 0xd, 0xff,
    0xff, 0xf2, 0xf, 0xff, 0xff, 0xf1, 0x0, 0x0,
    0x0, 0xf, 0xff, 0xff, 0xf1, 0xd, 0xff, 0xff,
    0xf9, 0x0, 0x0, 0x0, 0x7f, 0xff, 0xff, 0xe0,
    0x8, 0xff, 0xff, 0xff, 0x80, 0x0, 0x6, 0xff,
    0xff, 0xff, 0x90, 0x1, 0xff, 0xff, 0xff, 0xff,
    0xcb, 0xef, 0xff, 0xff, 0xff, 0x20, 0x0, 0x5f,
    0xff, 0xff, 0xff, 0xff, 0xff, 0xff, 0xff, 0xf7,
    0x0, 0x0, 0x7, 0xff, 0xff, 0xff, 0xff, 0xff,
    0xff, 0xff, 0x90, 0x0, 0x0, 0x0, 0x3c, 0xff,
    0xff, 0xff, 0xff, 0xff, 0xd5, 0x0, 0x0, 0x0,
    0x0, 0x0, 0x38, 0xce, 0xff, 0xec, 0x94, 0x0,
    0x0, 0x0,

    /* U+0039 "9" */
    0x0, 0x0, 0x0, 0x17, 0xce, 0xff, 0xda, 0x50,
    0x0, 0x0, 0x0, 0x0, 0x0, 0x9f, 0xff, 0xff,
    0xff, 0xff, 0xd3, 0x0, 0x0, 0x0, 0x1, 0xdf,
    0xff, 0xff, 0xff, 0xff, 0xff, 0xf6, 0x0, 0x0,
    0x0, 0xdf, 0xff, 0xff, 0xff, 0xff, 0xff, 0xff,
    0xf5, 0x0, 0x0, 0xaf, 0xff, 0xff, 0xfe, 0xbc,
    0xff, 0xff, 0xff, 0xe1, 0x0, 0x3f, 0xff, 0xff,
    0xf9, 0x0, 0x2, 0xdf, 0xff, 0xff, 0x90, 0x9,
    0xff, 0xff, 0xfb, 0x0, 0x0, 0x1, 0xff, 0xff,
    0xff, 0x0, 0xef, 0xff, 0xff, 0x20, 0x0, 0x0,
    0x8, 0xff, 0xff, 0xf5, 0x1f, 0xff, 0xff, 0xd0,
    0x0, 0x0, 0x0, 0x3f, 0xff, 0xff, 0x93, 0xff,
    0xff, 0xfb, 0x0, 0x0, 0x0, 0x1, 0xff, 0xff,
    0xfc, 0x3f, 0xff, 0xff, 0xa0, 0x0, 0x0, 0x0,
    0xf, 0xff, 0xff, 0xd2, 0xff, 0xff, 0xfc, 0x0,
    0x0, 0x0, 0x0, 0xff, 0xff, 0xfe, 0xf, 0xff,
    0xff, 0xf0, 0x0, 0x0, 0x0, 0xf, 0xff, 0xff,
    0xf0, 0xdf, 0xff, 0xff, 0x70, 0x0, 0x0, 0x3,
    0xff, 0xff, 0xff, 0x8, 0xff, 0xff, 0xff, 0x40,
    0x0, 0x4, 0xef, 0xff, 0xff, 0xe0, 0x1f, 0xff,
    0xff, 0xff, 0xb8, 0x8b, 0xff, 0xff, 0xff, 0xfe,
    0x0, 0x7f, 0xff, 0xff, 0xff, 0xff, 0xff, 0xff,
    0xff, 0xff, 0xc0, 0x0, 0xaf, 0xff, 0xff, 0xff,
    0xff, 0xff, 0xff, 0xff, 0xfa, 0x0, 0x0, 0x8f,
    0xff, 0xff, 0xff, 0xfc, 0x4f, 0xff, 0xff, 0x70,
    0x0, 0x0, 0x28, 0xcf, 0xfe, 0xb5, 0x5, 0xff,
    0xff, 0xf3, 0x0, 0x0, 0x0, 0x0, 0x0, 0x0,
    0x0, 0xaf, 0xff, 0xfe, 0x0, 0x0, 0x0, 0x0,
    0x0, 0x0, 0x0, 0x2f, 0xff, 0xff, 0x90, 0x0,
    0x0, 0x0, 0x0, 0x0, 0x0, 0x1d, 0xff, 0xff,
    0xf2, 0x0, 0x0, 0x0, 0x0, 0x0, 0x0, 0x3d,
    0xff, 0xff, 0xf9, 0x0, 0x0, 0x0, 0x0, 0x0,
    0x25, 0xbf, 0xff, 0xff, 0xfd, 0x0, 0x0, 0x0,
    0x0, 0xae, 0xff, 0xff, 0xff, 0xff, 0xfe, 0x20,
    0x0, 0x0, 0x0, 0xc, 0xff, 0xff, 0xff, 0xff,
    0xfe, 0x30, 0x0, 0x0, 0x0, 0x0, 0xcf, 0xff,
    0xff, 0xff, 0xfb, 0x10, 0x0, 0x0, 0x0, 0x0,
    0xc, 0xff, 0xff, 0xff, 0xc4, 0x0, 0x0, 0x0,
    0x0, 0x0, 0x0, 0xcf, 0xed, 0xa6, 0x20, 0x0,
    0x0, 0x0, 0x0,

    /* U+003A ":" */
    0x3, 0xcf, 0xfa, 0x10, 0x1e, 0xff, 0xff, 0xb0,
    0x6f, 0xff, 0xff, 0xf2, 0x7f, 0xff, 0xff, 0xf2,
    0x2f, 0xff, 0xff, 0xd0, 0x6, 0xff, 0xfd, 0x30,
    0x0, 0x3, 0x30, 0x0, 0x0, 0x0, 0x0, 0x0,
    0x0, 0x0, 0x0, 0x0, 0x0, 0x0, 0x0, 0x0,
    0x0, 0x0, 0x0, 0x0, 0x0, 0x0, 0x0, 0x0,
    0x0, 0x0, 0x0, 0x0, 0x0, 0x0, 0x0, 0x0,
    0x0, 0x0, 0x0, 0x0, 0x0, 0x0, 0x0, 0x0,
    0x0, 0x3, 0x30, 0x0, 0x6, 0xff, 0xfe, 0x30,
    0x2f, 0xff, 0xff, 0xd0, 0x7f, 0xff, 0xff, 0xf2,
    0x6f, 0xff, 0xff, 0xf1, 0x1e, 0xff, 0xff, 0xb0,
    0x3, 0xcf, 0xfa, 0x10,

    /* U+003B ";" */
    0x0, 0x6d, 0xfe, 0x70, 0x5, 0xff, 0xff, 0xf7,
    0xb, 0xff, 0xff, 0xfd, 0xb, 0xff, 0xff, 0xfd,
    0x7, 0xff, 0xff, 0xf9, 0x0, 0xaf, 0xff, 0xb0,
    0x0, 0x1, 0x32, 0x0, 0x0, 0x0, 0x0, 0x0,
    0x0, 0x0, 0x0, 0x0, 0x0, 0x0, 0x0, 0x0,
    0x0, 0x0, 0x0, 0x0, 0x0, 0x0, 0x0, 0x0,
    0x0, 0x0, 0x0, 0x0, 0x0, 0x0, 0x0, 0x0,
    0x0, 0x0, 0x0, 0x0, 0x0, 0x0, 0x0, 0x0,
    0x0, 0x0, 0x0, 0x0, 0x0, 0x0, 0x0, 0x0,
    0x0, 0x7c, 0xcc, 0xc3, 0x0, 0xaf, 0xff, 0xf5,
    0x0, 0xaf, 0xff, 0xf5, 0x0, 0xaf, 0xff, 0xf5,
    0x0, 0xaf, 0xff, 0xf4, 0x0, 0xaf, 0xff, 0xf3,
    0x0, 0xdf, 0xff, 0xf0, 0x1, 0xff, 0xff, 0xc0,
    0x7, 0xff, 0xff, 0x60, 0xe, 0xff, 0xfd, 0x0,
    0x6f, 0xff, 0xf4, 0x0, 0x5d, 0xff, 0x80, 0x0,
    0x0, 0x68, 0x0, 0x0,

    /* U+003C "<" */
    0x0, 0x0, 0x0, 0x0, 0x0, 0x0, 0x0, 0x0,
    0x6a, 0x0, 0x0, 0x0, 0x0, 0x0, 0x0, 0x2,
    0x9f, 0xfd, 0x0, 0x0, 0x0, 0x0, 0x0, 0x4,
    0xbf, 0xff, 0xfd, 0x0, 0x0, 0x0, 0x0, 0x6,
    0xdf, 0xff, 0xff, 0xfd, 0x0, 0x0, 0x0, 0x28,
    0xef, 0xff, 0xff, 0xff, 0xfd, 0x0, 0x0, 0x4b,
    0xff, 0xff, 0xff, 0xff, 0xff, 0xfa, 0x0, 0x6d,
    0xff, 0xff, 0xff, 0xff, 0xff, 0xd8, 0x20, 0x7e,
    0xff, 0xff, 0xff, 0xff, 0xff, 0x94, 0x0, 0x0,
    0xff, 0xff, 0xff, 0xff, 0xfc, 0x50, 0x0, 0x0,
    0x0, 0xff, 0xff, 0xff, 0xd8, 0x20, 0x0, 0x0,
    0x0, 0x0, 0xff, 0xff, 0xff, 0xc7, 0x10, 0x0,
    0x0, 0x0, 0x0, 0xff, 0xff, 0xff, 0xff, 0xfb,
    0x50, 0x0, 0x0, 0x0, 0x8e, 0xff, 0xff, 0xff,
    0xff, 0xff, 0x93, 0x0, 0x0, 0x0, 0x6d, 0xff,
    0xff, 0xff, 0xff, 0xff, 0xd8, 0x20, 0x0, 0x0,
    0x4b, 0xff, 0xff, 0xff, 0xff, 0xff, 0xfa, 0x0,
    0x0, 0x0, 0x28, 0xff, 0xff, 0xff, 0xff, 0xfd,
    0x0, 0x0, 0x0, 0x0, 0x6, 0xdf, 0xff, 0xff,
    0xfd, 0x0, 0x0, 0x0, 0x0, 0x0, 0x4, 0xbf,
    0xff, 0xfd, 0x0, 0x0, 0x0, 0x0, 0x0, 0x0,
    0x2, 0x9f, 0xfd, 0x0, 0x0, 0x0, 0x0, 0x0,
    0x0, 0x0, 0x0, 0x7b, 0x0, 0x0, 0x0, 0x0,
    0x0, 0x0, 0x0, 0x0, 0x0,

    /* U+003D "=" */
    0x2c, 0xcc, 0xcc, 0xcc, 0xcc, 0xcc, 0xcc, 0xcc,
    0xcc, 0xc2, 0x3f, 0xff, 0xff, 0xff, 0xff, 0xff,
    0xff, 0xff, 0xff, 0xf3, 0x3f, 0xff, 0xff, 0xff,
    0xff, 0xff, 0xff, 0xff, 0xff, 0xf3, 0x3f, 0xff,
    0xff, 0xff, 0xff, 0xff, 0xff, 0xff, 0xff, 0xf3,
    0x3f, 0xff, 0xff, 0xff, 0xff, 0xff, 0xff, 0xff,
    0xff, 0xf3, 0x0, 0x0, 0x0, 0x0, 0x0, 0x0,
    0x0, 0x0, 0x0, 0x0, 0x0, 0x0, 0x0, 0x0,
    0x0, 0x0, 0x0, 0x0, 0x0, 0x0, 0x0, 0x0,
    0x0, 0x0, 0x0, 0x0, 0x0, 0x0, 0x0, 0x0,
    0x0, 0x0, 0x0, 0x0, 0x0, 0x0, 0x0, 0x0,
    0x0, 0x0, 0x2c, 0xcc, 0xcc, 0xcc, 0xcc, 0xcc,
    0xcc, 0xcc, 0xcc, 0xc2, 0x3f, 0xff, 0xff, 0xff,
    0xff, 0xff, 0xff, 0xff, 0xff, 0xf3, 0x3f, 0xff,
    0xff, 0xff, 0xff, 0xff, 0xff, 0xff, 0xff, 0xf3,
    0x3f, 0xff, 0xff, 0xff, 0xff, 0xff, 0xff, 0xff,
    0xff, 0xf3, 0x3f, 0xff, 0xff, 0xff, 0xff, 0xff,
    0xff, 0xff, 0xff, 0xf3,

    /* U+003E ">" */
    0x78, 0x20, 0x0, 0x0, 0x0, 0x0, 0x0, 0x0,
    0x0, 0x9, 0xff, 0xb4, 0x0, 0x0, 0x0, 0x0,
    0x0, 0x0, 0x0, 0x9f, 0xff, 0xfd, 0x60, 0x0,
    0x0, 0x0, 0x0, 0x0, 0x9, 0xff, 0xff, 0xff,
    0xe8, 0x20, 0x0, 0x0, 0x0, 0x0, 0x9f, 0xff,
    0xff, 0xff, 0xff, 0xb4, 0x0, 0x0, 0x0, 0x6,
    0xff, 0xff, 0xff, 0xff, 0xff, 0xfd, 0x60, 0x0,
    0x0, 0x0, 0x5b, 0xff, 0xff, 0xff, 0xff, 0xff,
    0xf8, 0x20, 0x0, 0x0, 0x1, 0x7d, 0xff, 0xff,
    0xff, 0xff, 0xff, 0xb2, 0x0, 0x0, 0x0, 0x2,
    0x8e, 0xff, 0xff, 0xff, 0xff, 0x50, 0x0, 0x0,
    0x0, 0x0, 0x4, 0xaf, 0xff, 0xff, 0xf5, 0x0,
    0x0, 0x0, 0x0, 0x0, 0x5b, 0xff, 0xff, 0xff,
    0x50, 0x0, 0x0, 0x0, 0x39, 0xef, 0xff, 0xff,
    0xff, 0xf5, 0x0, 0x0, 0x17, 0xdf, 0xff, 0xff,
    0xff, 0xff, 0xfb, 0x20, 0x5, 0xbf, 0xff, 0xff,
    0xff, 0xff, 0xff, 0x92, 0x0, 0x6f, 0xff, 0xff,
    0xff, 0xff, 0xff, 0xd6, 0x0, 0x0, 0x9, 0xff,
    0xff, 0xff, 0xff, 0xfb, 0x40, 0x0, 0x0, 0x0,
    0x9f, 0xff, 0xff, 0xff, 0x92, 0x0, 0x0, 0x0,
    0x0, 0x9, 0xff, 0xff, 0xd6, 0x0, 0x0, 0x0,
    0x0, 0x0, 0x0, 0x9f, 0xfb, 0x40, 0x0, 0x0,
    0x0, 0x0, 0x0, 0x0, 0x8, 0x82, 0x0, 0x0,
    0x0, 0x0, 0x0, 0x0, 0x0, 0x0, 0x0, 0x0,
    0x0, 0x0, 0x0, 0x0, 0x0, 0x0, 0x0, 0x0,

    /* U+003F "?" */
    0x0, 0x0, 0x1, 0x7b, 0xef, 0xff, 0xda, 0x50,
    0x0, 0x0, 0x0, 0x0, 0x8f, 0xff, 0xff, 0xff,
    0xff, 0xfe, 0x50, 0x0, 0x0, 0xc, 0xff, 0xff,
    0xff, 0xff, 0xff, 0xff, 0xf7, 0x0, 0x0, 0xbf,
    0xff, 0xff, 0xff, 0xff, 0xff, 0xff, 0xff, 0x40,
    0x4, 0xff, 0xff, 0xff, 0xfd, 0xce, 0xff, 0xff,
    0xff, 0xc0, 0xa, 0xff, 0xff, 0xfe, 0x30, 0x0,
    0x8f, 0xff, 0xff, 0xf2, 0xe, 0xff, 0xff, 0xf4,
    0x0, 0x0, 0xd, 0xff, 0xff, 0xf5, 0xf, 0xff,
    0xff, 0xf0, 0x0, 0x0, 0x9, 0xff, 0xff, 0xf6,
    0x3, 0x33, 0x33, 0x30, 0x0, 0x0, 0x9, 0xff,
    0xff, 0xf5, 0x0, 0x0, 0x0, 0x0, 0x0, 0x0,
    0xc, 0xff, 0xff, 0xf3, 0x0, 0x0, 0x0, 0x0,
    0x0, 0x0, 0x4f, 0xff, 0xff, 0xd0, 0x0, 0x0,
    0x0, 0x0, 0x0, 0x2, 0xef, 0xff, 0xff, 0x50,
    0x0, 0x0, 0x0, 0x0, 0x0, 0x2e, 0xff, 0xff,
    0xfa, 0x0, 0x0, 0x0, 0x0, 0x0, 0x3, 0xef,
    0xff, 0xff, 0xc0, 0x0, 0x0, 0x0, 0x0, 0x0,
    0x2e, 0xff, 0xff, 0xfc, 0x0, 0x0, 0x0, 0x0,
    0x0, 0x0, 0xcf, 0xff, 0xff, 0xb0, 0x0, 0x0,
    0x0, 0x0, 0x0, 0x3, 0xff, 0xff, 0xfb, 0x0,
    0x0, 0x0, 0x0, 0x0, 0x0, 0x8, 0xff, 0xff,
    0xf1, 0x0, 0x0, 0x0, 0x0, 0x0, 0x0, 0xb,
    0xff, 0xff, 0xa0, 0x0, 0x0, 0x0, 0x0, 0x0,
    0x0, 0xd, 0xff, 0xff, 0x70, 0x0, 0x0, 0x0,
    0x0, 0x0, 0x0, 0x8, 0xaa, 0xaa, 0x30, 0x0,
    0x0, 0x0, 0x0, 0x0, 0x0, 0x0, 0x0, 0x0,
    0x0, 0x0, 0x0, 0x0, 0x0, 0x0, 0x0, 0x0,
    0x0, 0x0, 0x0, 0x0, 0x0, 0x0, 0x0, 0x0,
    0x0, 0x0, 0x2, 0x20, 0x0, 0x0, 0x0, 0x0,
    0x0, 0x0, 0x0, 0x5, 0xef, 0xfd, 0x20, 0x0,
    0x0, 0x0, 0x0, 0x0, 0x0, 0x2f, 0xff, 0xff,
    0xd0, 0x0, 0x0, 0x0, 0x0, 0x0, 0x0, 0x7f,
    0xff, 0xff, 0xf2, 0x0, 0x0, 0x0, 0x0, 0x0,
    0x0, 0x6f, 0xff, 0xff, 0xf1, 0x0, 0x0, 0x0,
    0x0, 0x0, 0x0, 0x1e, 0xff, 0xff, 0xb0, 0x0,
    0x0, 0x0, 0x0, 0x0, 0x0, 0x3, 0xcf, 0xe9,
    0x0, 0x0, 0x0, 0x0,

    /* U+0040 "@" */
    0x0, 0x0, 0x0, 0x0, 0x0, 0x0, 0x3, 0x8b,
    0xdf, 0xff, 0xed, 0xa7, 0x20, 0x0, 0x0, 0x0,
    0x0, 0x0, 0x0, 0x0, 0x0, 0x0, 0x0, 0x7e,
    0xff, 0xff, 0xff, 0xff, 0xff, 0xff, 0xd6, 0x0,
    0x0, 0x0, 0x0, 0x0, 0x0, 0x0, 0x0, 0x6,
    0xef, 0xff, 0xff, 0xff, 0xff, 0xff, 0xff, 0xff,
    0xfd, 0x30, 0x0, 0x0, 0x0, 0x0, 0x0, 0x0,
    0x1b, 0xff, 0xff, 0xff, 0xb7, 0x55, 0x56, 0x8b,
    0xff, 0xff, 0xff, 0x60, 0x0, 0x0, 0x0, 0x0,
    0x0, 0x1d, 0xff, 0xff, 0xd5, 0x0, 0x0, 0x0,
    0x0, 0x0, 0x6e, 0xff, 0xff, 0x70, 0x0, 0x0,
    0x0, 0x0, 0x1d, 0xff, 0xff, 0x70, 0x0, 0x0,
    0x0, 0x0, 0x0, 0x0, 0x8, 0xff, 0xff, 0x50,
    0x0, 0x0, 0x0, 0xc, 0xff, 0xff, 0x40, 0x0,
    0x0, 0x0, 0x0, 0x0, 0x0, 0x0, 0x6, 0xff,
    0xff, 0x10, 0x0, 0x0, 0x7, 0xff, 0xff, 0x30,
    0x0, 0x0, 0x0, 0x0, 0x0, 0x0, 0x0, 0x0,
    0x7, 0xff, 0xfa, 0x0, 0x0, 0x2, 0xff, 0xff,
    0x50, 0x0, 0x0, 0x0, 0x0, 0x0, 0x0, 0x0,
    0x0, 0x0, 0xc, 0xff, 0xf2, 0x0, 0x0, 0xaf,
    0xff, 0xb0, 0x0, 0x0, 0x0, 0x17, 0xcf, 0xfe,
    0xc7, 0x10, 0x0, 0x0, 0x4f, 0xff, 0x90, 0x0,
    0x2f, 0xff, 0xf2, 0x0, 0x0, 0x0, 0x5f, 0xff,
    0xff, 0xff, 0xfe, 0x60, 0x0, 0x0, 0xdf, 0xfe,
    0x0, 0x9, 0xff, 0xf9, 0x0, 0x0, 0x0, 0x7f,
    0xff, 0xff, 0xff, 0xff, 0xff, 0x60, 0x0, 0x8,
    0xff, 0xf3, 0x0, 0xef, 0xff, 0x30, 0x0, 0x0,
    0x5f, 0xff, 0xff, 0xb9, 0xaf, 0xff, 0xf6, 0x0,
    0x0, 0x3f, 0xff, 0x60, 0x4f, 0xff, 0xd0, 0x0,
    0x0, 0x1f, 0xff, 0xfc, 0x20, 0x0, 0xcf, 0xff,
    0x40, 0x0, 0x0, 0xff, 0xf9, 0x8, 0xff, 0xf8,
    0x0, 0x0, 0x9, 0xff, 0xfe, 0x10, 0x0, 0xe,
    0xff, 0xf3, 0x0, 0x0, 0xe, 0xff, 0xb0, 0xcf,
    0xff, 0x40, 0x0, 0x1, 0xff, 0xff, 0x60, 0x0,
    0x0, 0xff, 0xff, 0x20, 0x0, 0x0, 0xdf, 0xfd,
    0xf, 0xff, 0xf1, 0x0, 0x0, 0x7f, 0xff, 0xf0,
    0x0, 0x0, 0x1f, 0xff, 0xf0, 0x0, 0x0, 0xc,
    0xff, 0xd1, 0xff, 0xff, 0x0, 0x0, 0xc, 0xff,
    0xfb, 0x0, 0x0, 0x2, 0xff, 0xff, 0x0, 0x0,
    0x0, 0xcf, 0xfe, 0x3f, 0xff, 0xd0, 0x0, 0x0,
    0xff, 0xff, 0x70, 0x0, 0x0, 0x3f, 0xff, 0xe0,
    0x0, 0x0, 0xc, 0xff, 0xd4, 0xff, 0xfb, 0x0,
    0x0, 0x3f, 0xff, 0xf4, 0x0, 0x0, 0x5, 0xff,
    0xfc, 0x0, 0x0, 0x0, 0xdf, 0xfc, 0x4f, 0xff,
    0xb0, 0x0, 0x5, 0xff, 0xff, 0x20, 0x0, 0x0,
    0x6f, 0xff, 0xb0, 0x0, 0x0, 0xf, 0xff, 0xa5,
    0xff, 0xfb, 0x0, 0x0, 0x6f, 0xff, 0xf1, 0x0,
    0x0, 0x8, 0xff, 0xf9, 0x0, 0x0, 0x2, 0xff,
    0xf7, 0x4f, 0xff, 0xb0, 0x0, 0x6, 0xff, 0xff,
    0x20, 0x0, 0x0, 0xaf, 0xff, 0x80, 0x0, 0x0,
    0x6f, 0xff, 0x43, 0xff, 0xfc, 0x0, 0x0, 0x5f,
    0xff, 0xf3, 0x0, 0x0, 0xe, 0xff, 0xf7, 0x0,
    0x0, 0xc, 0xff, 0xf0, 0x2f, 0xff, 0xe0, 0x0,
    0x3, 0xff, 0xff, 0x80, 0x0, 0x7, 0xff, 0xff,
    0x70, 0x0, 0x3, 0xff, 0xf9, 0x0, 0xff, 0xff,
    0x10, 0x0, 0xf, 0xff, 0xff, 0x30, 0x5, 0xff,
    0xff, 0xfb, 0x0, 0x1, 0xdf, 0xff, 0x20, 0xc,
    0xff, 0xf4, 0x0, 0x0, 0x9f, 0xff, 0xff, 0xcd,
    0xff, 0xff, 0xff, 0xf9, 0x46, 0xef, 0xff, 0x80,
    0x0, 0x9f, 0xff, 0x90, 0x0, 0x1, 0xff, 0xff,
    0xff, 0xff, 0xf8, 0xcf, 0xff, 0xff, 0xff, 0xff,
    0xb0, 0x0, 0x4, 0xff, 0xfe, 0x0, 0x0, 0x4,
    0xff, 0xff, 0xff, 0xf9, 0x1, 0xdf, 0xff, 0xff,
    0xff, 0x90, 0x0, 0x0, 0xe, 0xff, 0xf6, 0x0,
    0x0, 0x2, 0xae, 0xfe, 0xa4, 0x0, 0x0, 0x8d,
    0xff, 0xd9, 0x30, 0x0, 0x0, 0x0, 0x8f, 0xff,
    0xe1, 0x0, 0x0, 0x0, 0x0, 0x0, 0x0, 0x0,
    0x0, 0x0, 0x0, 0x0, 0x0, 0x0, 0x0, 0x1,
    0xff, 0xff, 0xb0, 0x0, 0x0, 0x0, 0x0, 0x0,
    0x0, 0x0, 0x0, 0x0, 0x0, 0x0, 0x0, 0x0,
    0x0, 0x6, 0xff, 0xff, 0xa0, 0x0, 0x0, 0x0,
    0x0, 0x0, 0x0, 0x0, 0x0, 0x0, 0x0, 0x0,
    0x0, 0x0, 0x0, 0xb, 0xff, 0xff, 0xc2, 0x0,
    0x0, 0x0, 0x0, 0x0, 0x0, 0x0, 0x0, 0x0,
    0x0, 0x0, 0x0, 0x0, 0x0, 0xc, 0xff, 0xff,
    0xfa, 0x40, 0x0, 0x0, 0x0, 0x1, 0x5b, 0x40,
    0x0, 0x0, 0x0, 0x0, 0x0, 0x0, 0x0, 0xb,
    0xff, 0xff, 0xff, 0xfc, 0xa9, 0x89, 0xad, 0xff,
    0xf8, 0x0, 0x0, 0x0, 0x0, 0x0, 0x0, 0x0,
    0x0, 0x6, 0xef, 0xff, 0xff, 0xff, 0xff, 0xff,
    0xff, 0xff, 0xc0, 0x0, 0x0, 0x0, 0x0, 0x0,
    0x0, 0x0, 0x0, 0x1, 0x7e, 0xff, 0xff, 0xff,
    0xff, 0xff, 0xff, 0xd5, 0x0, 0x0, 0x0, 0x0,
    0x0, 0x0, 0x0, 0x0, 0x0, 0x0, 0x3, 0x7a,
    0xde, 0xff, 0xfd, 0xb7, 0x30, 0x0, 0x0, 0x0,
    0x0, 0x0, 0x0,

    /* U+0041 "A" */
    0x0, 0x0, 0x0, 0x0, 0x0, 0xe, 0xff, 0xff,
    0xf2, 0x0, 0x0, 0x0, 0x0, 0x0, 0x0, 0x0,
    0x0, 0x0, 0x0, 0x5, 0xff, 0xff, 0xff, 0x80,
    0x0, 0x0, 0x0, 0x0, 0x0, 0x0, 0x0, 0x0,
    0x0, 0x0, 0xbf, 0xff, 0xff, 0xfe, 0x0, 0x0,
    0x0, 0x0, 0x0, 0x0, 0x0, 0x0, 0x0, 0x0,
    0x1f, 0xff, 0xff, 0xff, 0xf4, 0x0, 0x0, 0x0,
    0x0, 0x0, 0x0, 0x0, 0x0, 0x0, 0x6, 0xff,
    0xff, 0xff, 0xff, 0xa0, 0x0, 0x0, 0x0, 0x0,
    0x0, 0x0, 0x0, 0x0, 0x0, 0xcf, 0xff, 0xff,
    0xff, 0xff, 0x0, 0x0, 0x0, 0x0, 0x0, 0x0,
    0x0, 0x0, 0x0, 0x2f, 0xff, 0xff, 0xff, 0xff,
    0xf5, 0x0, 0x0, 0x0, 0x0, 0x0, 0x0, 0x0,
    0x0, 0x8, 0xff, 0xff, 0xfd, 0xff, 0xff, 0xb0,
    0x0, 0x0, 0x0, 0x0, 0x0, 0x0, 0x0, 0x0,
    0xef, 0xff, 0xfb, 0x7f, 0xff, 0xff, 0x10, 0x0,
    0x0, 0x0, 0x0, 0x0, 0x0, 0x0, 0x4f, 0xff,
    0xff, 0x62, 0xff, 0xff, 0xf7, 0x0, 0x0, 0x0,
    0x0, 0x0, 0x0, 0x0, 0xa, 0xff, 0xff, 0xf1,
    0xd, 0xff, 0xff, 0xd0, 0x0, 0x0, 0x0, 0x0,
    0x0, 0x0, 0x0, 0xff, 0xff, 0xfb, 0x0, 0x8f,
    0xff, 0xff, 0x30, 0x0, 0x0, 0x0, 0x0, 0x0,
    0x0, 0x6f, 0xff, 0xff, 0x60, 0x2, 0xff, 0xff,
    0xf9, 0x0, 0x0, 0x0, 0x0, 0x0, 0x0, 0xc,
    0xff, 0xff, 0xf1, 0x0, 0xd, 0xff, 0xff, 0xf0,
    0x0, 0x0, 0x0, 0x0, 0x0, 0x2, 0xff, 0xff,
    0xfc, 0x0, 0x0, 0x8f, 0xff, 0xff, 0x50, 0x0,
    0x0, 0x0, 0x0, 0x0, 0x8f, 0xff, 0xff, 0x60,
    0x0, 0x3, 0xff, 0xff, 0xfb, 0x0, 0x0, 0x0,
    0x0, 0x0, 0xd, 0xff, 0xff, 0xf1, 0x0, 0x0,
    0xd, 0xff, 0xff, 0xf1, 0x0, 0x0, 0x0, 0x0,
    0x3, 0xff, 0xff, 0xfc, 0x0, 0x0, 0x0, 0x8f,
    0xff, 0xff, 0x70, 0x0, 0x0, 0x0, 0x0, 0x9f,
    0xff, 0xff, 0x70, 0x0, 0x0, 0x3, 0xff, 0xff,
    0xfd, 0x0, 0x0, 0x0, 0x0, 0xf, 0xff, 0xff,
    0xff, 0xff, 0xff, 0xff, 0xff, 0xff, 0xff, 0xf3,
    0x0, 0x0, 0x0, 0x5, 0xff, 0xff, 0xff, 0xff,
    0xff, 0xff, 0xff, 0xff, 0xff, 0xff, 0x90, 0x0,
    0x0, 0x0, 0xbf, 0xff, 0xff, 0xff, 0xff, 0xff,
    0xff, 0xff, 0xff, 0xff, 0xfe, 0x0, 0x0, 0x0,
    0x1f, 0xff, 0xff, 0xff, 0xff, 0xff, 0xff, 0xff,
    0xff, 0xff, 0xff, 0xf5, 0x0, 0x0, 0x7, 0xff,
    0xff, 0xff, 0xee, 0xee, 0xee, 0xee, 0xee, 0xff,
    0xff, 0xff, 0xb0, 0x0, 0x0, 0xdf, 0xff, 0xff,
    0x70, 0x0, 0x0, 0x0, 0x0, 0x4, 0xff, 0xff,
    0xff, 0x10, 0x0, 0x3f, 0xff, 0xff, 0xf2, 0x0,
    0x0, 0x0, 0x0, 0x0, 0xe, 0xff, 0xff, 0xf7,
    0x0, 0x9, 0xff, 0xff, 0xfd, 0x0, 0x0, 0x0,
    0x0, 0x0, 0x0, 0x9f, 0xff, 0xff, 0xd0, 0x0,
    0xef, 0xff, 0xff, 0x80, 0x0, 0x0, 0x0, 0x0,
    0x0, 0x4, 0xff, 0xff, 0xff, 0x20, 0x4f, 0xff,
    0xff, 0xf2, 0x0, 0x0, 0x0, 0x0, 0x0, 0x0,
    0xe, 0xff, 0xff, 0xf8, 0xa, 0xff, 0xff, 0xfd,
    0x0, 0x0, 0x0, 0x0, 0x0, 0x0, 0x0, 0x9f,
    0xff, 0xff, 0xe0,

    /* U+0042 "B" */
    0x5f, 0xff, 0xff, 0xff, 0xff, 0xff, 0xfd, 0xb8,
    0x40, 0x0, 0x0, 0x5, 0xff, 0xff, 0xff, 0xff,
    0xff, 0xff, 0xff, 0xff, 0xe7, 0x0, 0x0, 0x5f,
    0xff, 0xff, 0xff, 0xff, 0xff, 0xff, 0xff, 0xff,
    0xfc, 0x10, 0x5, 0xff, 0xff, 0xff, 0xff, 0xff,
    0xff, 0xff, 0xff, 0xff, 0xfc, 0x0, 0x5f, 0xff,
    0xff, 0xfe, 0xee, 0xee, 0xff, 0xff, 0xff, 0xff,
    0xf6, 0x5, 0xff, 0xff, 0xfd, 0x0, 0x0, 0x0,
    0x39, 0xff, 0xff, 0xff, 0xd0, 0x5f, 0xff, 0xff,
    0xd0, 0x0, 0x0, 0x0, 0x8, 0xff, 0xff, 0xff,
    0x15, 0xff, 0xff, 0xfd, 0x0, 0x0, 0x0, 0x0,
    0x1f, 0xff, 0xff, 0xf2, 0x5f, 0xff, 0xff, 0xd0,
    0x0, 0x0, 0x0, 0x0, 0xff, 0xff, 0xff, 0x25,
    0xff, 0xff, 0xfd, 0x0, 0x0, 0x0, 0x0, 0xf,
    0xff, 0xff, 0xf0, 0x5f, 0xff, 0xff, 0xd0, 0x0,
    0x0, 0x0, 0x4, 0xff, 0xff, 0xfc, 0x5, 0xff,
    0xff, 0xfd, 0x0, 0x0, 0x0, 0x2, 0xdf, 0xff,
    0xff, 0x50, 0x5f, 0xff, 0xff, 0xe5, 0x55, 0x55,
    0x7a, 0xff, 0xff, 0xff, 0xa0, 0x5, 0xff, 0xff,
    0xff, 0xff, 0xff, 0xff, 0xff, 0xff, 0xff, 0x80,
    0x0, 0x5f, 0xff, 0xff, 0xff, 0xff, 0xff, 0xff,
    0xff, 0xff, 0xa1, 0x0, 0x5, 0xff, 0xff, 0xff,
    0xff, 0xff, 0xff, 0xff, 0xff, 0xff, 0xf5, 0x0,
    0x5f, 0xff, 0xff, 0xff, 0xff, 0xff, 0xff, 0xff,
    0xff, 0xff, 0xf5, 0x5, 0xff, 0xff, 0xfd, 0x0,
    0x0, 0x0, 0x15, 0xdf, 0xff, 0xff, 0xf1, 0x5f,
    0xff, 0xff, 0xd0, 0x0, 0x0, 0x0, 0x1, 0xef,
    0xff, 0xff, 0x75, 0xff, 0xff, 0xfd, 0x0, 0x0,
    0x0, 0x0, 0x8, 0xff, 0xff, 0xfb, 0x5f, 0xff,
    0xff, 0xd0, 0x0, 0x0, 0x0, 0x0, 0x4f, 0xff,
    0xff, 0xd5, 0xff, 0xff, 0xfd, 0x0, 0x0, 0x0,
    0x0, 0x4, 0xff, 0xff, 0xfd, 0x5f, 0xff, 0xff,
    0xd0, 0x0, 0x0, 0x0, 0x0, 0x7f, 0xff, 0xff,
    0xc5, 0xff, 0xff, 0xfd, 0x0, 0x0, 0x0, 0x0,
    0x1e, 0xff, 0xff, 0xf9, 0x5f, 0xff, 0xff, 0xd0,
    0x0, 0x0, 0x0, 0x5d, 0xff, 0xff, 0xff, 0x55,
    0xff, 0xff, 0xff, 0xee, 0xee, 0xee, 0xff, 0xff,
    0xff, 0xff, 0xe0, 0x5f, 0xff, 0xff, 0xff, 0xff,
    0xff, 0xff, 0xff, 0xff, 0xff, 0xf4, 0x5, 0xff,
    0xff, 0xff, 0xff, 0xff, 0xff, 0xff, 0xff, 0xff,
    0xf6, 0x0, 0x5f, 0xff, 0xff, 0xff, 0xff, 0xff,
    0xff, 0xff, 0xff, 0xc3, 0x0, 0x5, 0xff, 0xff,
    0xff, 0xff, 0xff, 0xff, 0xfd, 0xb7, 0x20, 0x0,
    0x0,

    /* U+0043 "C" */
    0x0, 0x0, 0x0, 0x0, 0x28, 0xce, 0xff, 0xfd,
    0xa6, 0x10, 0x0, 0x0, 0x0, 0x0, 0x0, 0x0,
    0x3c, 0xff, 0xff, 0xff, 0xff, 0xff, 0xf9, 0x10,
    0x0, 0x0, 0x0, 0x0, 0x7, 0xff, 0xff, 0xff,
    0xff, 0xff, 0xff, 0xff, 0xe4, 0x0, 0x0, 0x0,
    0x0, 0x9f, 0xff, 0xff, 0xff, 0xff, 0xff, 0xff,
    0xff, 0xff, 0x40, 0x0, 0x0, 0x6, 0xff, 0xff,
    0xff, 0xff, 0xff, 0xff, 0xff, 0xff, 0xff, 0xf2,
    0x0, 0x0, 0x2f, 0xff, 0xff, 0xff, 0x82, 0x0,
    0x14, 0xaf, 0xff, 0xff, 0xfb, 0x0, 0x0, 0xaf,
    0xff, 0xff, 0xe2, 0x0, 0x0, 0x0, 0x6, 0xff,
    0xff, 0xff, 0x30, 0x1, 0xff, 0xff, 0xff, 0x50,
    0x0, 0x0, 0x0, 0x0, 0xbf, 0xff, 0xff, 0x90,
    0x7, 0xff, 0xff, 0xfd, 0x0, 0x0, 0x0, 0x0,
    0x0, 0x5f, 0xff, 0xff, 0xd0, 0xb, 0xff, 0xff,
    0xf7, 0x0, 0x0, 0x0, 0x0, 0x0, 0x1f, 0xff,
    0xff, 0xf0, 0xe, 0xff, 0xff, 0xf4, 0x0, 0x0,
    0x0, 0x0, 0x0, 0x5, 0x55, 0x55, 0x50, 0x1f,
    0xff, 0xff, 0xf2, 0x0, 0x0, 0x0, 0x0, 0x0,
    0x0, 0x0, 0x0, 0x0, 0x2f, 0xff, 0xff, 0xf0,
    0x0, 0x0, 0x0, 0x0, 0x0, 0x0, 0x0, 0x0,
    0x0, 0x3f, 0xff, 0xff, 0xf0, 0x0, 0x0, 0x0,
    0x0, 0x0, 0x0, 0x0, 0x0, 0x0, 0x3f, 0xff,
    0xff, 0xf0, 0x0, 0x0, 0x0, 0x0, 0x0, 0x0,
    0x0, 0x0, 0x0, 0x3f, 0xff, 0xff, 0xf0, 0x0,
    0x0, 0x0, 0x0, 0x0, 0x0, 0x0, 0x0, 0x0,
    0x3f, 0xff, 0xff, 0xf0, 0x0, 0x0, 0x0, 0x0,
    0x0, 0x0, 0x0, 0x0, 0x0, 0x2f, 0xff, 0xff,
    0xf0, 0x0, 0x0, 0x0, 0x0, 0x0, 0x0, 0x0,
    0x0, 0x0, 0x1f, 0xff, 0xff, 0xf1, 0x0, 0x0,
    0x0, 0x0, 0x0, 0x0, 0x0, 0x0, 0x0, 0xf,
    0xff, 0xff, 0xf4, 0x0, 0x0, 0x0, 0x0, 0x0,
    0x2, 0x22, 0x22, 0x20, 0xb, 0xff, 0xff, 0xf7,
    0x0, 0x0, 0x0, 0x0, 0x0, 0x1f, 0xff, 0xff,
    0xf0, 0x7, 0xff, 0xff, 0xfc, 0x0, 0x0, 0x0,
    0x0, 0x0, 0x5f, 0xff, 0xff, 0xe0, 0x2, 0xff,
    0xff, 0xff, 0x40, 0x0, 0x0, 0x0, 0x0, 0xbf,
    0xff, 0xff, 0xa0, 0x0, 0xbf, 0xff, 0xff, 0xe2,
    0x0, 0x0, 0x0, 0x6, 0xff, 0xff, 0xff, 0x40,
    0x0, 0x3f, 0xff, 0xff, 0xfe, 0x72, 0x0, 0x4,
    0xaf, 0xff, 0xff, 0xfc, 0x0, 0x0, 0x8, 0xff,
    0xff, 0xff, 0xff, 0xff, 0xff, 0xff, 0xff, 0xff,
    0xf3, 0x0, 0x0, 0x0, 0xaf, 0xff, 0xff, 0xff,
    0xff, 0xff, 0xff, 0xff, 0xff, 0x50, 0x0, 0x0,
    0x0, 0x9, 0xff, 0xff, 0xff, 0xff, 0xff, 0xff,
    0xff, 0xf5, 0x0, 0x0, 0x0, 0x0, 0x0, 0x4c,
    0xff, 0xff, 0xff, 0xff, 0xff, 0xfa, 0x10, 0x0,
    0x0, 0x0, 0x0, 0x0, 0x0, 0x38, 0xce, 0xff,
    0xfd, 0xa6, 0x10, 0x0, 0x0, 0x0,

    /* U+0044 "D" */
    0x5f, 0xff, 0xff, 0xff, 0xff, 0xfe, 0xc9, 0x40,
    0x0, 0x0, 0x0, 0x0, 0x5f, 0xff, 0xff, 0xff,
    0xff, 0xff, 0xff, 0xfe, 0x70, 0x0, 0x0, 0x0,
    0x5f, 0xff, 0xff, 0xff, 0xff, 0xff, 0xff, 0xff,
    0xfd, 0x20, 0x0, 0x0, 0x5f, 0xff, 0xff, 0xff,
    0xff, 0xff, 0xff, 0xff, 0xff, 0xf4, 0x0, 0x0,
    0x5f, 0xff, 0xff, 0xfe, 0xee, 0xff, 0xff, 0xff,
    0xff, 0xff, 0x30, 0x0, 0x5f, 0xff, 0xff, 0xd0,
    0x0, 0x0, 0x5b, 0xff, 0xff, 0xff, 0xe1, 0x0,
    0x5f, 0xff, 0xff, 0xd0, 0x0, 0x0, 0x0, 0x6f,
    0xff, 0xff, 0xf9, 0x0, 0x5f, 0xff, 0xff, 0xd0,
    0x0, 0x0, 0x0, 0x8, 0xff, 0xff, 0xff, 0x10,
    0x5f, 0xff, 0xff, 0xd0, 0x0, 0x0, 0x0, 0x0,
    0xdf, 0xff, 0xff, 0x80, 0x5f, 0xff, 0xff, 0xd0,
    0x0, 0x0, 0x0, 0x0, 0x7f, 0xff, 0xff, 0xd0,
    0x5f, 0xff, 0xff, 0xd0, 0x0, 0x0, 0x0, 0x0,
    0x2f, 0xff, 0xff, 0xf1, 0x5f, 0xff, 0xff, 0xd0,
    0x0, 0x0, 0x0, 0x0, 0xe, 0xff, 0xff, 0xf4,
    0x5f, 0xff, 0xff, 0xd0, 0x0, 0x0, 0x0, 0x0,
    0xc, 0xff, 0xff, 0xf6, 0x5f, 0xff, 0xff, 0xd0,
    0x0, 0x0, 0x0, 0x0, 0xb, 0xff, 0xff, 0xf7,
    0x5f, 0xff, 0xff, 0xd0, 0x0, 0x0, 0x0, 0x0,
    0xb, 0xff, 0xff, 0xf8, 0x5f, 0xff, 0xff, 0xd0,
    0x0, 0x0, 0x0, 0x0, 0xb, 0xff, 0xff, 0xf8,
    0x5f, 0xff, 0xff, 0xd0, 0x0, 0x0, 0x0, 0x0,
    0xc, 0xff, 0xff, 0xf7, 0x5f, 0xff, 0xff, 0xd0,
    0x0, 0x0, 0x0, 0x0, 0xd, 0xff, 0xff, 0xf6,
    0x5f, 0xff, 0xff, 0xd0, 0x0, 0x0, 0x0, 0x0,
    0xf, 0xff, 0xff, 0xf4, 0x5f, 0xff, 0xff, 0xd0,
    0x0, 0x0, 0x0, 0x0, 0x2f, 0xff, 0xff, 0xf1,
    0x5f, 0xff, 0xff, 0xd0, 0x0, 0x0, 0x0, 0x0,
    0x7f, 0xff, 0xff, 0xd0, 0x5f, 0xff, 0xff, 0xd0,
    0x0, 0x0, 0x0, 0x0, 0xdf, 0xff, 0xff, 0x80,
    0x5f, 0xff, 0xff, 0xd0, 0x0, 0x0, 0x0, 0x8,
    0xff, 0xff, 0xff, 0x10, 0x5f, 0xff, 0xff, 0xd0,
    0x0, 0x0, 0x0, 0x7f, 0xff, 0xff, 0xf9, 0x0,
    0x5f, 0xff, 0xff, 0xd0, 0x0, 0x0, 0x4b, 0xff,
    0xff, 0xff, 0xe1, 0x0, 0x5f, 0xff, 0xff, 0xfe,
    0xee, 0xef, 0xff, 0xff, 0xff, 0xff, 0x30, 0x0,
    0x5f, 0xff, 0xff, 0xff, 0xff, 0xff, 0xff, 0xff,
    0xff, 0xf4, 0x0, 0x0, 0x5f, 0xff, 0xff, 0xff,
    0xff, 0xff, 0xff, 0xff, 0xfd, 0x30, 0x0, 0x0,
    0x5f, 0xff, 0xff, 0xff, 0xff, 0xff, 0xff, 0xfe,
    0x70, 0x0, 0x0, 0x0, 0x5f, 0xff, 0xff, 0xff,
    0xff, 0xfe, 0xc9, 0x40, 0x0, 0x0, 0x0, 0x0,

    /* U+0045 "E" */
    0x5f, 0xff, 0xff, 0xff, 0xff, 0xff, 0xff, 0xff,
    0xff, 0xff, 0xb5, 0xff, 0xff, 0xff, 0xff, 0xff,
    0xff, 0xff, 0xff, 0xff, 0xfb, 0x5f, 0xff, 0xff,
    0xff, 0xff, 0xff, 0xff, 0xff, 0xff, 0xff, 0xb5,
    0xff, 0xff, 0xff, 0xff, 0xff, 0xff, 0xff, 0xff,
    0xff, 0xfb, 0x5f, 0xff, 0xff, 0xfe, 0xee, 0xee,
    0xee, 0xee, 0xee, 0xee, 0xa5, 0xff, 0xff, 0xfd,
    0x0, 0x0, 0x0, 0x0, 0x0, 0x0, 0x0, 0x5f,
    0xff, 0xff, 0xd0, 0x0, 0x0, 0x0, 0x0, 0x0,
    0x0, 0x5, 0xff, 0xff, 0xfd, 0x0, 0x0, 0x0,
    0x0, 0x0, 0x0, 0x0, 0x5f, 0xff, 0xff, 0xd0,
    0x0, 0x0, 0x0, 0x0, 0x0, 0x0, 0x5, 0xff,
    0xff, 0xfd, 0x0, 0x0, 0x0, 0x0, 0x0, 0x0,
    0x0, 0x5f, 0xff, 0xff, 0xd0, 0x0, 0x0, 0x0,
    0x0, 0x0, 0x0, 0x5, 0xff, 0xff, 0xfd, 0x0,
    0x0, 0x0, 0x0, 0x0, 0x0, 0x0, 0x5f, 0xff,
    0xff, 0xff, 0xff, 0xff, 0xff, 0xff, 0xff, 0xa0,
    0x5, 0xff, 0xff, 0xff, 0xff, 0xff, 0xff, 0xff,
    0xff, 0xfa, 0x0, 0x5f, 0xff, 0xff, 0xff, 0xff,
    0xff, 0xff, 0xff, 0xff, 0xa0, 0x5, 0xff, 0xff,
    0xff, 0xff, 0xff, 0xff, 0xff, 0xff, 0xfa, 0x0,
    0x5f, 0xff, 0xff, 0xfc, 0xcc, 0xcc, 0xcc, 0xcc,
    0xcc, 0x70, 0x5, 0xff, 0xff, 0xfd, 0x0, 0x0,
    0x0, 0x0, 0x0, 0x0, 0x0, 0x5f, 0xff, 0xff,
    0xd0, 0x0, 0x0, 0x0, 0x0, 0x0, 0x0, 0x5,
    0xff, 0xff, 0xfd, 0x0, 0x0, 0x0, 0x0, 0x0,
    0x0, 0x0, 0x5f, 0xff, 0xff, 0xd0, 0x0, 0x0,
    0x0, 0x0, 0x0, 0x0, 0x5, 0xff, 0xff, 0xfd,
    0x0, 0x0, 0x0, 0x0, 0x0, 0x0, 0x0, 0x5f,
    0xff, 0xff, 0xd0, 0x0, 0x0, 0x0, 0x0, 0x0,
    0x0, 0x5, 0xff, 0xff, 0xfd, 0x0, 0x0, 0x0,
    0x0, 0x0, 0x0, 0x0, 0x5f, 0xff, 0xff, 0xd0,
    0x0, 0x0, 0x0, 0x0, 0x0, 0x0, 0x5, 0xff,
    0xff, 0xff, 0xee, 0xee, 0xee, 0xee, 0xee, 0xee,
    0xea, 0x5f, 0xff, 0xff, 0xff, 0xff, 0xff, 0xff,
    0xff, 0xff, 0xff, 0xb5, 0xff, 0xff, 0xff, 0xff,
    0xff, 0xff, 0xff, 0xff, 0xff, 0xfb, 0x5f, 0xff,
    0xff, 0xff, 0xff, 0xff, 0xff, 0xff, 0xff, 0xff,
    0xb5, 0xff, 0xff, 0xff, 0xff, 0xff, 0xff, 0xff,
    0xff, 0xff, 0xfb,

    /* U+0046 "F" */
    0x5f, 0xff, 0xff, 0xff, 0xff, 0xff, 0xff, 0xff,
    0xff, 0xff, 0x25, 0xff, 0xff, 0xff, 0xff, 0xff,
    0xff, 0xff, 0xff, 0xff, 0xf2, 0x5f, 0xff, 0xff,
    0xff, 0xff, 0xff, 0xff, 0xff, 0xff, 0xff, 0x25,
    0xff, 0xff, 0xff, 0xff, 0xff, 0xff, 0xff, 0xff,
    0xff, 0xf2, 0x5f, 0xff, 0xff, 0xfe, 0xee, 0xee,
    0xee, 0xee, 0xee, 0xee, 0x25, 0xff, 0xff, 0xfd,
    0x0, 0x0, 0x0, 0x0, 0x0, 0x0, 0x0, 0x5f,
    0xff, 0xff, 0xd0, 0x0, 0x0, 0x0, 0x0, 0x0,
    0x0, 0x5, 0xff, 0xff, 0xfd, 0x0, 0x0, 0x0,
    0x0, 0x0, 0x0, 0x0, 0x5f, 0xff, 0xff, 0xd0,
    0x0, 0x0, 0x0, 0x0, 0x0, 0x0, 0x5, 0xff,
    0xff, 0xfd, 0x0, 0x0, 0x0, 0x0, 0x0, 0x0,
    0x0, 0x5f, 0xff, 0xff, 0xd0, 0x0, 0x0, 0x0,
    0x0, 0x0, 0x0, 0x5, 0xff, 0xff, 0xfd, 0x0,
    0x0, 0x0, 0x0, 0x0, 0x0, 0x0, 0x5f, 0xff,
    0xff, 0xd0, 0x0, 0x0, 0x0, 0x0, 0x0, 0x0,
    0x5, 0xff, 0xff, 0xff, 0xff, 0xff, 0xff, 0xff,
    0xff, 0xfb, 0x0, 0x5f, 0xff, 0xff, 0xff, 0xff,
    0xff, 0xff, 0xff, 0xff, 0xb0, 0x5, 0xff, 0xff,
    0xff, 0xff, 0xff, 0xff, 0xff, 0xff, 0xfb, 0x0,
    0x5f, 0xff, 0xff, 0xff, 0xff, 0xff, 0xff, 0xff,
    0xff, 0xb0, 0x5, 0xff, 0xff, 0xff, 0xee, 0xee,
    0xee, 0xee, 0xee, 0xea, 0x0, 0x5f, 0xff, 0xff,
    0xd0, 0x0, 0x0, 0x0, 0x0, 0x0, 0x0, 0x5,
    0xff, 0xff, 0xfd, 0x0, 0x0, 0x0, 0x0, 0x0,
    0x0, 0x0, 0x5f, 0xff, 0xff, 0xd0, 0x0, 0x0,
    0x0, 0x0, 0x0, 0x0, 0x5, 0xff, 0xff, 0xfd,
    0x0, 0x0, 0x0, 0x0, 0x0, 0x0, 0x0, 0x5f,
    0xff, 0xff, 0xd0, 0x0, 0x0, 0x0, 0x0, 0x0,
    0x0, 0x5, 0xff, 0xff, 0xfd, 0x0, 0x0, 0x0,
    0x0, 0x0, 0x0, 0x0, 0x5f, 0xff, 0xff, 0xd0,
    0x0, 0x0, 0x0, 0x0, 0x0, 0x0, 0x5, 0xff,
    0xff, 0xfd, 0x0, 0x0, 0x0, 0x0, 0x0, 0x0,
    0x0, 0x5f, 0xff, 0xff, 0xd0, 0x0, 0x0, 0x0,
    0x0, 0x0, 0x0, 0x5, 0xff, 0xff, 0xfd, 0x0,
    0x0, 0x0, 0x0, 0x0, 0x0, 0x0, 0x5f, 0xff,
    0xff, 0xd0, 0x0, 0x0, 0x0, 0x0, 0x0, 0x0,
    0x5, 0xff, 0xff, 0xfd, 0x0, 0x0, 0x0, 0x0,
    0x0, 0x0, 0x0,

    /* U+0047 "G" */
    0x0, 0x0, 0x0, 0x0, 0x17, 0xbd, 0xff, 0xfe,
    0xc9, 0x50, 0x0, 0x0, 0x0, 0x0, 0x0, 0x0,
    0x1a, 0xff, 0xff, 0xff, 0xff, 0xff, 0xfe, 0x70,
    0x0, 0x0, 0x0, 0x0, 0x5, 0xff, 0xff, 0xff,
    0xff, 0xff, 0xff, 0xff, 0xfc, 0x10, 0x0, 0x0,
    0x0, 0x6f, 0xff, 0xff, 0xff, 0xff, 0xff, 0xff,
    0xff, 0xff, 0xd1, 0x0, 0x0, 0x4, 0xff, 0xff,
    0xff, 0xff, 0xfe, 0xef, 0xff, 0xff, 0xff, 0xfa,
    0x0, 0x0, 0xe, 0xff, 0xff, 0xff, 0xb3, 0x0,
    0x1, 0x6e, 0xff, 0xff, 0xff, 0x30, 0x0, 0x7f,
    0xff, 0xff, 0xf8, 0x0, 0x0, 0x0, 0x1, 0xdf,
    0xff, 0xff, 0xa0, 0x0, 0xef, 0xff, 0xff, 0xb0,
    0x0, 0x0, 0x0, 0x0, 0x3f, 0xff, 0xff, 0xf0,
    0x4, 0xff, 0xff, 0xff, 0x20, 0x0, 0x0, 0x0,
    0x0, 0xd, 0xff, 0xff, 0xf2, 0x8, 0xff, 0xff,
    0xfc, 0x0, 0x0, 0x0, 0x0, 0x0, 0x3, 0x44,
    0x44, 0x41, 0xb, 0xff, 0xff, 0xf8, 0x0, 0x0,
    0x0, 0x0, 0x0, 0x0, 0x0, 0x0, 0x0, 0xe,
    0xff, 0xff, 0xf5, 0x0, 0x0, 0x0, 0x0, 0x0,
    0x0, 0x0, 0x0, 0x0, 0xf, 0xff, 0xff, 0xf4,
    0x0, 0x0, 0x0, 0x0, 0x0, 0x0, 0x0, 0x0,
    0x0, 0xf, 0xff, 0xff, 0xf3, 0x0, 0x0, 0x3,
    0x77, 0x77, 0x77, 0x77, 0x77, 0x72, 0xf, 0xff,
    0xff, 0xf3, 0x0, 0x0, 0x7, 0xff, 0xff, 0xff,
    0xff, 0xff, 0xf5, 0xf, 0xff, 0xff, 0xf3, 0x0,
    0x0, 0x7, 0xff, 0xff, 0xff, 0xff, 0xff, 0xf5,
    0xf, 0xff, 0xff, 0xf3, 0x0, 0x0, 0x7, 0xff,
    0xff, 0xff, 0xff, 0xff, 0xf5, 0xf, 0xff, 0xff,
    0xf4, 0x0, 0x0, 0x7, 0xff, 0xff, 0xff, 0xff,
    0xff, 0xf5, 0xe, 0xff, 0xff, 0xf5, 0x0, 0x0,
    0x0, 0x0, 0x0, 0xd, 0xff, 0xff, 0xf5, 0xb,
    0xff, 0xff, 0xf8, 0x0, 0x0, 0x0, 0x0, 0x0,
    0xd, 0xff, 0xff, 0xf5, 0x8, 0xff, 0xff, 0xfd,
    0x0, 0x0, 0x0, 0x0, 0x0, 0xd, 0xff, 0xff,
    0xf5, 0x4, 0xff, 0xff, 0xff, 0x30, 0x0, 0x0,
    0x0, 0x0, 0xd, 0xff, 0xff, 0xf5, 0x0, 0xef,
    0xff, 0xff, 0xc0, 0x0, 0x0, 0x0, 0x0, 0xd,
    0xff, 0xff, 0xf5, 0x0, 0x7f, 0xff, 0xff, 0xfa,
    0x0, 0x0, 0x0, 0x0, 0x1e, 0xff, 0xff, 0xf5,
    0x0, 0xd, 0xff, 0xff, 0xff, 0xd5, 0x10, 0x0,
    0x16, 0xef, 0xff, 0xff, 0xf5, 0x0, 0x3, 0xff,
    0xff, 0xff, 0xff, 0xfe, 0xef, 0xff, 0xff, 0xff,
    0xff, 0xf4, 0x0, 0x0, 0x5f, 0xff, 0xff, 0xff,
    0xff, 0xff, 0xff, 0xff, 0xff, 0xff, 0x90, 0x0,
    0x0, 0x4, 0xef, 0xff, 0xff, 0xff, 0xff, 0xff,
    0xff, 0xff, 0xe5, 0x0, 0x0, 0x0, 0x0, 0x18,
    0xff, 0xff, 0xff, 0xff, 0xff, 0xff, 0xe8, 0x10,
    0x0, 0x0, 0x0, 0x0, 0x0, 0x5, 0xad, 0xef,
    0xff, 0xdb, 0x84, 0x0, 0x0, 0x0,

    /* U+0048 "H" */
    0x5f, 0xff, 0xff, 0xd0, 0x0, 0x0, 0x0, 0x0,
    0x0, 0x2f, 0xff, 0xff, 0xf5, 0xff, 0xff, 0xfd,
    0x0, 0x0, 0x0, 0x0, 0x0, 0x2, 0xff, 0xff,
    0xff, 0x5f, 0xff, 0xff, 0xd0, 0x0, 0x0, 0x0,
    0x0, 0x0, 0x2f, 0xff, 0xff, 0xf5, 0xff, 0xff,
    0xfd, 0x0, 0x0, 0x0, 0x0, 0x0, 0x2, 0xff,
    0xff, 0xff, 0x5f, 0xff, 0xff, 0xd0, 0x0, 0x0,
    0x0, 0x0, 0x0, 0x2f, 0xff, 0xff, 0xf5, 0xff,
    0xff, 0xfd, 0x0, 0x0, 0x0, 0x0, 0x0, 0x2,
    0xff, 0xff, 0xff, 0x5f, 0xff, 0xff, 0xd0, 0x0,
    0x0, 0x0, 0x0, 0x0, 0x2f, 0xff, 0xff, 0xf5,
    0xff, 0xff, 0xfd, 0x0, 0x0, 0x0, 0x0, 0x0,
    0x2, 0xff, 0xff, 0xff, 0x5f, 0xff, 0xff, 0xd0,
    0x0, 0x0, 0x0, 0x0, 0x0, 0x2f, 0xff, 0xff,
    0xf5, 0xff, 0xff, 0xfd, 0x0, 0x0, 0x0, 0x0,
    0x0, 0x2, 0xff, 0xff, 0xff, 0x5f, 0xff, 0xff,
    0xd0, 0x0, 0x0, 0x0, 0x0, 0x0, 0x2f, 0xff,
    0xff, 0xf5, 0xff, 0xff, 0xfd, 0x0, 0x0, 0x0,
    0x0, 0x0, 0x2, 0xff, 0xff, 0xff, 0x5f, 0xff,
    0xff, 0xff, 0xff, 0xff, 0xff, 0xff, 0xff, 0xff,
    0xff, 0xff, 0xf5, 0xff, 0xff, 0xff, 0xff, 0xff,
    0xff, 0xff, 0xff, 0xff, 0xff, 0xff, 0xff, 0x5f,
    0xff, 0xff, 0xff, 0xff, 0xff, 0xff, 0xff, 0xff,
    0xff, 0xff, 0xff, 0xf5, 0xff, 0xff, 0xff, 0xff,
    0xff, 0xff, 0xff, 0xff, 0xff, 0xff, 0xff, 0xff,
    0x5f, 0xff, 0xff, 0xfe, 0xee, 0xee, 0xee, 0xee,
    0xee, 0xef, 0xff, 0xff, 0xf5, 0xff, 0xff, 0xfd,
    0x0, 0x0, 0x0, 0x0, 0x0, 0x2, 0xff, 0xff,
    0xff, 0x5f, 0xff, 0xff, 0xd0, 0x0, 0x0, 0x0,
    0x0, 0x0, 0x2f, 0xff, 0xff, 0xf5, 0xff, 0xff,
    0xfd, 0x0, 0x0, 0x0, 0x0, 0x0, 0x2, 0xff,
    0xff, 0xff, 0x5f, 0xff, 0xff, 0xd0, 0x0, 0x0,
    0x0, 0x0, 0x0, 0x2f, 0xff, 0xff, 0xf5, 0xff,
    0xff, 0xfd, 0x0, 0x0, 0x0, 0x0, 0x0, 0x2,
    0xff, 0xff, 0xff, 0x5f, 0xff, 0xff, 0xd0, 0x0,
    0x0, 0x0, 0x0, 0x0, 0x2f, 0xff, 0xff, 0xf5,
    0xff, 0xff, 0xfd, 0x0, 0x0, 0x0, 0x0, 0x0,
    0x2, 0xff, 0xff, 0xff, 0x5f, 0xff, 0xff, 0xd0,
    0x0, 0x0, 0x0, 0x0, 0x0, 0x2f, 0xff, 0xff,
    0xf5, 0xff, 0xff, 0xfd, 0x0, 0x0, 0x0, 0x0,
    0x0, 0x2, 0xff, 0xff, 0xff, 0x5f, 0xff, 0xff,
    0xd0, 0x0, 0x0, 0x0, 0x0, 0x0, 0x2f, 0xff,
    0xff, 0xf5, 0xff, 0xff, 0xfd, 0x0, 0x0, 0x0,
    0x0, 0x0, 0x2, 0xff, 0xff, 0xff, 0x5f, 0xff,
    0xff, 0xd0, 0x0, 0x0, 0x0, 0x0, 0x0, 0x2f,
    0xff, 0xff, 0xf5, 0xff, 0xff, 0xfd, 0x0, 0x0,
    0x0, 0x0, 0x0, 0x2, 0xff, 0xff, 0xff,

    /* U+0049 "I" */
    0xef, 0xff, 0xff, 0x3e, 0xff, 0xff, 0xf3, 0xef,
    0xff, 0xff, 0x3e, 0xff, 0xff, 0xf3, 0xef, 0xff,
    0xff, 0x3e, 0xff, 0xff, 0xf3, 0xef, 0xff, 0xff,
    0x3e, 0xff, 0xff, 0xf3, 0xef, 0xff, 0xff, 0x3e,
    0xff, 0xff, 0xf3, 0xef, 0xff, 0xff, 0x3e, 0xff,
    0xff, 0xf3, 0xef, 0xff, 0xff, 0x3e, 0xff, 0xff,
    0xf3, 0xef, 0xff, 0xff, 0x3e, 0xff, 0xff, 0xf3,
    0xef, 0xff, 0xff, 0x3e, 0xff, 0xff, 0xf3, 0xef,
    0xff, 0xff, 0x3e, 0xff, 0xff, 0xf3, 0xef, 0xff,
    0xff, 0x3e, 0xff, 0xff, 0xf3, 0xef, 0xff, 0xff,
    0x3e, 0xff, 0xff, 0xf3, 0xef, 0xff, 0xff, 0x3e,
    0xff, 0xff, 0xf3, 0xef, 0xff, 0xff, 0x3e, 0xff,
    0xff, 0xf3, 0xef, 0xff, 0xff, 0x3e, 0xff, 0xff,
    0xf3,

    /* U+004A "J" */
    0x0, 0x0, 0x0, 0x0, 0x0, 0x0, 0x0, 0x4f,
    0xff, 0xff, 0xe0, 0x0, 0x0, 0x0, 0x0, 0x0,
    0x0, 0x4, 0xff, 0xff, 0xfe, 0x0, 0x0, 0x0,
    0x0, 0x0, 0x0, 0x0, 0x4f, 0xff, 0xff, 0xe0,
    0x0, 0x0, 0x0, 0x0, 0x0, 0x0, 0x4, 0xff,
    0xff, 0xfe, 0x0, 0x0, 0x0, 0x0, 0x0, 0x0,
    0x0, 0x4f, 0xff, 0xff, 0xe0, 0x0, 0x0, 0x0,
    0x0, 0x0, 0x0, 0x4, 0xff, 0xff, 0xfe, 0x0,
    0x0, 0x0, 0x0, 0x0, 0x0, 0x0, 0x4f, 0xff,
    0xff, 0xe0, 0x0, 0x0, 0x0, 0x0, 0x0, 0x0,
    0x4, 0xff, 0xff, 0xfe, 0x0, 0x0, 0x0, 0x0,
    0x0, 0x0, 0x0, 0x4f, 0xff, 0xff, 0xe0, 0x0,
    0x0, 0x0, 0x0, 0x0, 0x0, 0x4, 0xff, 0xff,
    0xfe, 0x0, 0x0, 0x0, 0x0, 0x0, 0x0, 0x0,
    0x4f, 0xff, 0xff, 0xe0, 0x0, 0x0, 0x0, 0x0,
    0x0, 0x0, 0x4, 0xff, 0xff, 0xfe, 0x0, 0x0,
    0x0, 0x0, 0x0, 0x0, 0x0, 0x4f, 0xff, 0xff,
    0xe0, 0x0, 0x0, 0x0, 0x0, 0x0, 0x0, 0x4,
    0xff, 0xff, 0xfe, 0x0, 0x0, 0x0, 0x0, 0x0,
    0x0, 0x0, 0x4f, 0xff, 0xff, 0xe0, 0x0, 0x0,
    0x0, 0x0, 0x0, 0x0, 0x4, 0xff, 0xff, 0xfe,
    0x0, 0x0, 0x0, 0x0, 0x0, 0x0, 0x0, 0x4f,
    0xff, 0xff, 0xe0, 0x0, 0x0, 0x0, 0x0, 0x0,
    0x0, 0x4, 0xff, 0xff, 0xfe, 0x0, 0x0, 0x0,
    0x0, 0x0, 0x0, 0x0, 0x4f, 0xff, 0xff, 0xe0,
    0x0, 0x0, 0x0, 0x0, 0x0, 0x0, 0x4, 0xff,
    0xff, 0xfe, 0x3, 0x33, 0x33, 0x30, 0x0, 0x0,
    0x0, 0x4f, 0xff, 0xff, 0xd1, 0xff, 0xff, 0xff,
    0x10, 0x0, 0x0, 0x5, 0xff, 0xff, 0xfd, 0xf,
    0xff, 0xff, 0xf3, 0x0, 0x0, 0x0, 0x9f, 0xff,
    0xff, 0xb0, 0xdf, 0xff, 0xff, 0x90, 0x0, 0x0,
    0x1f, 0xff, 0xff, 0xf7, 0x8, 0xff, 0xff, 0xff,
    0x81, 0x0, 0x3d, 0xff, 0xff, 0xff, 0x20, 0x2f,
    0xff, 0xff, 0xff, 0xfe, 0xff, 0xff, 0xff, 0xff,
    0x90, 0x0, 0x7f, 0xff, 0xff, 0xff, 0xff, 0xff,
    0xff, 0xff, 0xd0, 0x0, 0x0, 0x9f, 0xff, 0xff,
    0xff, 0xff, 0xff, 0xff, 0xd1, 0x0, 0x0, 0x0,
    0x5e, 0xff, 0xff, 0xff, 0xff, 0xff, 0x80, 0x0,
    0x0, 0x0, 0x0, 0x4, 0x9c, 0xef, 0xfe, 0xb7,
    0x10, 0x0, 0x0,

    /* U+004B "K" */
    0x5f, 0xff, 0xff, 0xd0, 0x0, 0x0, 0x0, 0x0,
    0x3f, 0xff, 0xff, 0xff, 0x55, 0xff, 0xff, 0xfd,
    0x0, 0x0, 0x0, 0x0, 0x1e, 0xff, 0xff, 0xff,
    0x80, 0x5f, 0xff, 0xff, 0xd0, 0x0, 0x0, 0x0,
    0xb, 0xff, 0xff, 0xff, 0xb0, 0x5, 0xff, 0xff,
    0xfd, 0x0, 0x0, 0x0, 0x8, 0xff, 0xff, 0xff,
    0xd0, 0x0, 0x5f, 0xff, 0xff, 0xd0, 0x0, 0x0,
    0x4, 0xff, 0xff, 0xff, 0xf2, 0x0, 0x5, 0xff,
    0xff, 0xfd, 0x0, 0x0, 0x1, 0xef, 0xff, 0xff,
    0xf5, 0x0, 0x0, 0x5f, 0xff, 0xff, 0xd0, 0x0,
    0x0, 0xcf, 0xff, 0xff, 0xf8, 0x0, 0x0, 0x5,
    0xff, 0xff, 0xfd, 0x0, 0x0, 0x8f, 0xff, 0xff,
    0xfb, 0x0, 0x0, 0x0, 0x5f, 0xff, 0xff, 0xd0,
    0x0, 0x5f, 0xff, 0xff, 0xfd, 0x10, 0x0, 0x0,
    0x5, 0xff, 0xff, 0xfd, 0x0, 0x2f, 0xff, 0xff,
    0xff, 0x20, 0x0, 0x0, 0x0, 0x5f, 0xff, 0xff,
    0xd0, 0xc, 0xff, 0xff, 0xff, 0x50, 0x0, 0x0,
    0x0, 0x5, 0xff, 0xff, 0xfd, 0x8, 0xff, 0xff,
    0xff, 0x80, 0x0, 0x0, 0x0, 0x0, 0x5f, 0xff,
    0xff, 0xd4, 0xff, 0xff, 0xff, 0xb0, 0x0, 0x0,
    0x0, 0x0, 0x5, 0xff, 0xff, 0xfe, 0xef, 0xff,
    0xff, 0xf5, 0x0, 0x0, 0x0, 0x0, 0x0, 0x5f,
    0xff, 0xff, 0xff, 0xff, 0xff, 0xff, 0xd0, 0x0,
    0x0, 0x0, 0x0, 0x5, 0xff, 0xff, 0xff, 0xff,
    0xff, 0xff, 0xff, 0x80, 0x0, 0x0, 0x0, 0x0,
    0x5f, 0xff, 0xff, 0xff, 0xff, 0xff, 0xff, 0xff,
    0x30, 0x0, 0x0, 0x0, 0x5, 0xff, 0xff, 0xff,
    0xff, 0xff, 0xff, 0xff, 0xfd, 0x0, 0x0, 0x0,
    0x0, 0x5f, 0xff, 0xff, 0xff, 0xf7, 0x9f, 0xff,
    0xff, 0xf8, 0x0, 0x0, 0x0, 0x5, 0xff, 0xff,
    0xff, 0xf8, 0x1, 0xef, 0xff, 0xff, 0xf2, 0x0,
    0x0, 0x0, 0x5f, 0xff, 0xff, 0xf9, 0x0, 0x5,
    0xff, 0xff, 0xff, 0xc0, 0x0, 0x0, 0x5, 0xff,
    0xff, 0xfe, 0x0, 0x0, 0xb, 0xff, 0xff, 0xff,
    0x70, 0x0, 0x0, 0x5f, 0xff, 0xff, 0xd0, 0x0,
    0x0, 0x1f, 0xff, 0xff, 0xff, 0x20, 0x0, 0x5,
    0xff, 0xff, 0xfd, 0x0, 0x0, 0x0, 0x6f, 0xff,
    0xff, 0xfc, 0x0, 0x0, 0x5f, 0xff, 0xff, 0xd0,
    0x0, 0x0, 0x0, 0xcf, 0xff, 0xff, 0xf6, 0x0,
    0x5, 0xff, 0xff, 0xfd, 0x0, 0x0, 0x0, 0x2,
    0xff, 0xff, 0xff, 0xf1, 0x0, 0x5f, 0xff, 0xff,
    0xd0, 0x0, 0x0, 0x0, 0x8, 0xff, 0xff, 0xff,
    0xb0, 0x5, 0xff, 0xff, 0xfd, 0x0, 0x0, 0x0,
    0x0, 0xd, 0xff, 0xff, 0xff, 0x50, 0x5f, 0xff,
    0xff, 0xd0, 0x0, 0x0, 0x0, 0x0, 0x4f, 0xff,
    0xff, 0xfe, 0x15, 0xff, 0xff, 0xfd, 0x0, 0x0,
    0x0, 0x0, 0x0, 0x9f, 0xff, 0xff, 0xfa,

    /* U+004C "L" */
    0x5f, 0xff, 0xff, 0xd0, 0x0, 0x0, 0x0, 0x0,
    0x0, 0x0, 0x5f, 0xff, 0xff, 0xd0, 0x0, 0x0,
    0x0, 0x0, 0x0, 0x0, 0x5f, 0xff, 0xff, 0xd0,
    0x0, 0x0, 0x0, 0x0, 0x0, 0x0, 0x5f, 0xff,
    0xff, 0xd0, 0x0, 0x0, 0x0, 0x0, 0x0, 0x0,
    0x5f, 0xff, 0xff, 0xd0, 0x0, 0x0, 0x0, 0x0,
    0x0, 0x0, 0x5f, 0xff, 0xff, 0xd0, 0x0, 0x0,
    0x0, 0x0, 0x0, 0x0, 0x5f, 0xff, 0xff, 0xd0,
    0x0, 0x0, 0x0, 0x0, 0x0, 0x0, 0x5f, 0xff,
    0xff, 0xd0, 0x0, 0x0, 0x0, 0x0, 0x0, 0x0,
    0x5f, 0xff, 0xff, 0xd0, 0x0, 0x0, 0x0, 0x0,
    0x0, 0x0, 0x5f, 0xff, 0xff, 0xd0, 0x0, 0x0,
    0x0, 0x0, 0x0, 0x0, 0x5f, 0xff, 0xff, 0xd0,
    0x0, 0x0, 0x0, 0x0, 0x0, 0x0, 0x5f, 0xff,
    0xff, 0xd0, 0x0, 0x0, 0x0, 0x0, 0x0, 0x0,
    0x5f, 0xff, 0xff, 0xd0, 0x0, 0x0, 0x0, 0x0,
    0x0, 0x0, 0x5f, 0xff, 0xff, 0xd0, 0x0, 0x0,
    0x0, 0x0, 0x0, 0x0, 0x5f, 0xff, 0xff, 0xd0,
    0x0, 0x0, 0x0, 0x0, 0x0, 0x0, 0x5f, 0xff,
    0xff, 0xd0, 0x0, 0x0, 0x0, 0x0, 0x0, 0x0,
    0x5f, 0xff, 0xff, 0xd0, 0x0, 0x0, 0x0, 0x0,
    0x0, 0x0, 0x5f, 0xff, 0xff, 0xd0, 0x0, 0x0,
    0x0, 0x0, 0x0, 0x0, 0x5f, 0xff, 0xff, 0xd0,
    0x0, 0x0, 0x0, 0x0, 0x0, 0x0, 0x5f, 0xff,
    0xff, 0xd0, 0x0, 0x0, 0x0, 0x0, 0x0, 0x0,
    0x5f, 0xff, 0xff, 0xd0, 0x0, 0x0, 0x0, 0x0,
    0x0, 0x0, 0x5f, 0xff, 0xff, 0xd0, 0x0, 0x0,
    0x0, 0x0, 0x0, 0x0, 0x5f, 0xff, 0xff, 0xd0,
    0x0, 0x0, 0x0, 0x0, 0x0, 0x0, 0x5f, 0xff,
    0xff, 0xd0, 0x0, 0x0, 0x0, 0x0, 0x0, 0x0,
    0x5f, 0xff, 0xff, 0xd0, 0x0, 0x0, 0x0, 0x0,
    0x0, 0x0, 0x5f, 0xff, 0xff, 0xfe, 0xee, 0xee,
    0xee, 0xee, 0xee, 0xec, 0x5f, 0xff, 0xff, 0xff,
    0xff, 0xff, 0xff, 0xff, 0xff, 0xfd, 0x5f, 0xff,
    0xff, 0xff, 0xff, 0xff, 0xff, 0xff, 0xff, 0xfd,
    0x5f, 0xff, 0xff, 0xff, 0xff, 0xff, 0xff, 0xff,
    0xff, 0xfd, 0x5f, 0xff, 0xff, 0xff, 0xff, 0xff,
    0xff, 0xff, 0xff, 0xfd,

    /* U+004D "M" */
    0x5f, 0xff, 0xff, 0xff, 0xd0, 0x0, 0x0, 0x0,
    0x0, 0x0, 0x0, 0x2, 0xff, 0xff, 0xff, 0xff,
    0x15, 0xff, 0xff, 0xff, 0xff, 0x30, 0x0, 0x0,
    0x0, 0x0, 0x0, 0x0, 0x7f, 0xff, 0xff, 0xff,
    0xf1, 0x5f, 0xff, 0xff, 0xff, 0xf8, 0x0, 0x0,
    0x0, 0x0, 0x0, 0x0, 0xd, 0xff, 0xff, 0xff,
    0xff, 0x15, 0xff, 0xff, 0xff, 0xff, 0xe0, 0x0,
    0x0, 0x0, 0x0, 0x0, 0x3, 0xff, 0xff, 0xff,
    0xff, 0xf1, 0x5f, 0xff, 0xff, 0xff, 0xff, 0x40,
    0x0, 0x0, 0x0, 0x0, 0x0, 0x8f, 0xff, 0xff,
    0xff, 0xff, 0x15, 0xff, 0xff, 0xff, 0xff, 0xf9,
    0x0, 0x0, 0x0, 0x0, 0x0, 0xe, 0xff, 0xff,
    0xff, 0xff, 0xf1, 0x5f, 0xff, 0xff, 0xff, 0xff,
    0xe0, 0x0, 0x0, 0x0, 0x0, 0x3, 0xff, 0xff,
    0xff, 0xff, 0xff, 0x15, 0xff, 0xff, 0xff, 0xff,
    0xff, 0x40, 0x0, 0x0, 0x0, 0x0, 0x9f, 0xff,
    0xff, 0xff, 0xff, 0xf1, 0x5f, 0xff, 0xff, 0xbf,
    0xff, 0xfa, 0x0, 0x0, 0x0, 0x0, 0xe, 0xff,
    0xff, 0xbf, 0xff, 0xff, 0x15, 0xff, 0xff, 0xf6,
    0xff, 0xff, 0xf0, 0x0, 0x0, 0x0, 0x4, 0xff,
    0xff, 0xd9, 0xff, 0xff, 0xf1, 0x5f, 0xff, 0xff,
    0x5c, 0xff, 0xff, 0x50, 0x0, 0x0, 0x0, 0xaf,
    0xff, 0xf7, 0x9f, 0xff, 0xff, 0x15, 0xff, 0xff,
    0xf5, 0x6f, 0xff, 0xfb, 0x0, 0x0, 0x0, 0xf,
    0xff, 0xff, 0x1a, 0xff, 0xff, 0xf1, 0x5f, 0xff,
    0xff, 0x61, 0xff, 0xff, 0xf1, 0x0, 0x0, 0x5,
    0xff, 0xff, 0xb0, 0xbf, 0xff, 0xff, 0x15, 0xff,
    0xff, 0xf7, 0xa, 0xff, 0xff, 0x60, 0x0, 0x0,
    0xaf, 0xff, 0xf6, 0xb, 0xff, 0xff, 0xf1, 0x5f,
    0xff, 0xff, 0x70, 0x5f, 0xff, 0xfb, 0x0, 0x0,
    0xf, 0xff, 0xff, 0x0, 0xcf, 0xff, 0xff, 0x15,
    0xff, 0xff, 0xf8, 0x0, 0xef, 0xff, 0xf1, 0x0,
    0x5, 0xff, 0xff, 0xa0, 0xd, 0xff, 0xff, 0xf1,
    0x5f, 0xff, 0xff, 0x90, 0x9, 0xff, 0xff, 0x60,
    0x0, 0xbf, 0xff, 0xf4, 0x0, 0xef, 0xff, 0xff,
    0x15, 0xff, 0xff, 0xfa, 0x0, 0x3f, 0xff, 0xfc,
    0x0, 0x1f, 0xff, 0xfe, 0x0, 0xe, 0xff, 0xff,
    0xf1, 0x5f, 0xff, 0xff, 0xa0, 0x0, 0xdf, 0xff,
    0xf2, 0x6, 0xff, 0xff, 0x90, 0x0, 0xff, 0xff,
    0xff, 0x15, 0xff, 0xff, 0xfb, 0x0, 0x8, 0xff,
    0xff, 0x70, 0xcf, 0xff, 0xf3, 0x0, 0xf, 0xff,
    0xff, 0xf1, 0x5f, 0xff, 0xff, 0xc0, 0x0, 0x2f,
    0xff, 0xfd, 0x1f, 0xff, 0xfd, 0x0, 0x0, 0xff,
    0xff, 0xff, 0x15, 0xff, 0xff, 0xfc, 0x0, 0x0,
    0xcf, 0xff, 0xfa, 0xff, 0xff, 0x80, 0x0, 0x1f,
    0xff, 0xff, 0xf1, 0x5f, 0xff, 0xff, 0xc0, 0x0,
    0x6, 0xff, 0xff, 0xff, 0xff, 0xf2, 0x0, 0x1,
    0xff, 0xff, 0xff, 0x15, 0xff, 0xff, 0xfc, 0x0,
    0x0, 0x1f, 0xff, 0xff, 0xff, 0xfc, 0x0, 0x0,
    0x1f, 0xff, 0xff, 0xf1, 0x5f, 0xff, 0xff, 0xc0,
    0x0, 0x0, 0xbf, 0xff, 0xff, 0xff, 0x60, 0x0,
    0x1, 0xff, 0xff, 0xff, 0x15, 0xff, 0xff, 0xfc,
    0x0, 0x0, 0x5, 0xff, 0xff, 0xff, 0xf1, 0x0,
    0x0, 0x1f, 0xff, 0xff, 0xf1, 0x5f, 0xff, 0xff,
    0xc0, 0x0, 0x0, 0xf, 0xff, 0xff, 0xfb, 0x0,
    0x0, 0x1, 0xff, 0xff, 0xff, 0x15, 0xff, 0xff,
    0xfc, 0x0, 0x0, 0x0, 0xaf, 0xff, 0xff, 0x50,
    0x0, 0x0, 0x1f, 0xff, 0xff, 0xf1, 0x5f, 0xff,
    0xff, 0xc0, 0x0, 0x0, 0x4, 0xff, 0xff, 0xf0,
    0x0, 0x0, 0x1, 0xff, 0xff, 0xff, 0x15, 0xff,
    0xff, 0xfc, 0x0, 0x0, 0x0, 0xe, 0xff, 0xfa,
    0x0, 0x0, 0x0, 0x1f, 0xff, 0xff, 0xf1,

    /* U+004E "N" */
    0x5f, 0xff, 0xff, 0xf2, 0x0, 0x0, 0x0, 0x0,
    0x0, 0x2f, 0xff, 0xff, 0xf5, 0xff, 0xff, 0xff,
    0xb0, 0x0, 0x0, 0x0, 0x0, 0x2, 0xff, 0xff,
    0xff, 0x5f, 0xff, 0xff, 0xff, 0x40, 0x0, 0x0,
    0x0, 0x0, 0x2f, 0xff, 0xff, 0xf5, 0xff, 0xff,
    0xff, 0xfd, 0x0, 0x0, 0x0, 0x0, 0x2, 0xff,
    0xff, 0xff, 0x5f, 0xff, 0xff, 0xff, 0xf8, 0x0,
    0x0, 0x0, 0x0, 0x2f, 0xff, 0xff, 0xf5, 0xff,
    0xff, 0xff, 0xff, 0xf2, 0x0, 0x0, 0x0, 0x2,
    0xff, 0xff, 0xff, 0x5f, 0xff, 0xff, 0xff, 0xff,
    0xb0, 0x0, 0x0, 0x0, 0x2f, 0xff, 0xff, 0xf5,
    0xff, 0xff, 0xff, 0xff, 0xff, 0x40, 0x0, 0x0,
    0x2, 0xff, 0xff, 0xff, 0x5f, 0xff, 0xff, 0xff,
    0xff, 0xfd, 0x0, 0x0, 0x0, 0x2f, 0xff, 0xff,
    0xf5, 0xff, 0xff, 0xff, 0xff, 0xff, 0xf7, 0x0,
    0x0, 0x2, 0xff, 0xff, 0xff, 0x5f, 0xff, 0xff,
    0xdd, 0xff, 0xff, 0xf2, 0x0, 0x0, 0x2f, 0xff,
    0xff, 0xf5, 0xff, 0xff, 0xfd, 0x3f, 0xff, 0xff,
    0xa0, 0x0, 0x2, 0xff, 0xff, 0xff, 0x5f, 0xff,
    0xff, 0xd0, 0xaf, 0xff, 0xff, 0x40, 0x0, 0x2f,
    0xff, 0xff, 0xf5, 0xff, 0xff, 0xfd, 0x1, 0xff,
    0xff, 0xfd, 0x0, 0x2, 0xff, 0xff, 0xff, 0x5f,
    0xff, 0xff, 0xd0, 0x6, 0xff, 0xff, 0xf7, 0x0,
    0x2f, 0xff, 0xff, 0xf5, 0xff, 0xff, 0xfd, 0x0,
    0xd, 0xff, 0xff, 0xf1, 0x2, 0xff, 0xff, 0xff,
    0x5f, 0xff, 0xff, 0xd0, 0x0, 0x3f, 0xff, 0xff,
    0xa0, 0x2f, 0xff, 0xff, 0xf5, 0xff, 0xff, 0xfd,
    0x0, 0x0, 0xaf, 0xff, 0xff, 0x42, 0xff, 0xff,
    0xff, 0x5f, 0xff, 0xff, 0xd0, 0x0, 0x1, 0xff,
    0xff, 0xfd, 0x2f, 0xff, 0xff, 0xf5, 0xff, 0xff,
    0xfd, 0x0, 0x0, 0x7, 0xff, 0xff, 0xfa, 0xff,
    0xff, 0xff, 0x5f, 0xff, 0xff, 0xd0, 0x0, 0x0,
    0xd, 0xff, 0xff, 0xff, 0xff, 0xff, 0xf5, 0xff,
    0xff, 0xfd, 0x0, 0x0, 0x0, 0x4f, 0xff, 0xff,
    0xff, 0xff, 0xff, 0x5f, 0xff, 0xff, 0xd0, 0x0,
    0x0, 0x0, 0xaf, 0xff, 0xff, 0xff, 0xff, 0xf5,
    0xff, 0xff, 0xfd, 0x0, 0x0, 0x0, 0x1, 0xff,
    0xff, 0xff, 0xff, 0xff, 0x5f, 0xff, 0xff, 0xd0,
    0x0, 0x0, 0x0, 0x7, 0xff, 0xff, 0xff, 0xff,
    0xf5, 0xff, 0xff, 0xfd, 0x0, 0x0, 0x0, 0x0,
    0xd, 0xff, 0xff, 0xff, 0xff, 0x5f, 0xff, 0xff,
    0xd0, 0x0, 0x0, 0x0, 0x0, 0x4f, 0xff, 0xff,
    0xff, 0xf5, 0xff, 0xff, 0xfd, 0x0, 0x0, 0x0,
    0x0, 0x0, 0xaf, 0xff, 0xff, 0xff, 0x5f, 0xff,
    0xff, 0xd0, 0x0, 0x0, 0x0, 0x0, 0x1, 0xff,
    0xff, 0xff, 0xf5, 0xff, 0xff, 0xfd, 0x0, 0x0,
    0x0, 0x0, 0x0, 0x7, 0xff, 0xff, 0xff,

    /* U+004F "O" */
    0x0, 0x0, 0x0, 0x0, 0x16, 0xad, 0xff, 0xfd,
    0xa6, 0x10, 0x0, 0x0, 0x0, 0x0, 0x0, 0x0,
    0x1, 0x9f, 0xff, 0xff, 0xff, 0xff, 0xff, 0x91,
    0x0, 0x0, 0x0, 0x0, 0x0, 0x4, 0xef, 0xff,
    0xff, 0xff, 0xff, 0xff, 0xff, 0xe4, 0x0, 0x0,
    0x0, 0x0, 0x6, 0xff, 0xff, 0xff, 0xff, 0xff,
    0xff, 0xff, 0xff, 0xf5, 0x0, 0x0, 0x0, 0x4,
    0xff, 0xff, 0xff, 0xff, 0xff, 0xff, 0xff, 0xff,
    0xff, 0xf3, 0x0, 0x0, 0x0, 0xef, 0xff, 0xff,
    0xfb, 0x40, 0x1, 0x4c, 0xff, 0xff, 0xff, 0xd0,
    0x0, 0x0, 0x8f, 0xff, 0xff, 0xf7, 0x0, 0x0,
    0x0, 0x8, 0xff, 0xff, 0xff, 0x70, 0x0, 0xf,
    0xff, 0xff, 0xf9, 0x0, 0x0, 0x0, 0x0, 0xa,
    0xff, 0xff, 0xfe, 0x0, 0x5, 0xff, 0xff, 0xff,
    0x10, 0x0, 0x0, 0x0, 0x0, 0x1f, 0xff, 0xff,
    0xf4, 0x0, 0xaf, 0xff, 0xff, 0xa0, 0x0, 0x0,
    0x0, 0x0, 0x0, 0xaf, 0xff, 0xff, 0x90, 0xe,
    0xff, 0xff, 0xf5, 0x0, 0x0, 0x0, 0x0, 0x0,
    0x6, 0xff, 0xff, 0xfd, 0x0, 0xff, 0xff, 0xff,
    0x20, 0x0, 0x0, 0x0, 0x0, 0x0, 0x3f, 0xff,
    0xff, 0xf0, 0x2f, 0xff, 0xff, 0xf1, 0x0, 0x0,
    0x0, 0x0, 0x0, 0x1, 0xff, 0xff, 0xff, 0x13,
    0xff, 0xff, 0xff, 0x0, 0x0, 0x0, 0x0, 0x0,
    0x0, 0xf, 0xff, 0xff, 0xf2, 0x3f, 0xff, 0xff,
    0xf0, 0x0, 0x0, 0x0, 0x0, 0x0, 0x0, 0xff,
    0xff, 0xff, 0x33, 0xff, 0xff, 0xff, 0x0, 0x0,
    0x0, 0x0, 0x0, 0x0, 0xf, 0xff, 0xff, 0xf3,
    0x3f, 0xff, 0xff, 0xf0, 0x0, 0x0, 0x0, 0x0,
    0x0, 0x0, 0xff, 0xff, 0xff, 0x22, 0xff, 0xff,
    0xff, 0x10, 0x0, 0x0, 0x0, 0x0, 0x0, 0x1f,
    0xff, 0xff, 0xf1, 0xf, 0xff, 0xff, 0xf3, 0x0,
    0x0, 0x0, 0x0, 0x0, 0x3, 0xff, 0xff, 0xff,
    0x0, 0xef, 0xff, 0xff, 0x60, 0x0, 0x0, 0x0,
    0x0, 0x0, 0x6f, 0xff, 0xff, 0xd0, 0xa, 0xff,
    0xff, 0xfa, 0x0, 0x0, 0x0, 0x0, 0x0, 0xb,
    0xff, 0xff, 0xf9, 0x0, 0x5f, 0xff, 0xff, 0xf1,
    0x0, 0x0, 0x0, 0x0, 0x1, 0xff, 0xff, 0xff,
    0x50, 0x0, 0xff, 0xff, 0xff, 0x90, 0x0, 0x0,
    0x0, 0x0, 0xaf, 0xff, 0xff, 0xe0, 0x0, 0x8,
    0xff, 0xff, 0xff, 0x70, 0x0, 0x0, 0x0, 0x7f,
    0xff, 0xff, 0xf7, 0x0, 0x0, 0xe, 0xff, 0xff,
    0xff, 0xb4, 0x0, 0x4, 0xbf, 0xff, 0xff, 0xfd,
    0x0, 0x0, 0x0, 0x3f, 0xff, 0xff, 0xff, 0xff,
    0xff, 0xff, 0xff, 0xff, 0xff, 0x30, 0x0, 0x0,
    0x0, 0x5f, 0xff, 0xff, 0xff, 0xff, 0xff, 0xff,
    0xff, 0xff, 0x50, 0x0, 0x0, 0x0, 0x0, 0x4e,
    0xff, 0xff, 0xff, 0xff, 0xff, 0xff, 0xfe, 0x40,
    0x0, 0x0, 0x0, 0x0, 0x0, 0x19, 0xff, 0xff,
    0xff, 0xff, 0xff, 0xf9, 0x10, 0x0, 0x0, 0x0,
    0x0, 0x0, 0x0, 0x1, 0x6a, 0xdf, 0xff, 0xda,
    0x61, 0x0, 0x0, 0x0, 0x0,

    /* U+0050 "P" */
    0x5f, 0xff, 0xff, 0xff, 0xff, 0xff, 0xff, 0xdb,
    0x71, 0x0, 0x0, 0x0, 0x5f, 0xff, 0xff, 0xff,
    0xff, 0xff, 0xff, 0xff, 0xff, 0xa1, 0x0, 0x0,
    0x5f, 0xff, 0xff, 0xff, 0xff, 0xff, 0xff, 0xff,
    0xff, 0xff, 0x40, 0x0, 0x5f, 0xff, 0xff, 0xff,
    0xff, 0xff, 0xff, 0xff, 0xff, 0xff, 0xf4, 0x0,
    0x5f, 0xff, 0xff, 0xfe, 0xee, 0xee, 0xef, 0xff,
    0xff, 0xff, 0xfe, 0x10, 0x5f, 0xff, 0xff, 0xd0,
    0x0, 0x0, 0x0, 0x4c, 0xff, 0xff, 0xff, 0x90,
    0x5f, 0xff, 0xff, 0xd0, 0x0, 0x0, 0x0, 0x0,
    0xcf, 0xff, 0xff, 0xf0, 0x5f, 0xff, 0xff, 0xd0,
    0x0, 0x0, 0x0, 0x0, 0x2f, 0xff, 0xff, 0xf4,
    0x5f, 0xff, 0xff, 0xd0, 0x0, 0x0, 0x0, 0x0,
    0xd, 0xff, 0xff, 0xf6, 0x5f, 0xff, 0xff, 0xd0,
    0x0, 0x0, 0x0, 0x0, 0xb, 0xff, 0xff, 0xf7,
    0x5f, 0xff, 0xff, 0xd0, 0x0, 0x0, 0x0, 0x0,
    0xc, 0xff, 0xff, 0xf7, 0x5f, 0xff, 0xff, 0xd0,
    0x0, 0x0, 0x0, 0x0, 0xf, 0xff, 0xff, 0xf5,
    0x5f, 0xff, 0xff, 0xd0, 0x0, 0x0, 0x0, 0x0,
    0x9f, 0xff, 0xff, 0xf1, 0x5f, 0xff, 0xff, 0xd0,
    0x0, 0x0, 0x0, 0x3a, 0xff, 0xff, 0xff, 0xb0,
    0x5f, 0xff, 0xff, 0xfe, 0xee, 0xee, 0xef, 0xff,
    0xff, 0xff, 0xff, 0x30, 0x5f, 0xff, 0xff, 0xff,
    0xff, 0xff, 0xff, 0xff, 0xff, 0xff, 0xf8, 0x0,
    0x5f, 0xff, 0xff, 0xff, 0xff, 0xff, 0xff, 0xff,
    0xff, 0xff, 0x70, 0x0, 0x5f, 0xff, 0xff, 0xff,
    0xff, 0xff, 0xff, 0xff, 0xff, 0xc3, 0x0, 0x0,
    0x5f, 0xff, 0xff, 0xff, 0xff, 0xff, 0xff, 0xdb,
    0x72, 0x0, 0x0, 0x0, 0x5f, 0xff, 0xff, 0xd0,
    0x0, 0x0, 0x0, 0x0, 0x0, 0x0, 0x0, 0x0,
    0x5f, 0xff, 0xff, 0xd0, 0x0, 0x0, 0x0, 0x0,
    0x0, 0x0, 0x0, 0x0, 0x5f, 0xff, 0xff, 0xd0,
    0x0, 0x0, 0x0, 0x0, 0x0, 0x0, 0x0, 0x0,
    0x5f, 0xff, 0xff, 0xd0, 0x0, 0x0, 0x0, 0x0,
    0x0, 0x0, 0x0, 0x0, 0x5f, 0xff, 0xff, 0xd0,
    0x0, 0x0, 0x0, 0x0, 0x0, 0x0, 0x0, 0x0,
    0x5f, 0xff, 0xff, 0xd0, 0x0, 0x0, 0x0, 0x0,
    0x0, 0x0, 0x0, 0x0, 0x5f, 0xff, 0xff, 0xd0,
    0x0, 0x0, 0x0, 0x0, 0x0, 0x0, 0x0, 0x0,
    0x5f, 0xff, 0xff, 0xd0, 0x0, 0x0, 0x0, 0x0,
    0x0, 0x0, 0x0, 0x0, 0x5f, 0xff, 0xff, 0xd0,
    0x0, 0x0, 0x0, 0x0, 0x0, 0x0, 0x0, 0x0,
    0x5f, 0xff, 0xff, 0xd0, 0x0, 0x0, 0x0, 0x0,
    0x0, 0x0, 0x0, 0x0, 0x5f, 0xff, 0xff, 0xd0,
    0x0, 0x0, 0x0, 0x0, 0x0, 0x0, 0x0, 0x0,

    /* U+0051 "Q" */
    0x0, 0x0, 0x0, 0x0, 0x17, 0xbd, 0xff, 0xfd,
    0xa6, 0x10, 0x0, 0x0, 0x0, 0x0, 0x0, 0x0,
    0x1, 0xaf, 0xff, 0xff, 0xff, 0xff, 0xff, 0x91,
    0x0, 0x0, 0x0, 0x0, 0x0, 0x5, 0xff, 0xff,
    0xff, 0xff, 0xff, 0xff, 0xff, 0xe4, 0x0, 0x0,
    0x0, 0x0, 0x6, 0xff, 0xff, 0xff, 0xff, 0xff,
    0xff, 0xff, 0xff, 0xf4, 0x0, 0x0, 0x0, 0x4,
    0xff, 0xff, 0xff, 0xff, 0xff, 0xff, 0xff, 0xff,
    0xff, 0xf3, 0x0, 0x0, 0x1, 0xef, 0xff, 0xff,
    0xfb, 0x40, 0x1, 0x5c, 0xff, 0xff, 0xff, 0xd0,
    0x0, 0x0, 0x8f, 0xff, 0xff, 0xf6, 0x0, 0x0,
    0x0, 0x8, 0xff, 0xff, 0xff, 0x70, 0x0, 0xf,
    0xff, 0xff, 0xf9, 0x0, 0x0, 0x0, 0x0, 0xa,
    0xff, 0xff, 0xfe, 0x0, 0x6, 0xff, 0xff, 0xff,
    0x10, 0x0, 0x0, 0x0, 0x0, 0x2f, 0xff, 0xff,
    0xf4, 0x0, 0xbf, 0xff, 0xff, 0x90, 0x0, 0x0,
    0x0, 0x0, 0x0, 0xbf, 0xff, 0xff, 0x90, 0xe,
    0xff, 0xff, 0xf5, 0x0, 0x0, 0x0, 0x0, 0x0,
    0x7, 0xff, 0xff, 0xfd, 0x1, 0xff, 0xff, 0xff,
    0x20, 0x0, 0x0, 0x0, 0x0, 0x0, 0x3f, 0xff,
    0xff, 0xf0, 0x3f, 0xff, 0xff, 0xf0, 0x0, 0x0,
    0x0, 0x0, 0x0, 0x2, 0xff, 0xff, 0xff, 0x14,
    0xff, 0xff, 0xff, 0x0, 0x0, 0x0, 0x0, 0x0,
    0x0, 0x1f, 0xff, 0xff, 0xf2, 0x4f, 0xff, 0xff,
    0xf0, 0x0, 0x0, 0x0, 0x0, 0x0, 0x0, 0xff,
    0xff, 0xff, 0x24, 0xff, 0xff, 0xff, 0x0, 0x0,
    0x0, 0x0, 0x0, 0x0, 0xf, 0xff, 0xff, 0xf2,
    0x4f, 0xff, 0xff, 0xf0, 0x0, 0x0, 0x0, 0x0,
    0x0, 0x1, 0xff, 0xff, 0xff, 0x23, 0xff, 0xff,
    0xff, 0x0, 0x0, 0x0, 0x0, 0x0, 0x0, 0x2f,
    0xff, 0xff, 0xf1, 0x1f, 0xff, 0xff, 0xf2, 0x0,
    0x0, 0x0, 0x0, 0x0, 0x4, 0xff, 0xff, 0xff,
    0x0, 0xef, 0xff, 0xff, 0x50, 0x0, 0x0, 0x0,
    0x0, 0x0, 0x7f, 0xff, 0xff, 0xd0, 0xb, 0xff,
    0xff, 0xfa, 0x0, 0x0, 0x0, 0x0, 0x0, 0xb,
    0xff, 0xff, 0xf9, 0x0, 0x6f, 0xff, 0xff, 0xf1,
    0x0, 0x0, 0x0, 0x0, 0x2, 0xff, 0xff, 0xff,
    0x40, 0x0, 0xff, 0xff, 0xff, 0x90, 0x0, 0x0,
    0x0, 0x0, 0xaf, 0xff, 0xff, 0xe0, 0x0, 0x8,
    0xff, 0xff, 0xff, 0x70, 0x0, 0x0, 0x0, 0x8f,
    0xff, 0xff, 0xf7, 0x0, 0x0, 0x1e, 0xff, 0xff,
    0xff, 0xb4, 0x0, 0x4, 0xbf, 0xff, 0xff, 0xfd,
    0x0, 0x0, 0x0, 0x4f, 0xff, 0xff, 0xff, 0xff,
    0xff, 0xff, 0xff, 0xff, 0xff, 0x30, 0x0, 0x0,
    0x0, 0x6f, 0xff, 0xff, 0xff, 0xff, 0xff, 0xff,
    0xff, 0xff, 0x50, 0x0, 0x0, 0x0, 0x0, 0x4e,
    0xff, 0xff, 0xff, 0xff, 0xff, 0xff, 0xff, 0x60,
    0x0, 0x0, 0x0, 0x0, 0x0, 0x19, 0xff, 0xff,
    0xff, 0xff, 0xff, 0xff, 0xfe, 0x30, 0x0, 0x0,
    0x0, 0x0, 0x0, 0x1, 0x6a, 0xdf, 0xff, 0xef,
    0xff, 0xff, 0xff, 0x60, 0x0, 0x0, 0x0, 0x0,
    0x0, 0x0, 0x0, 0x0, 0x0, 0x6f, 0xff, 0xff,
    0xff, 0x90, 0x0, 0x0, 0x0, 0x0, 0x0, 0x0,
    0x0, 0x0, 0x0, 0x4e, 0xff, 0xff, 0xff, 0xa0,
    0x0, 0x0, 0x0, 0x0, 0x0, 0x0, 0x0, 0x0,
    0x0, 0x2d, 0xff, 0xff, 0xd1, 0x0, 0x0, 0x0,
    0x0, 0x0, 0x0, 0x0, 0x0, 0x0, 0x0, 0xb,
    0xff, 0xb0, 0x0, 0x0, 0x0, 0x0, 0x0, 0x0,
    0x0, 0x0, 0x0, 0x0, 0x0, 0x8, 0xa0, 0x0,
    0x0,

    /* U+0052 "R" */
    0x5f, 0xff, 0xff, 0xff, 0xff, 0xff, 0xfe, 0xda,
    0x61, 0x0, 0x0, 0x0, 0x5f, 0xff, 0xff, 0xff,
    0xff, 0xff, 0xff, 0xff, 0xff, 0x91, 0x0, 0x0,
    0x5f, 0xff, 0xff, 0xff, 0xff, 0xff, 0xff, 0xff,
    0xff, 0xfe, 0x30, 0x0, 0x5f, 0xff, 0xff, 0xff,
    0xff, 0xff, 0xff, 0xff, 0xff, 0xff, 0xe2, 0x0,
    0x5f, 0xff, 0xff, 0xfe, 0xee, 0xee, 0xff, 0xff,
    0xff, 0xff, 0xfc, 0x0, 0x5f, 0xff, 0xff, 0xd0,
    0x0, 0x0, 0x1, 0x7f, 0xff, 0xff, 0xff, 0x30,
    0x5f, 0xff, 0xff, 0xd0, 0x0, 0x0, 0x0, 0x3,
    0xff, 0xff, 0xff, 0x80, 0x5f, 0xff, 0xff, 0xd0,
    0x0, 0x0, 0x0, 0x0, 0xaf, 0xff, 0xff, 0xb0,
    0x5f, 0xff, 0xff, 0xd0, 0x0, 0x0, 0x0, 0x0,
    0x6f, 0xff, 0xff, 0xd0, 0x5f, 0xff, 0xff, 0xd0,
    0x0, 0x0, 0x0, 0x0, 0x5f, 0xff, 0xff, 0xc0,
    0x5f, 0xff, 0xff, 0xd0, 0x0, 0x0, 0x0, 0x0,
    0x6f, 0xff, 0xff, 0xb0, 0x5f, 0xff, 0xff, 0xd0,
    0x0, 0x0, 0x0, 0x0, 0xbf, 0xff, 0xff, 0x90,
    0x5f, 0xff, 0xff, 0xd0, 0x0, 0x0, 0x0, 0x5,
    0xff, 0xff, 0xff, 0x40, 0x5f, 0xff, 0xff, 0xd0,
    0x0, 0x0, 0x3, 0x9f, 0xff, 0xff, 0xfd, 0x0,
    0x5f, 0xff, 0xff, 0xff, 0xff, 0xff, 0xff, 0xff,
    0xff, 0xff, 0xf3, 0x0, 0x5f, 0xff, 0xff, 0xff,
    0xff, 0xff, 0xff, 0xff, 0xff, 0xff, 0x50, 0x0,
    0x5f, 0xff, 0xff, 0xff, 0xff, 0xff, 0xff, 0xff,
    0xff, 0xd3, 0x0, 0x0, 0x5f, 0xff, 0xff, 0xff,
    0xff, 0xff, 0xff, 0xff, 0xfb, 0x0, 0x0, 0x0,
    0x5f, 0xff, 0xff, 0xfe, 0xee, 0xee, 0xff, 0xff,
    0xff, 0x10, 0x0, 0x0, 0x5f, 0xff, 0xff, 0xd0,
    0x0, 0x0, 0xef, 0xff, 0xff, 0x80, 0x0, 0x0,
    0x5f, 0xff, 0xff, 0xd0, 0x0, 0x0, 0x7f, 0xff,
    0xff, 0xf1, 0x0, 0x0, 0x5f, 0xff, 0xff, 0xd0,
    0x0, 0x0, 0xe, 0xff, 0xff, 0xf9, 0x0, 0x0,
    0x5f, 0xff, 0xff, 0xd0, 0x0, 0x0, 0x7, 0xff,
    0xff, 0xff, 0x10, 0x0, 0x5f, 0xff, 0xff, 0xd0,
    0x0, 0x0, 0x0, 0xef, 0xff, 0xff, 0x90, 0x0,
    0x5f, 0xff, 0xff, 0xd0, 0x0, 0x0, 0x0, 0x7f,
    0xff, 0xff, 0xf2, 0x0, 0x5f, 0xff, 0xff, 0xd0,
    0x0, 0x0, 0x0, 0xe, 0xff, 0xff, 0xfa, 0x0,
    0x5f, 0xff, 0xff, 0xd0, 0x0, 0x0, 0x0, 0x6,
    0xff, 0xff, 0xff, 0x20, 0x5f, 0xff, 0xff, 0xd0,
    0x0, 0x0, 0x0, 0x0, 0xef, 0xff, 0xff, 0xa0,
    0x5f, 0xff, 0xff, 0xd0, 0x0, 0x0, 0x0, 0x0,
    0x6f, 0xff, 0xff, 0xf2, 0x5f, 0xff, 0xff, 0xd0,
    0x0, 0x0, 0x0, 0x0, 0xd, 0xff, 0xff, 0xfa,

    /* U+0053 "S" */
    0x0, 0x0, 0x0, 0x4, 0x9c, 0xef, 0xff, 0xdb,
    0x71, 0x0, 0x0, 0x0, 0x0, 0x0, 0x6, 0xef,
    0xff, 0xff, 0xff, 0xff, 0xff, 0xa1, 0x0, 0x0,
    0x0, 0x1, 0xcf, 0xff, 0xff, 0xff, 0xff, 0xff,
    0xff, 0xfe, 0x40, 0x0, 0x0, 0x1d, 0xff, 0xff,
    0xff, 0xff, 0xff, 0xff, 0xff, 0xff, 0xf4, 0x0,
    0x0, 0xaf, 0xff, 0xff, 0xff, 0xfd, 0xde, 0xff,
    0xff, 0xff, 0xfe, 0x10, 0x2, 0xff, 0xff, 0xff,
    0xe5, 0x0, 0x0, 0x2a, 0xff, 0xff, 0xff, 0x90,
    0x7, 0xff, 0xff, 0xff, 0x20, 0x0, 0x0, 0x0,
    0x9f, 0xff, 0xff, 0xf0, 0x9, 0xff, 0xff, 0xf9,
    0x0, 0x0, 0x0, 0x0, 0x1f, 0xff, 0xff, 0xf3,
    0xa, 0xff, 0xff, 0xf8, 0x0, 0x0, 0x0, 0x0,
    0xd, 0xff, 0xff, 0xf5, 0x8, 0xff, 0xff, 0xfc,
    0x0, 0x0, 0x0, 0x0, 0x1, 0x11, 0x11, 0x10,
    0x3, 0xff, 0xff, 0xff, 0xa0, 0x0, 0x0, 0x0,
    0x0, 0x0, 0x0, 0x0, 0x0, 0xcf, 0xff, 0xff,
    0xfe, 0x71, 0x0, 0x0, 0x0, 0x0, 0x0, 0x0,
    0x0, 0x2e, 0xff, 0xff, 0xff, 0xff, 0xa5, 0x10,
    0x0, 0x0, 0x0, 0x0, 0x0, 0x2, 0xef, 0xff,
    0xff, 0xff, 0xff, 0xfb, 0x50, 0x0, 0x0, 0x0,
    0x0, 0x0, 0x1a, 0xff, 0xff, 0xff, 0xff, 0xff,
    0xfd, 0x50, 0x0, 0x0, 0x0, 0x0, 0x0, 0x3a,
    0xff, 0xff, 0xff, 0xff, 0xff, 0xfc, 0x10, 0x0,
    0x0, 0x0, 0x0, 0x0, 0x17, 0xdf, 0xff, 0xff,
    0xff, 0xff, 0xe2, 0x0, 0x0, 0x0, 0x0, 0x0,
    0x0, 0x2, 0x7d, 0xff, 0xff, 0xff, 0xfe, 0x10,
    0x0, 0x0, 0x0, 0x0, 0x0, 0x0, 0x0, 0x4c,
    0xff, 0xff, 0xff, 0x90, 0x0, 0x0, 0x0, 0x0,
    0x0, 0x0, 0x0, 0x0, 0xaf, 0xff, 0xff, 0xf0,
    0x5a, 0xaa, 0xaa, 0x60, 0x0, 0x0, 0x0, 0x0,
    0xf, 0xff, 0xff, 0xf3, 0x8f, 0xff, 0xff, 0xb0,
    0x0, 0x0, 0x0, 0x0, 0xc, 0xff, 0xff, 0xf5,
    0x5f, 0xff, 0xff, 0xf0, 0x0, 0x0, 0x0, 0x0,
    0xe, 0xff, 0xff, 0xf5, 0x1f, 0xff, 0xff, 0xf9,
    0x0, 0x0, 0x0, 0x0, 0x4f, 0xff, 0xff, 0xf3,
    0x9, 0xff, 0xff, 0xff, 0xb4, 0x0, 0x0, 0x6,
    0xff, 0xff, 0xff, 0xe0, 0x1, 0xef, 0xff, 0xff,
    0xff, 0xfd, 0xdd, 0xff, 0xff, 0xff, 0xff, 0x80,
    0x0, 0x3e, 0xff, 0xff, 0xff, 0xff, 0xff, 0xff,
    0xff, 0xff, 0xfd, 0x0, 0x0, 0x2, 0xcf, 0xff,
    0xff, 0xff, 0xff, 0xff, 0xff, 0xff, 0xc1, 0x0,
    0x0, 0x0, 0x6, 0xdf, 0xff, 0xff, 0xff, 0xff,
    0xff, 0xe7, 0x0, 0x0, 0x0, 0x0, 0x0, 0x3,
    0x8b, 0xdf, 0xff, 0xec, 0x94, 0x0, 0x0, 0x0,

    /* U+0054 "T" */
    0x2f, 0xff, 0xff, 0xff, 0xff, 0xff, 0xff, 0xff,
    0xff, 0xff, 0xff, 0xff, 0xf3, 0x2f, 0xff, 0xff,
    0xff, 0xff, 0xff, 0xff, 0xff, 0xff, 0xff, 0xff,
    0xff, 0xf3, 0x2f, 0xff, 0xff, 0xff, 0xff, 0xff,
    0xff, 0xff, 0xff, 0xff, 0xff, 0xff, 0xf3, 0x2f,
    0xff, 0xff, 0xff, 0xff, 0xff, 0xff, 0xff, 0xff,
    0xff, 0xff, 0xff, 0xf3, 0x2e, 0xee, 0xee, 0xee,
    0xee, 0xff, 0xff, 0xff, 0xee, 0xee, 0xee, 0xee,
    0xe2, 0x0, 0x0, 0x0, 0x0, 0x1, 0xff, 0xff,
    0xff, 0x0, 0x0, 0x0, 0x0, 0x0, 0x0, 0x0,
    0x0, 0x0, 0x1, 0xff, 0xff, 0xff, 0x0, 0x0,
    0x0, 0x0, 0x0, 0x0, 0x0, 0x0, 0x0, 0x1,
    0xff, 0xff, 0xff, 0x0, 0x0, 0x0, 0x0, 0x0,
    0x0, 0x0, 0x0, 0x0, 0x1, 0xff, 0xff, 0xff,
    0x0, 0x0, 0x0, 0x0, 0x0, 0x0, 0x0, 0x0,
    0x0, 0x1, 0xff, 0xff, 0xff, 0x0, 0x0, 0x0,
    0x0, 0x0, 0x0, 0x0, 0x0, 0x0, 0x1, 0xff,
    0xff, 0xff, 0x0, 0x0, 0x0, 0x0, 0x0, 0x0,
    0x0, 0x0, 0x0, 0x1, 0xff, 0xff, 0xff, 0x0,
    0x0, 0x0, 0x0, 0x0, 0x0, 0x0, 0x0, 0x0,
    0x1, 0xff, 0xff, 0xff, 0x0, 0x0, 0x0, 0x0,
    0x0, 0x0, 0x0, 0x0, 0x0, 0x1, 0xff, 0xff,
    0xff, 0x0, 0x0, 0x0, 0x0, 0x0, 0x0, 0x0,
    0x0, 0x0, 0x1, 0xff, 0xff, 0xff, 0x0, 0x0,
    0x0, 0x0, 0x0, 0x0, 0x0, 0x0, 0x0, 0x1,
    0xff, 0xff, 0xff, 0x0, 0x0, 0x0, 0x0, 0x0,
    0x0, 0x0, 0x0, 0x0, 0x1, 0xff, 0xff, 0xff,
    0x0, 0x0, 0x0, 0x0, 0x0, 0x0, 0x0, 0x0,
    0x0, 0x1, 0xff, 0xff, 0xff, 0x0, 0x0, 0x0,
    0x0, 0x0, 0x0, 0x0, 0x0, 0x0, 0x1, 0xff,
    0xff, 0xff, 0x0, 0x0, 0x0, 0x0, 0x0, 0x0,
    0x0, 0x0, 0x0, 0x1, 0xff, 0xff, 0xff, 0x0,
    0x0, 0x0, 0x0, 0x0, 0x0, 0x0, 0x0, 0x0,
    0x1, 0xff, 0xff, 0xff, 0x0, 0x0, 0x0, 0x0,
    0x0, 0x0, 0x0, 0x0, 0x0, 0x1, 0xff, 0xff,
    0xff, 0x0, 0x0, 0x0, 0x0, 0x0, 0x0, 0x0,
    0x0, 0x0, 0x1, 0xff, 0xff, 0xff, 0x0, 0x0,
    0x0, 0x0, 0x0, 0x0, 0x0, 0x0, 0x0, 0x1,
    0xff, 0xff, 0xff, 0x0, 0x0, 0x0, 0x0, 0x0,
    0x0, 0x0, 0x0, 0x0, 0x1, 0xff, 0xff, 0xff,
    0x0, 0x0, 0x0, 0x0, 0x0, 0x0, 0x0, 0x0,
    0x0, 0x1, 0xff, 0xff, 0xff, 0x0, 0x0, 0x0,
    0x0, 0x0, 0x0, 0x0, 0x0, 0x0, 0x1, 0xff,
    0xff, 0xff, 0x0, 0x0, 0x0, 0x0, 0x0, 0x0,
    0x0, 0x0, 0x0, 0x1, 0xff, 0xff, 0xff, 0x0,
    0x0, 0x0, 0x0, 0x0, 0x0, 0x0, 0x0, 0x0,
    0x1, 0xff, 0xff, 0xff, 0x0, 0x0, 0x0, 0x0,
    0x0, 0x0, 0x0, 0x0, 0x0, 0x1, 0xff, 0xff,
    0xff, 0x0, 0x0, 0x0, 0x0, 0x0,

    /* U+0055 "U" */
    0x9f, 0xff, 0xff, 0x80, 0x0, 0x0, 0x0, 0x0,
    0xd, 0xff, 0xff, 0xf4, 0x9f, 0xff, 0xff, 0x80,
    0x0, 0x0, 0x0, 0x0, 0xd, 0xff, 0xff, 0xf4,
    0x9f, 0xff, 0xff, 0x80, 0x0, 0x0, 0x0, 0x0,
    0xd, 0xff, 0xff, 0xf4, 0x9f, 0xff, 0xff, 0x80,
    0x0, 0x0, 0x0, 0x0, 0xd, 0xff, 0xff, 0xf4,
    0x9f, 0xff, 0xff, 0x80, 0x0, 0x0, 0x0, 0x0,
    0xd, 0xff, 0xff, 0xf4, 0x9f, 0xff, 0xff, 0x80,
    0x0, 0x0, 0x0, 0x0, 0xd, 0xff, 0xff, 0xf4,
    0x9f, 0xff, 0xff, 0x80, 0x0, 0x0, 0x0, 0x0,
    0xd, 0xff, 0xff, 0xf4, 0x9f, 0xff, 0xff, 0x80,
    0x0, 0x0, 0x0, 0x0, 0xd, 0xff, 0xff, 0xf4,
    0x9f, 0xff, 0xff, 0x80, 0x0, 0x0, 0x0, 0x0,
    0xd, 0xff, 0xff, 0xf4, 0x9f, 0xff, 0xff, 0x80,
    0x0, 0x0, 0x0, 0x0, 0xd, 0xff, 0xff, 0xf4,
    0x9f, 0xff, 0xff, 0x80, 0x0, 0x0, 0x0, 0x0,
    0xd, 0xff, 0xff, 0xf4, 0x9f, 0xff, 0xff, 0x80,
    0x0, 0x0, 0x0, 0x0, 0xd, 0xff, 0xff, 0xf4,
    0x9f, 0xff, 0xff, 0x80, 0x0, 0x0, 0x0, 0x0,
    0xd, 0xff, 0xff, 0xf4, 0x9f, 0xff, 0xff, 0x80,
    0x0, 0x0, 0x0, 0x0, 0xd, 0xff, 0xff, 0xf4,
    0x9f, 0xff, 0xff, 0x80, 0x0, 0x0, 0x0, 0x0,
    0xd, 0xff, 0xff, 0xf4, 0x9f, 0xff, 0xff, 0x80,
    0x0, 0x0, 0x0, 0x0, 0xd, 0xff, 0xff, 0xf4,
    0x9f, 0xff, 0xff, 0x80, 0x0, 0x0, 0x0, 0x0,
    0xd, 0xff, 0xff, 0xf4, 0x9f, 0xff, 0xff, 0x80,
    0x0, 0x0, 0x0, 0x0, 0xd, 0xff, 0xff, 0xf4,
    0x9f, 0xff, 0xff, 0x80, 0x0, 0x0, 0x0, 0x0,
    0xd, 0xff, 0xff, 0xf4, 0x9f, 0xff, 0xff, 0x80,
    0x0, 0x0, 0x0, 0x0, 0xd, 0xff, 0xff, 0xf4,
    0x8f, 0xff, 0xff, 0x90, 0x0, 0x0, 0x0, 0x0,
    0xe, 0xff, 0xff, 0xf3, 0x7f, 0xff, 0xff, 0xc0,
    0x0, 0x0, 0x0, 0x0, 0x1f, 0xff, 0xff, 0xf2,
    0x4f, 0xff, 0xff, 0xf2, 0x0, 0x0, 0x0, 0x0,
    0x6f, 0xff, 0xff, 0xf0, 0xf, 0xff, 0xff, 0xfb,
    0x0, 0x0, 0x0, 0x1, 0xef, 0xff, 0xff, 0xa0,
    0x9, 0xff, 0xff, 0xff, 0xc4, 0x0, 0x1, 0x6e,
    0xff, 0xff, 0xff, 0x30, 0x1, 0xef, 0xff, 0xff,
    0xff, 0xfe, 0xef, 0xff, 0xff, 0xff, 0xfa, 0x0,
    0x0, 0x4f, 0xff, 0xff, 0xff, 0xff, 0xff, 0xff,
    0xff, 0xff, 0xd1, 0x0, 0x0, 0x4, 0xef, 0xff,
    0xff, 0xff, 0xff, 0xff, 0xff, 0xfc, 0x10, 0x0,
    0x0, 0x0, 0x19, 0xff, 0xff, 0xff, 0xff, 0xff,
    0xfe, 0x70, 0x0, 0x0, 0x0, 0x0, 0x0, 0x16,
    0xad, 0xff, 0xfe, 0xc9, 0x50, 0x0, 0x0, 0x0,

    /* U+0056 "V" */
    0xbf, 0xff, 0xff, 0xf1, 0x0, 0x0, 0x0, 0x0,
    0x0, 0x0, 0xaf, 0xff, 0xff, 0xf2, 0x5f, 0xff,
    0xff, 0xf6, 0x0, 0x0, 0x0, 0x0, 0x0, 0x0,
    0xff, 0xff, 0xff, 0xc0, 0xf, 0xff, 0xff, 0xfb,
    0x0, 0x0, 0x0, 0x0, 0x0, 0x4, 0xff, 0xff,
    0xff, 0x70, 0xa, 0xff, 0xff, 0xff, 0x0, 0x0,
    0x0, 0x0, 0x0, 0x9, 0xff, 0xff, 0xff, 0x10,
    0x4, 0xff, 0xff, 0xff, 0x40, 0x0, 0x0, 0x0,
    0x0, 0xd, 0xff, 0xff, 0xfc, 0x0, 0x0, 0xff,
    0xff, 0xff, 0x90, 0x0, 0x0, 0x0, 0x0, 0x2f,
    0xff, 0xff, 0xf6, 0x0, 0x0, 0x9f, 0xff, 0xff,
    0xe0, 0x0, 0x0, 0x0, 0x0, 0x7f, 0xff, 0xff,
    0xf1, 0x0, 0x0, 0x4f, 0xff, 0xff, 0xf2, 0x0,
    0x0, 0x0, 0x0, 0xcf, 0xff, 0xff, 0xb0, 0x0,
    0x0, 0xe, 0xff, 0xff, 0xf7, 0x0, 0x0, 0x0,
    0x1, 0xff, 0xff, 0xff, 0x50, 0x0, 0x0, 0x9,
    0xff, 0xff, 0xfc, 0x0, 0x0, 0x0, 0x5, 0xff,
    0xff, 0xff, 0x0, 0x0, 0x0, 0x3, 0xff, 0xff,
    0xff, 0x10, 0x0, 0x0, 0xa, 0xff, 0xff, 0xfa,
    0x0, 0x0, 0x0, 0x0, 0xef, 0xff, 0xff, 0x50,
    0x0, 0x0, 0xe, 0xff, 0xff, 0xf5, 0x0, 0x0,
    0x0, 0x0, 0x8f, 0xff, 0xff, 0xa0, 0x0, 0x0,
    0x3f, 0xff, 0xff, 0xf0, 0x0, 0x0, 0x0, 0x0,
    0x3f, 0xff, 0xff, 0xe0, 0x0, 0x0, 0x8f, 0xff,
    0xff, 0xa0, 0x0, 0x0, 0x0, 0x0, 0xd, 0xff,
    0xff, 0xf3, 0x0, 0x0, 0xdf, 0xff, 0xff, 0x40,
    0x0, 0x0, 0x0, 0x0, 0x8, 0xff, 0xff, 0xf8,
    0x0, 0x2, 0xff, 0xff, 0xfe, 0x0, 0x0, 0x0,
    0x0, 0x0, 0x2, 0xff, 0xff, 0xfd, 0x0, 0x6,
    0xff, 0xff, 0xf9, 0x0, 0x0, 0x0, 0x0, 0x0,
    0x0, 0xdf, 0xff, 0xff, 0x20, 0xb, 0xff, 0xff,
    0xf4, 0x0, 0x0, 0x0, 0x0, 0x0, 0x0, 0x7f,
    0xff, 0xff, 0x60, 0xf, 0xff, 0xff, 0xe0, 0x0,
    0x0, 0x0, 0x0, 0x0, 0x0, 0x2f, 0xff, 0xff,
    0xb0, 0x4f, 0xff, 0xff, 0x80, 0x0, 0x0, 0x0,
    0x0, 0x0, 0x0, 0xc, 0xff, 0xff, 0xf0, 0x9f,
    0xff, 0xff, 0x30, 0x0, 0x0, 0x0, 0x0, 0x0,
    0x0, 0x7, 0xff, 0xff, 0xf5, 0xef, 0xff, 0xfd,
    0x0, 0x0, 0x0, 0x0, 0x0, 0x0, 0x0, 0x1,
    0xff, 0xff, 0xfc, 0xff, 0xff, 0xf8, 0x0, 0x0,
    0x0, 0x0, 0x0, 0x0, 0x0, 0x0, 0xcf, 0xff,
    0xff, 0xff, 0xff, 0xf2, 0x0, 0x0, 0x0, 0x0,
    0x0, 0x0, 0x0, 0x0, 0x6f, 0xff, 0xff, 0xff,
    0xff, 0xd0, 0x0, 0x0, 0x0, 0x0, 0x0, 0x0,
    0x0, 0x0, 0x1f, 0xff, 0xff, 0xff, 0xff, 0x70,
    0x0, 0x0, 0x0, 0x0, 0x0, 0x0, 0x0, 0x0,
    0xb, 0xff, 0xff, 0xff, 0xff, 0x20, 0x0, 0x0,
    0x0, 0x0, 0x0, 0x0, 0x0, 0x0, 0x6, 0xff,
    0xff, 0xff, 0xfc, 0x0, 0x0, 0x0, 0x0, 0x0,
    0x0, 0x0, 0x0, 0x0, 0x0, 0xff, 0xff, 0xff,
    0xf7, 0x0, 0x0, 0x0, 0x0, 0x0, 0x0, 0x0,
    0x0, 0x0, 0x0, 0xbf, 0xff, 0xff, 0xf1, 0x0,
    0x0, 0x0, 0x0, 0x0,

    /* U+0057 "W" */
    0x2f, 0xff, 0xff, 0xe0, 0x0, 0x0, 0x0, 0x4,
    0xff, 0xff, 0xf1, 0x0, 0x0, 0x0, 0x1, 0xff,
    0xff, 0xff, 0x0, 0xff, 0xff, 0xff, 0x10, 0x0,
    0x0, 0x0, 0x8f, 0xff, 0xff, 0x50, 0x0, 0x0,
    0x0, 0x4f, 0xff, 0xff, 0xc0, 0xb, 0xff, 0xff,
    0xf4, 0x0, 0x0, 0x0, 0xc, 0xff, 0xff, 0xf9,
    0x0, 0x0, 0x0, 0x7, 0xff, 0xff, 0xf8, 0x0,
    0x8f, 0xff, 0xff, 0x70, 0x0, 0x0, 0x0, 0xff,
    0xff, 0xff, 0xd0, 0x0, 0x0, 0x0, 0xbf, 0xff,
    0xff, 0x40, 0x4, 0xff, 0xff, 0xfb, 0x0, 0x0,
    0x0, 0x4f, 0xff, 0xff, 0xff, 0x10, 0x0, 0x0,
    0xe, 0xff, 0xff, 0xf1, 0x0, 0x1f, 0xff, 0xff,
    0xe0, 0x0, 0x0, 0x7, 0xff, 0xff, 0xff, 0xf4,
    0x0, 0x0, 0x1, 0xff, 0xff, 0xfd, 0x0, 0x0,
    0xdf, 0xff, 0xff, 0x10, 0x0, 0x0, 0xbf, 0xff,
    0xff, 0xff, 0x80, 0x0, 0x0, 0x4f, 0xff, 0xff,
    0xa0, 0x0, 0xa, 0xff, 0xff, 0xf4, 0x0, 0x0,
    0xf, 0xff, 0xff, 0xff, 0xfc, 0x0, 0x0, 0x7,
    0xff, 0xff, 0xf6, 0x0, 0x0, 0x6f, 0xff, 0xff,
    0x70, 0x0, 0x3, 0xff, 0xff, 0xff, 0xff, 0xf0,
    0x0, 0x0, 0xaf, 0xff, 0xff, 0x30, 0x0, 0x2,
    0xff, 0xff, 0xfa, 0x0, 0x0, 0x6f, 0xff, 0xff,
    0xff, 0xff, 0x30, 0x0, 0xd, 0xff, 0xff, 0xf0,
    0x0, 0x0, 0xf, 0xff, 0xff, 0xd0, 0x0, 0xa,
    0xff, 0xff, 0xef, 0xff, 0xf7, 0x0, 0x0, 0xff,
    0xff, 0xfc, 0x0, 0x0, 0x0, 0xbf, 0xff, 0xff,
    0x0, 0x0, 0xef, 0xff, 0xf6, 0xff, 0xff, 0xb0,
    0x0, 0x3f, 0xff, 0xff, 0x80, 0x0, 0x0, 0x8,
    0xff, 0xff, 0xf4, 0x0, 0x2f, 0xff, 0xfd, 0x1f,
    0xff, 0xff, 0x0, 0x6, 0xff, 0xff, 0xf5, 0x0,
    0x0, 0x0, 0x4f, 0xff, 0xff, 0x70, 0x6, 0xff,
    0xff, 0x90, 0xdf, 0xff, 0xf3, 0x0, 0xaf, 0xff,
    0xff, 0x10, 0x0, 0x0, 0x1, 0xff, 0xff, 0xfa,
    0x0, 0x9f, 0xff, 0xf5, 0x9, 0xff, 0xff, 0x60,
    0xd, 0xff, 0xff, 0xe0, 0x0, 0x0, 0x0, 0xd,
    0xff, 0xff, 0xd0, 0xd, 0xff, 0xff, 0x10, 0x5f,
    0xff, 0xfa, 0x0, 0xff, 0xff, 0xfa, 0x0, 0x0,
    0x0, 0x0, 0xaf, 0xff, 0xff, 0x1, 0xff, 0xff,
    0xe0, 0x1, 0xff, 0xff, 0xe0, 0x3f, 0xff, 0xff,
    0x70, 0x0, 0x0, 0x0, 0x6, 0xff, 0xff, 0xf3,
    0x5f, 0xff, 0xfa, 0x0, 0xd, 0xff, 0xff, 0x26,
    0xff, 0xff, 0xf3, 0x0, 0x0, 0x0, 0x0, 0x3f,
    0xff, 0xff, 0x68, 0xff, 0xff, 0x60, 0x0, 0x9f,
    0xff, 0xf5, 0x9f, 0xff, 0xff, 0x0, 0x0, 0x0,
    0x0, 0x0, 0xff, 0xff, 0xf9, 0xcf, 0xff, 0xf2,
    0x0, 0x5, 0xff, 0xff, 0x9c, 0xff, 0xff, 0xc0,
    0x0, 0x0, 0x0, 0x0, 0xc, 0xff, 0xff, 0xdf,
    0xff, 0xfe, 0x0, 0x0, 0x1f, 0xff, 0xfd, 0xff,
    0xff, 0xf9, 0x0, 0x0, 0x0, 0x0, 0x0, 0x8f,
    0xff, 0xff, 0xff, 0xff, 0xa0, 0x0, 0x0, 0xdf,
    0xff, 0xff, 0xff, 0xff, 0x50, 0x0, 0x0, 0x0,
    0x0, 0x5, 0xff, 0xff, 0xff, 0xff, 0xf6, 0x0,
    0x0, 0x9, 0xff, 0xff, 0xff, 0xff, 0xf1, 0x0,
    0x0, 0x0, 0x0, 0x0, 0x1f, 0xff, 0xff, 0xff,
    0xff, 0x20, 0x0, 0x0, 0x5f, 0xff, 0xff, 0xff,
    0xfe, 0x0, 0x0, 0x0, 0x0, 0x0, 0x0, 0xdf,
    0xff, 0xff, 0xff, 0xe0, 0x0, 0x0, 0x1, 0xff,
    0xff, 0xff, 0xff, 0xa0, 0x0, 0x0, 0x0, 0x0,
    0x0, 0xa, 0xff, 0xff, 0xff, 0xfa, 0x0, 0x0,
    0x0, 0xd, 0xff, 0xff, 0xff, 0xf7, 0x0, 0x0,
    0x0, 0x0, 0x0, 0x0, 0x6f, 0xff, 0xff, 0xff,
    0x60, 0x0, 0x0, 0x0, 0x9f, 0xff, 0xff, 0xff,
    0x30, 0x0, 0x0, 0x0, 0x0, 0x0, 0x3, 0xff,
    0xff, 0xff, 0xf2, 0x0, 0x0, 0x0, 0x5, 0xff,
    0xff, 0xff, 0xf0, 0x0, 0x0, 0x0, 0x0, 0x0,
    0x0, 0xf, 0xff, 0xff, 0xfe, 0x0, 0x0, 0x0,
    0x0, 0x2f, 0xff, 0xff, 0xfc, 0x0, 0x0, 0x0,
    0x0, 0x0, 0x0, 0x0, 0xcf, 0xff, 0xff, 0xb0,
    0x0, 0x0, 0x0, 0x0, 0xef, 0xff, 0xff, 0x90,
    0x0, 0x0, 0x0,

    /* U+0058 "X" */
    0x1f, 0xff, 0xff, 0xfe, 0x10, 0x0, 0x0, 0x0,
    0x0, 0x4f, 0xff, 0xff, 0xfb, 0x0, 0x7f, 0xff,
    0xff, 0xf8, 0x0, 0x0, 0x0, 0x0, 0xd, 0xff,
    0xff, 0xff, 0x20, 0x0, 0xdf, 0xff, 0xff, 0xf1,
    0x0, 0x0, 0x0, 0x6, 0xff, 0xff, 0xff, 0x80,
    0x0, 0x4, 0xff, 0xff, 0xff, 0x90, 0x0, 0x0,
    0x0, 0xef, 0xff, 0xff, 0xe0, 0x0, 0x0, 0xb,
    0xff, 0xff, 0xff, 0x20, 0x0, 0x0, 0x7f, 0xff,
    0xff, 0xf6, 0x0, 0x0, 0x0, 0x2f, 0xff, 0xff,
    0xfa, 0x0, 0x0, 0xe, 0xff, 0xff, 0xfc, 0x0,
    0x0, 0x0, 0x0, 0x8f, 0xff, 0xff, 0xf3, 0x0,
    0x8, 0xff, 0xff, 0xff, 0x30, 0x0, 0x0, 0x0,
    0x0, 0xef, 0xff, 0xff, 0xc0, 0x1, 0xff, 0xff,
    0xff, 0xa0, 0x0, 0x0, 0x0, 0x0, 0x5, 0xff,
    0xff, 0xff, 0x40, 0x9f, 0xff, 0xff, 0xf1, 0x0,
    0x0, 0x0, 0x0, 0x0, 0xc, 0xff, 0xff, 0xfd,
    0x2f, 0xff, 0xff, 0xf7, 0x0, 0x0, 0x0, 0x0,
    0x0, 0x0, 0x3f, 0xff, 0xff, 0xfe, 0xff, 0xff,
    0xfd, 0x0, 0x0, 0x0, 0x0, 0x0, 0x0, 0x0,
    0x9f, 0xff, 0xff, 0xff, 0xff, 0xff, 0x40, 0x0,
    0x0, 0x0, 0x0, 0x0, 0x0, 0x1, 0xff, 0xff,
    0xff, 0xff, 0xff, 0xb0, 0x0, 0x0, 0x0, 0x0,
    0x0, 0x0, 0x0, 0x7, 0xff, 0xff, 0xff, 0xff,
    0xf2, 0x0, 0x0, 0x0, 0x0, 0x0, 0x0, 0x0,
    0x0, 0xd, 0xff, 0xff, 0xff, 0xf8, 0x0, 0x0,
    0x0, 0x0, 0x0, 0x0, 0x0, 0x0, 0x1, 0xef,
    0xff, 0xff, 0xff, 0xb0, 0x0, 0x0, 0x0, 0x0,
    0x0, 0x0, 0x0, 0x0, 0x9f, 0xff, 0xff, 0xff,
    0xff, 0x40, 0x0, 0x0, 0x0, 0x0, 0x0, 0x0,
    0x0, 0x3f, 0xff, 0xff, 0xff, 0xff, 0xfd, 0x0,
    0x0, 0x0, 0x0, 0x0, 0x0, 0x0, 0xc, 0xff,
    0xff, 0xff, 0xff, 0xff, 0xf7, 0x0, 0x0, 0x0,
    0x0, 0x0, 0x0, 0x5, 0xff, 0xff, 0xff, 0xcf,
    0xff, 0xff, 0xf1, 0x0, 0x0, 0x0, 0x0, 0x0,
    0x0, 0xef, 0xff, 0xff, 0xb1, 0xff, 0xff, 0xff,
    0xa0, 0x0, 0x0, 0x0, 0x0, 0x0, 0x8f, 0xff,
    0xff, 0xf2, 0x7, 0xff, 0xff, 0xff, 0x30, 0x0,
    0x0, 0x0, 0x0, 0x2f, 0xff, 0xff, 0xfa, 0x0,
    0xe, 0xff, 0xff, 0xfc, 0x0, 0x0, 0x0, 0x0,
    0xb, 0xff, 0xff, 0xff, 0x10, 0x0, 0x6f, 0xff,
    0xff, 0xf6, 0x0, 0x0, 0x0, 0x5, 0xff, 0xff,
    0xff, 0x80, 0x0, 0x0, 0xdf, 0xff, 0xff, 0xe1,
    0x0, 0x0, 0x0, 0xdf, 0xff, 0xff, 0xe1, 0x0,
    0x0, 0x4, 0xff, 0xff, 0xff, 0x90, 0x0, 0x0,
    0x8f, 0xff, 0xff, 0xf7, 0x0, 0x0, 0x0, 0xc,
    0xff, 0xff, 0xff, 0x20, 0x0, 0x2f, 0xff, 0xff,
    0xfe, 0x0, 0x0, 0x0, 0x0, 0x3f, 0xff, 0xff,
    0xfc, 0x0, 0xa, 0xff, 0xff, 0xff, 0x60, 0x0,
    0x0, 0x0, 0x0, 0xaf, 0xff, 0xff, 0xf5, 0x4,
    0xff, 0xff, 0xff, 0xd0, 0x0, 0x0, 0x0, 0x0,
    0x2, 0xff, 0xff, 0xff, 0xe0,

    /* U+0059 "Y" */
    0xbf, 0xff, 0xff, 0xf0, 0x0, 0x0, 0x0, 0x0,
    0x0, 0xf, 0xff, 0xff, 0xfa, 0x3f, 0xff, 0xff,
    0xf7, 0x0, 0x0, 0x0, 0x0, 0x0, 0x7f, 0xff,
    0xff, 0xf2, 0xa, 0xff, 0xff, 0xfe, 0x0, 0x0,
    0x0, 0x0, 0x0, 0xef, 0xff, 0xff, 0xa0, 0x2,
    0xff, 0xff, 0xff, 0x50, 0x0, 0x0, 0x0, 0x5,
    0xff, 0xff, 0xff, 0x20, 0x0, 0xaf, 0xff, 0xff,
    0xd0, 0x0, 0x0, 0x0, 0xd, 0xff, 0xff, 0xfa,
    0x0, 0x0, 0x2f, 0xff, 0xff, 0xf4, 0x0, 0x0,
    0x0, 0x4f, 0xff, 0xff, 0xf2, 0x0, 0x0, 0x9,
    0xff, 0xff, 0xfb, 0x0, 0x0, 0x0, 0xbf, 0xff,
    0xff, 0x90, 0x0, 0x0, 0x1, 0xff, 0xff, 0xff,
    0x30, 0x0, 0x3, 0xff, 0xff, 0xff, 0x10, 0x0,
    0x0, 0x0, 0x9f, 0xff, 0xff, 0xa0, 0x0, 0xa,
    0xff, 0xff, 0xf9, 0x0, 0x0, 0x0, 0x0, 0x1f,
    0xff, 0xff, 0xf1, 0x0, 0x1f, 0xff, 0xff, 0xf1,
    0x0, 0x0, 0x0, 0x0, 0x8, 0xff, 0xff, 0xf8,
    0x0, 0x8f, 0xff, 0xff, 0x80, 0x0, 0x0, 0x0,
    0x0, 0x1, 0xff, 0xff, 0xff, 0x0, 0xff, 0xff,
    0xff, 0x10, 0x0, 0x0, 0x0, 0x0, 0x0, 0x8f,
    0xff, 0xff, 0x77, 0xff, 0xff, 0xf8, 0x0, 0x0,
    0x0, 0x0, 0x0, 0x0, 0xe, 0xff, 0xff, 0xee,
    0xff, 0xff, 0xe1, 0x0, 0x0, 0x0, 0x0, 0x0,
    0x0, 0x7, 0xff, 0xff, 0xff, 0xff, 0xff, 0x70,
    0x0, 0x0, 0x0, 0x0, 0x0, 0x0, 0x0, 0xef,
    0xff, 0xff, 0xff, 0xfe, 0x0, 0x0, 0x0, 0x0,
    0x0, 0x0, 0x0, 0x0, 0x7f, 0xff, 0xff, 0xff,
    0xf7, 0x0, 0x0, 0x0, 0x0, 0x0, 0x0, 0x0,
    0x0, 0xe, 0xff, 0xff, 0xff, 0xe0, 0x0, 0x0,
    0x0, 0x0, 0x0, 0x0, 0x0, 0x0, 0x6, 0xff,
    0xff, 0xff, 0x60, 0x0, 0x0, 0x0, 0x0, 0x0,
    0x0, 0x0, 0x0, 0x1, 0xff, 0xff, 0xff, 0x20,
    0x0, 0x0, 0x0, 0x0, 0x0, 0x0, 0x0, 0x0,
    0x1, 0xff, 0xff, 0xff, 0x20, 0x0, 0x0, 0x0,
    0x0, 0x0, 0x0, 0x0, 0x0, 0x1, 0xff, 0xff,
    0xff, 0x20, 0x0, 0x0, 0x0, 0x0, 0x0, 0x0,
    0x0, 0x0, 0x1, 0xff, 0xff, 0xff, 0x20, 0x0,
    0x0, 0x0, 0x0, 0x0, 0x0, 0x0, 0x0, 0x1,
    0xff, 0xff, 0xff, 0x20, 0x0, 0x0, 0x0, 0x0,
    0x0, 0x0, 0x0, 0x0, 0x1, 0xff, 0xff, 0xff,
    0x20, 0x0, 0x0, 0x0, 0x0, 0x0, 0x0, 0x0,
    0x0, 0x1, 0xff, 0xff, 0xff, 0x20, 0x0, 0x0,
    0x0, 0x0, 0x0, 0x0, 0x0, 0x0, 0x1, 0xff,
    0xff, 0xff, 0x20, 0x0, 0x0, 0x0, 0x0, 0x0,
    0x0, 0x0, 0x0, 0x1, 0xff, 0xff, 0xff, 0x20,
    0x0, 0x0, 0x0, 0x0, 0x0, 0x0, 0x0, 0x0,
    0x1, 0xff, 0xff, 0xff, 0x20, 0x0, 0x0, 0x0,
    0x0, 0x0, 0x0, 0x0, 0x0, 0x1, 0xff, 0xff,
    0xff, 0x20, 0x0, 0x0, 0x0, 0x0,

    /* U+005A "Z" */
    0x7f, 0xff, 0xff, 0xff, 0xff, 0xff, 0xff, 0xff,
    0xff, 0xff, 0xff, 0xf0, 0x7f, 0xff, 0xff, 0xff,
    0xff, 0xff, 0xff, 0xff, 0xff, 0xff, 0xff, 0xf0,
    0x7f, 0xff, 0xff, 0xff, 0xff, 0xff, 0xff, 0xff,
    0xff, 0xff, 0xff, 0xf0, 0x7f, 0xff, 0xff, 0xff,
    0xff, 0xff, 0xff, 0xff, 0xff, 0xff, 0xff, 0xd0,
    0x7e, 0xee, 0xee, 0xee, 0xee, 0xee, 0xee, 0xef,
    0xff, 0xff, 0xff, 0x40, 0x0, 0x0, 0x0, 0x0,
    0x0, 0x0, 0x0, 0x1e, 0xff, 0xff, 0xf9, 0x0,
    0x0, 0x0, 0x0, 0x0, 0x0, 0x0, 0x0, 0xbf,
    0xff, 0xff, 0xd0, 0x0, 0x0, 0x0, 0x0, 0x0,
    0x0, 0x0, 0x6, 0xff, 0xff, 0xff, 0x30, 0x0,
    0x0, 0x0, 0x0, 0x0, 0x0, 0x0, 0x2f, 0xff,
    0xff, 0xf8, 0x0, 0x0, 0x0, 0x0, 0x0, 0x0,
    0x0, 0x0, 0xcf, 0xff, 0xff, 0xd0, 0x0, 0x0,
    0x0, 0x0, 0x0, 0x0, 0x0, 0x7, 0xff, 0xff,
    0xff, 0x20, 0x0, 0x0, 0x0, 0x0, 0x0, 0x0,
    0x0, 0x3f, 0xff, 0xff, 0xf7, 0x0, 0x0, 0x0,
    0x0, 0x0, 0x0, 0x0, 0x0, 0xdf, 0xff, 0xff,
    0xc0, 0x0, 0x0, 0x0, 0x0, 0x0, 0x0, 0x0,
    0x9, 0xff, 0xff, 0xff, 0x20, 0x0, 0x0, 0x0,
    0x0, 0x0, 0x0, 0x0, 0x4f, 0xff, 0xff, 0xf6,
    0x0, 0x0, 0x0, 0x0, 0x0, 0x0, 0x0, 0x1,
    0xef, 0xff, 0xff, 0xb0, 0x0, 0x0, 0x0, 0x0,
    0x0, 0x0, 0x0, 0xa, 0xff, 0xff, 0xff, 0x10,
    0x0, 0x0, 0x0, 0x0, 0x0, 0x0, 0x0, 0x5f,
    0xff, 0xff, 0xf5, 0x0, 0x0, 0x0, 0x0, 0x0,
    0x0, 0x0, 0x1, 0xef, 0xff, 0xff, 0xb0, 0x0,
    0x0, 0x0, 0x0, 0x0, 0x0, 0x0, 0xb, 0xff,
    0xff, 0xfe, 0x10, 0x0, 0x0, 0x0, 0x0, 0x0,
    0x0, 0x0, 0x6f, 0xff, 0xff, 0xf5, 0x0, 0x0,
    0x0, 0x0, 0x0, 0x0, 0x0, 0x2, 0xff, 0xff,
    0xff, 0xa0, 0x0, 0x0, 0x0, 0x0, 0x0, 0x0,
    0x0, 0xc, 0xff, 0xff, 0xfe, 0x10, 0x0, 0x0,
    0x0, 0x0, 0x0, 0x0, 0x0, 0x7f, 0xff, 0xff,
    0xf4, 0x0, 0x0, 0x0, 0x0, 0x0, 0x0, 0x0,
    0x3, 0xff, 0xff, 0xff, 0x90, 0x0, 0x0, 0x0,
    0x0, 0x0, 0x0, 0x0, 0xd, 0xff, 0xff, 0xff,
    0xee, 0xee, 0xee, 0xee, 0xee, 0xee, 0xee, 0xe3,
    0x7f, 0xff, 0xff, 0xff, 0xff, 0xff, 0xff, 0xff,
    0xff, 0xff, 0xff, 0xf4, 0x8f, 0xff, 0xff, 0xff,
    0xff, 0xff, 0xff, 0xff, 0xff, 0xff, 0xff, 0xf4,
    0x8f, 0xff, 0xff, 0xff, 0xff, 0xff, 0xff, 0xff,
    0xff, 0xff, 0xff, 0xf4, 0x8f, 0xff, 0xff, 0xff,
    0xff, 0xff, 0xff, 0xff, 0xff, 0xff, 0xff, 0xf4,

    /* U+005B "[" */
    0x48, 0x88, 0x88, 0x88, 0x82, 0x8f, 0xff, 0xff,
    0xff, 0xf4, 0x8f, 0xff, 0xff, 0xff, 0xf4, 0x8f,
    0xff, 0xff, 0xff, 0xf4, 0x8f, 0xff, 0xff, 0xff,
    0xf4, 0x8f, 0xff, 0xff, 0x60, 0x0, 0x8f, 0xff,
    0xff, 0x60, 0x0, 0x8f, 0xff, 0xff, 0x60, 0x0,
    0x8f, 0xff, 0xff, 0x60, 0x0, 0x8f, 0xff, 0xff,
    0x60, 0x0, 0x8f, 0xff, 0xff, 0x60, 0x0, 0x8f,
    0xff, 0xff, 0x60, 0x0, 0x8f, 0xff, 0xff, 0x60,
    0x0, 0x8f, 0xff, 0xff, 0x60, 0x0, 0x8f, 0xff,
    0xff, 0x60, 0x0, 0x8f, 0xff, 0xff, 0x60, 0x0,
    0x8f, 0xff, 0xff, 0x60, 0x0, 0x8f, 0xff, 0xff,
    0x60, 0x0, 0x8f, 0xff, 0xff, 0x60, 0x0, 0x8f,
    0xff, 0xff, 0x60, 0x0, 0x8f, 0xff, 0xff, 0x60,
    0x0, 0x8f, 0xff, 0xff, 0x60, 0x0, 0x8f, 0xff,
    0xff, 0x60, 0x0, 0x8f, 0xff, 0xff, 0x60, 0x0,
    0x8f, 0xff, 0xff, 0x60, 0x0, 0x8f, 0xff, 0xff,
    0x60, 0x0, 0x8f, 0xff, 0xff, 0x60, 0x0, 0x8f,
    0xff, 0xff, 0x60, 0x0, 0x8f, 0xff, 0xff, 0x60,
    0x0, 0x8f, 0xff, 0xff, 0x60, 0x0, 0x8f, 0xff,
    0xff, 0x60, 0x0, 0x8f, 0xff, 0xff, 0x60, 0x0,
    0x8f, 0xff, 0xff, 0x60, 0x0, 0x8f, 0xff, 0xff,
    0x60, 0x0, 0x8f, 0xff, 0xff, 0x60, 0x0, 0x8f,
    0xff, 0xff, 0x60, 0x0, 0x8f, 0xff, 0xff, 0x60,
    0x0, 0x8f, 0xff, 0xff, 0x60, 0x0, 0x8f, 0xff,
    0xff, 0xb7, 0x72, 0x8f, 0xff, 0xff, 0xff, 0xf4,
    0x8f, 0xff, 0xff, 0xff, 0xf4, 0x8f, 0xff, 0xff,
    0xff, 0xf4, 0x8f, 0xff, 0xff, 0xff, 0xf4,

    /* U+005C "\\" */
    0xd, 0xff, 0xff, 0xf3, 0x0, 0x0, 0x0, 0x0,
    0x0, 0x0, 0x7, 0xff, 0xff, 0xf9, 0x0, 0x0,
    0x0, 0x0, 0x0, 0x0, 0x1, 0xff, 0xff, 0xff,
    0x0, 0x0, 0x0, 0x0, 0x0, 0x0, 0x0, 0xbf,
    0xff, 0xff, 0x50, 0x0, 0x0, 0x0, 0x0, 0x0,
    0x0, 0x5f, 0xff, 0xff, 0xc0, 0x0, 0x0, 0x0,
    0x0, 0x0, 0x0, 0xe, 0xff, 0xff, 0xf2, 0x0,
    0x0, 0x0, 0x0, 0x0, 0x0, 0x9, 0xff, 0xff,
    0xf8, 0x0, 0x0, 0x0, 0x0, 0x0, 0x0, 0x3,
    0xff, 0xff, 0xfd, 0x0, 0x0, 0x0, 0x0, 0x0,
    0x0, 0x0, 0xdf, 0xff, 0xff, 0x40, 0x0, 0x0,
    0x0, 0x0, 0x0, 0x0, 0x7f, 0xff, 0xff, 0xa0,
    0x0, 0x0, 0x0, 0x0, 0x0, 0x0, 0x1f, 0xff,
    0xff, 0xf0, 0x0, 0x0, 0x0, 0x0, 0x0, 0x0,
    0xa, 0xff, 0xff, 0xf6, 0x0, 0x0, 0x0, 0x0,
    0x0, 0x0, 0x4, 0xff, 0xff, 0xfc, 0x0, 0x0,
    0x0, 0x0, 0x0, 0x0, 0x0, 0xef, 0xff, 0xff,
    0x20, 0x0, 0x0, 0x0, 0x0, 0x0, 0x0, 0x8f,
    0xff, 0xff, 0x80, 0x0, 0x0, 0x0, 0x0, 0x0,
    0x0, 0x2f, 0xff, 0xff, 0xe0, 0x0, 0x0, 0x0,
    0x0, 0x0, 0x0, 0xc, 0xff, 0xff, 0xf4, 0x0,
    0x0, 0x0, 0x0, 0x0, 0x0, 0x6, 0xff, 0xff,
    0xfa, 0x0, 0x0, 0x0, 0x0, 0x0, 0x0, 0x1,
    0xff, 0xff, 0xff, 0x10, 0x0, 0x0, 0x0, 0x0,
    0x0, 0x0, 0xaf, 0xff, 0xff, 0x60, 0x0, 0x0,
    0x0, 0x0, 0x0, 0x0, 0x4f, 0xff, 0xff, 0xc0,
    0x0, 0x0, 0x0, 0x0, 0x0, 0x0, 0xe, 0xff,
    0xff, 0xf2, 0x0, 0x0, 0x0, 0x0, 0x0, 0x0,
    0x8, 0xff, 0xff, 0xf8, 0x0, 0x0, 0x0, 0x0,
    0x0, 0x0, 0x2, 0xff, 0xff, 0xfe, 0x0, 0x0,
    0x0, 0x0, 0x0, 0x0, 0x0, 0xcf, 0xff, 0xff,
    0x40, 0x0, 0x0, 0x0, 0x0, 0x0, 0x0, 0x6f,
    0xff, 0xff, 0xa0, 0x0, 0x0, 0x0, 0x0, 0x0,
    0x0, 0x1f, 0xff, 0xff, 0xf1, 0x0, 0x0, 0x0,
    0x0, 0x0, 0x0, 0xa, 0xff, 0xff, 0xf7, 0x0,
    0x0, 0x0, 0x0, 0x0, 0x0, 0x4, 0xff, 0xff,
    0xfd, 0x0, 0x0, 0x0, 0x0, 0x0, 0x0, 0x0,
    0xef, 0xff, 0xff, 0x30, 0x0, 0x0, 0x0, 0x0,
    0x0, 0x0, 0x8f, 0xff, 0xff, 0x90, 0x0, 0x0,
    0x0, 0x0, 0x0, 0x0, 0x2f, 0xff, 0xff, 0xe0,
    0x0, 0x0, 0x0, 0x0, 0x0, 0x0, 0xc, 0xff,
    0xff, 0xf5,

    /* U+005D "]" */
    0x58, 0x88, 0x88, 0x88, 0x80, 0xbf, 0xff, 0xff,
    0xff, 0xf1, 0xbf, 0xff, 0xff, 0xff, 0xf1, 0xbf,
    0xff, 0xff, 0xff, 0xf1, 0xbf, 0xff, 0xff, 0xff,
    0xf1, 0x0, 0xc, 0xff, 0xff, 0xf1, 0x0, 0xc,
    0xff, 0xff, 0xf1, 0x0, 0xc, 0xff, 0xff, 0xf1,
    0x0, 0xc, 0xff, 0xff, 0xf1, 0x0, 0xc, 0xff,
    0xff, 0xf1, 0x0, 0xc, 0xff, 0xff, 0xf1, 0x0,
    0xc, 0xff, 0xff, 0xf1, 0x0, 0xc, 0xff, 0xff,
    0xf1, 0x0, 0xc, 0xff, 0xff, 0xf1, 0x0, 0xc,
    0xff, 0xff, 0xf1, 0x0, 0xc, 0xff, 0xff, 0xf1,
    0x0, 0xc, 0xff, 0xff, 0xf1, 0x0, 0xc, 0xff,
    0xff, 0xf1, 0x0, 0xc, 0xff, 0xff, 0xf1, 0x0,
    0xc, 0xff, 0xff, 0xf1, 0x0, 0xc, 0xff, 0xff,
    0xf1, 0x0, 0xc, 0xff, 0xff, 0xf1, 0x0, 0xc,
    0xff, 0xff, 0xf1, 0x0, 0xc, 0xff, 0xff, 0xf1,
    0x0, 0xc, 0xff, 0xff, 0xf1, 0x0, 0xc, 0xff,
    0xff, 0xf1, 0x0, 0xc, 0xff, 0xff, 0xf1, 0x0,
    0xc, 0xff, 0xff, 0xf1, 0x0, 0xc, 0xff, 0xff,
    0xf1, 0x0, 0xc, 0xff, 0xff, 0xf1, 0x0, 0xc,
    0xff, 0xff, 0xf1, 0x0, 0xc, 0xff, 0xff, 0xf1,
    0x0, 0xc, 0xff, 0xff, 0xf1, 0x0, 0xc, 0xff,
    0xff, 0xf1, 0x0, 0xc, 0xff, 0xff, 0xf1, 0x0,
    0xc, 0xff, 0xff, 0xf1, 0x0, 0xc, 0xff, 0xff,
    0xf1, 0x0, 0xc, 0xff, 0xff, 0xf1, 0x57, 0x7e,
    0xff, 0xff, 0xf1, 0xbf, 0xff, 0xff, 0xff, 0xf1,
    0xbf, 0xff, 0xff, 0xff, 0xf1, 0xbf, 0xff, 0xff,
    0xff, 0xf1, 0xbf, 0xff, 0xff, 0xff, 0xf1,

    /* U+005E "^" */
    0x0, 0x0, 0x0, 0x2f, 0xff, 0xf9, 0x0, 0x0,
    0x0, 0x0, 0x0, 0x0, 0x8f, 0xff, 0xff, 0x0,
    0x0, 0x0, 0x0, 0x0, 0x0, 0xef, 0xff, 0xff,
    0x60, 0x0, 0x0, 0x0, 0x0, 0x5, 0xff, 0xff,
    0xff, 0xc0, 0x0, 0x0, 0x0, 0x0, 0xc, 0xff,
    0xff, 0xff, 0xf3, 0x0, 0x0, 0x0, 0x0, 0x3f,
    0xff, 0xfe, 0xff, 0xf9, 0x0, 0x0, 0x0, 0x0,
    0x9f, 0xff, 0xd6, 0xff, 0xff, 0x10, 0x0, 0x0,
    0x0, 0xff, 0xff, 0x70, 0xff, 0xff, 0x70, 0x0,
    0x0, 0x6, 0xff, 0xff, 0x10, 0x9f, 0xff, 0xd0,
    0x0, 0x0, 0xd, 0xff, 0xfa, 0x0, 0x3f, 0xff,
    0xf4, 0x0, 0x0, 0x3f, 0xff, 0xf4, 0x0, 0xd,
    0xff, 0xfa, 0x0, 0x0, 0xaf, 0xff, 0xe0, 0x0,
    0x7, 0xff, 0xff, 0x10, 0x1, 0xff, 0xff, 0x80,
    0x0, 0x1, 0xff, 0xff, 0x70, 0x7, 0xff, 0xff,
    0x20, 0x0, 0x0, 0xbf, 0xff, 0xe0, 0xd, 0xff,
    0xfc, 0x0, 0x0, 0x0, 0x5f, 0xff, 0xf4,

    /* U+005F "_" */
    0x99, 0x99, 0x99, 0x99, 0x99, 0x99, 0x99, 0x99,
    0x99, 0x5f, 0xff, 0xff, 0xff, 0xff, 0xff, 0xff,
    0xff, 0xff, 0xfa, 0xff, 0xff, 0xff, 0xff, 0xff,
    0xff, 0xff, 0xff, 0xff, 0xaf, 0xff, 0xff, 0xff,
    0xff, 0xff, 0xff, 0xff, 0xff, 0xfa, 0xff, 0xff,
    0xff, 0xff, 0xff, 0xff, 0xff, 0xff, 0xff, 0xa0,

    /* U+0060 "`" */
    0x46, 0x66, 0x66, 0x40, 0x0, 0x2, 0xef, 0xff,
    0xff, 0x20, 0x0, 0x3, 0xff, 0xff, 0xfc, 0x0,
    0x0, 0x4, 0xff, 0xff, 0xf6, 0x0, 0x0, 0x6,
    0xff, 0xff, 0xf1, 0x0, 0x0, 0x8, 0xff, 0xff,
    0xa0, 0x0, 0x0, 0xa, 0xff, 0xff, 0x40,

    /* U+0061 "a" */
    0x0, 0x0, 0x1, 0x7b, 0xef, 0xff, 0xc9, 0x40,
    0x0, 0x0, 0x0, 0x0, 0x19, 0xff, 0xff, 0xff,
    0xff, 0xff, 0xc2, 0x0, 0x0, 0x0, 0x2e, 0xff,
    0xff, 0xff, 0xff, 0xff, 0xff, 0xf3, 0x0, 0x0,
    0x1e, 0xff, 0xff, 0xff, 0xff, 0xff, 0xff, 0xff,
    0xe1, 0x0, 0x8, 0xff, 0xff, 0xff, 0x95, 0x59,
    0xff, 0xff, 0xff, 0x80, 0x0, 0xef, 0xff, 0xff,
    0x40, 0x0, 0x6, 0xff, 0xff, 0xfe, 0x0, 0x1f,
    0xff, 0xff, 0xd0, 0x0, 0x0, 0xe, 0xff, 0xff,
    0xf1, 0x0, 0x0, 0x0, 0x0, 0x0, 0x0, 0x0,
    0xbf, 0xff, 0xff, 0x30, 0x0, 0x0, 0x0, 0x0,
    0x0, 0x0, 0xb, 0xff, 0xff, 0xf3, 0x0, 0x0,
    0x0, 0x59, 0xce, 0xff, 0xff, 0xff, 0xff, 0xff,
    0x30, 0x0, 0x7, 0xef, 0xff, 0xff, 0xff, 0xff,
    0xff, 0xff, 0xf3, 0x0, 0xb, 0xff, 0xff, 0xff,
    0xff, 0xff, 0xff, 0xff, 0xff, 0x30, 0x9, 0xff,
    0xff, 0xff, 0xc7, 0x66, 0x6d, 0xff, 0xff, 0xf3,
    0x1, 0xff, 0xff, 0xff, 0x50, 0x0, 0x0, 0xbf,
    0xff, 0xff, 0x30, 0x6f, 0xff, 0xff, 0x90, 0x0,
    0x0, 0xb, 0xff, 0xff, 0xf3, 0x9, 0xff, 0xff,
    0xf5, 0x0, 0x0, 0x0, 0xbf, 0xff, 0xff, 0x30,
    0xaf, 0xff, 0xff, 0x50, 0x0, 0x0, 0xe, 0xff,
    0xff, 0xf3, 0x8, 0xff, 0xff, 0xfc, 0x0, 0x0,
    0x1b, 0xff, 0xff, 0xff, 0x30, 0x4f, 0xff, 0xff,
    0xfe, 0x98, 0xaf, 0xff, 0xff, 0xff, 0xf3, 0x0,
    0xcf, 0xff, 0xff, 0xff, 0xff, 0xff, 0xff, 0xff,
    0xff, 0x40, 0x2, 0xef, 0xff, 0xff, 0xff, 0xff,
    0xfd, 0xff, 0xff, 0xf6, 0x0, 0x2, 0xcf, 0xff,
    0xff, 0xff, 0xf6, 0x5f, 0xff, 0xff, 0x90, 0x0,
    0x0, 0x5a, 0xef, 0xfd, 0x92, 0x1, 0xff, 0xff,
    0xfe, 0x0,

    /* U+0062 "b" */
    0xbf, 0xff, 0xff, 0x30, 0x0, 0x0, 0x0, 0x0,
    0x0, 0x0, 0xb, 0xff, 0xff, 0xf3, 0x0, 0x0,
    0x0, 0x0, 0x0, 0x0, 0x0, 0xbf, 0xff, 0xff,
    0x30, 0x0, 0x0, 0x0, 0x0, 0x0, 0x0, 0xb,
    0xff, 0xff, 0xf3, 0x0, 0x0, 0x0, 0x0, 0x0,
    0x0, 0x0, 0xbf, 0xff, 0xff, 0x30, 0x0, 0x0,
    0x0, 0x0, 0x0, 0x0, 0xb, 0xff, 0xff, 0xf3,
    0x0, 0x0, 0x0, 0x0, 0x0, 0x0, 0x0, 0xbf,
    0xff, 0xff, 0x30, 0x0, 0x0, 0x0, 0x0, 0x0,
    0x0, 0xb, 0xff, 0xff, 0xf3, 0x0, 0x0, 0x0,
    0x0, 0x0, 0x0, 0x0, 0xbf, 0xff, 0xff, 0x30,
    0x0, 0x0, 0x0, 0x0, 0x0, 0x0, 0xb, 0xff,
    0xff, 0xf3, 0x5, 0xbe, 0xff, 0xd8, 0x20, 0x0,
    0x0, 0xbf, 0xff, 0xff, 0x4c, 0xff, 0xff, 0xff,
    0xff, 0x70, 0x0, 0xb, 0xff, 0xff, 0xfe, 0xff,
    0xff, 0xff, 0xff, 0xff, 0x90, 0x0, 0xbf, 0xff,
    0xff, 0xff, 0xff, 0xff, 0xff, 0xff, 0xff, 0x50,
    0xb, 0xff, 0xff, 0xff, 0xff, 0xcb, 0xef, 0xff,
    0xff, 0xfe, 0x0, 0xbf, 0xff, 0xff, 0xf7, 0x0,
    0x0, 0x7f, 0xff, 0xff, 0xf5, 0xb, 0xff, 0xff,
    0xf8, 0x0, 0x0, 0x0, 0xaf, 0xff, 0xff, 0xa0,
    0xbf, 0xff, 0xff, 0x30, 0x0, 0x0, 0x2, 0xff,
    0xff, 0xfe, 0xb, 0xff, 0xff, 0xf3, 0x0, 0x0,
    0x0, 0xe, 0xff, 0xff, 0xf0, 0xbf, 0xff, 0xff,
    0x30, 0x0, 0x0, 0x0, 0xcf, 0xff, 0xff, 0x2b,
    0xff, 0xff, 0xf3, 0x0, 0x0, 0x0, 0xb, 0xff,
    0xff, 0xf3, 0xbf, 0xff, 0xff, 0x30, 0x0, 0x0,
    0x0, 0xaf, 0xff, 0xff, 0x4b, 0xff, 0xff, 0xf3,
    0x0, 0x0, 0x0, 0xb, 0xff, 0xff, 0xf3, 0xbf,
    0xff, 0xff, 0x30, 0x0, 0x0, 0x0, 0xcf, 0xff,
    0xff, 0x2b, 0xff, 0xff, 0xf3, 0x0, 0x0, 0x0,
    0xe, 0xff, 0xff, 0xf0, 0xbf, 0xff, 0xff, 0x30,
    0x0, 0x0, 0x2, 0xff, 0xff, 0xfe, 0xb, 0xff,
    0xff, 0xf8, 0x0, 0x0, 0x0, 0x8f, 0xff, 0xff,
    0xa0, 0xbf, 0xff, 0xff, 0xf7, 0x0, 0x0, 0x6f,
    0xff, 0xff, 0xf5, 0xb, 0xff, 0xff, 0xff, 0xff,
    0xcb, 0xef, 0xff, 0xff, 0xfd, 0x0, 0xbf, 0xff,
    0xff, 0xff, 0xff, 0xff, 0xff, 0xff, 0xff, 0x50,
    0xb, 0xff, 0xff, 0xed, 0xff, 0xff, 0xff, 0xff,
    0xff, 0x80, 0x0, 0xbf, 0xff, 0xfc, 0x1c, 0xff,
    0xff, 0xff, 0xff, 0x70, 0x0, 0xb, 0xff, 0xff,
    0xa0, 0x5, 0xbe, 0xff, 0xd8, 0x20, 0x0, 0x0,

    /* U+0063 "c" */
    0x0, 0x0, 0x0, 0x4a, 0xdf, 0xff, 0xda, 0x50,
    0x0, 0x0, 0x0, 0x0, 0x3d, 0xff, 0xff, 0xff,
    0xff, 0xfd, 0x30, 0x0, 0x0, 0x6, 0xff, 0xff,
    0xff, 0xff, 0xff, 0xff, 0xf5, 0x0, 0x0, 0x4f,
    0xff, 0xff, 0xff, 0xff, 0xff, 0xff, 0xff, 0x30,
    0x1, 0xef, 0xff, 0xff, 0xfc, 0xbd, 0xff, 0xff,
    0xff, 0xd0, 0x8, 0xff, 0xff, 0xfd, 0x20, 0x0,
    0x4e, 0xff, 0xff, 0xf4, 0xe, 0xff, 0xff, 0xf3,
    0x0, 0x0, 0x5, 0xff, 0xff, 0xf8, 0x3f, 0xff,
    0xff, 0xb0, 0x0, 0x0, 0x0, 0xef, 0xff, 0xfb,
    0x6f, 0xff, 0xff, 0x70, 0x0, 0x0, 0x0, 0x8a,
    0xaa, 0xa7, 0x8f, 0xff, 0xff, 0x50, 0x0, 0x0,
    0x0, 0x0, 0x0, 0x0, 0x9f, 0xff, 0xff, 0x40,
    0x0, 0x0, 0x0, 0x0, 0x0, 0x0, 0xaf, 0xff,
    0xff, 0x40, 0x0, 0x0, 0x0, 0x0, 0x0, 0x0,
    0x9f, 0xff, 0xff, 0x40, 0x0, 0x0, 0x0, 0x0,
    0x0, 0x0, 0x8f, 0xff, 0xff, 0x50, 0x0, 0x0,
    0x0, 0x0, 0x0, 0x0, 0x6f, 0xff, 0xff, 0x70,
    0x0, 0x0, 0x0, 0x11, 0x11, 0x11, 0x3f, 0xff,
    0xff, 0xb0, 0x0, 0x0, 0x0, 0xdf, 0xff, 0xfb,
    0xe, 0xff, 0xff, 0xf2, 0x0, 0x0, 0x3, 0xff,
    0xff, 0xf9, 0x7, 0xff, 0xff, 0xfd, 0x20, 0x0,
    0x3d, 0xff, 0xff, 0xf5, 0x0, 0xef, 0xff, 0xff,
    0xfc, 0xbd, 0xff, 0xff, 0xff, 0xd0, 0x0, 0x4f,
    0xff, 0xff, 0xff, 0xff, 0xff, 0xff, 0xff, 0x30,
    0x0, 0x6, 0xff, 0xff, 0xff, 0xff, 0xff, 0xff,
    0xf5, 0x0, 0x0, 0x0, 0x3d, 0xff, 0xff, 0xff,
    0xff, 0xfc, 0x30, 0x0, 0x0, 0x0, 0x0, 0x49,
    0xdf, 0xff, 0xd9, 0x40, 0x0, 0x0,

    /* U+0064 "d" */
    0x0, 0x0, 0x0, 0x0, 0x0, 0x0, 0x0, 0x9f,
    0xff, 0xff, 0x50, 0x0, 0x0, 0x0, 0x0, 0x0,
    0x0, 0x9, 0xff, 0xff, 0xf5, 0x0, 0x0, 0x0,
    0x0, 0x0, 0x0, 0x0, 0x9f, 0xff, 0xff, 0x50,
    0x0, 0x0, 0x0, 0x0, 0x0, 0x0, 0x9, 0xff,
    0xff, 0xf5, 0x0, 0x0, 0x0, 0x0, 0x0, 0x0,
    0x0, 0x9f, 0xff, 0xff, 0x50, 0x0, 0x0, 0x0,
    0x0, 0x0, 0x0, 0x9, 0xff, 0xff, 0xf5, 0x0,
    0x0, 0x0, 0x0, 0x0, 0x0, 0x0, 0x9f, 0xff,
    0xff, 0x50, 0x0, 0x0, 0x0, 0x0, 0x0, 0x0,
    0x9, 0xff, 0xff, 0xf5, 0x0, 0x0, 0x0, 0x0,
    0x0, 0x0, 0x0, 0x9f, 0xff, 0xff, 0x50, 0x0,
    0x0, 0x39, 0xdf, 0xfd, 0x92, 0x9, 0xff, 0xff,
    0xf5, 0x0, 0x0, 0xaf, 0xff, 0xff, 0xff, 0xf7,
    0x9f, 0xff, 0xff, 0x50, 0x0, 0xcf, 0xff, 0xff,
    0xff, 0xff, 0xfe, 0xff, 0xff, 0xf5, 0x0, 0x9f,
    0xff, 0xff, 0xff, 0xff, 0xff, 0xff, 0xff, 0xff,
    0x50, 0x3f, 0xff, 0xff, 0xff, 0xdb, 0xdf, 0xff,
    0xff, 0xff, 0xf5, 0xa, 0xff, 0xff, 0xff, 0x40,
    0x0, 0x2c, 0xff, 0xff, 0xff, 0x50, 0xff, 0xff,
    0xff, 0x50, 0x0, 0x0, 0x1e, 0xff, 0xff, 0xf5,
    0x3f, 0xff, 0xff, 0xd0, 0x0, 0x0, 0x0, 0x9f,
    0xff, 0xff, 0x56, 0xff, 0xff, 0xf9, 0x0, 0x0,
    0x0, 0x9, 0xff, 0xff, 0xf5, 0x8f, 0xff, 0xff,
    0x60, 0x0, 0x0, 0x0, 0x9f, 0xff, 0xff, 0x59,
    0xff, 0xff, 0xf5, 0x0, 0x0, 0x0, 0x9, 0xff,
    0xff, 0xf5, 0xaf, 0xff, 0xff, 0x40, 0x0, 0x0,
    0x0, 0x9f, 0xff, 0xff, 0x59, 0xff, 0xff, 0xf5,
    0x0, 0x0, 0x0, 0x9, 0xff, 0xff, 0xf5, 0x8f,
    0xff, 0xff, 0x60, 0x0, 0x0, 0x0, 0x9f, 0xff,
    0xff, 0x56, 0xff, 0xff, 0xf8, 0x0, 0x0, 0x0,
    0x9, 0xff, 0xff, 0xf5, 0x3f, 0xff, 0xff, 0xd0,
    0x0, 0x0, 0x0, 0x9f, 0xff, 0xff, 0x50, 0xff,
    0xff, 0xff, 0x50, 0x0, 0x0, 0x1e, 0xff, 0xff,
    0xf5, 0x9, 0xff, 0xff, 0xff, 0x40, 0x0, 0x2c,
    0xff, 0xff, 0xff, 0x50, 0x2f, 0xff, 0xff, 0xff,
    0xec, 0xdf, 0xff, 0xff, 0xff, 0xf5, 0x0, 0x9f,
    0xff, 0xff, 0xff, 0xff, 0xff, 0xff, 0xff, 0xff,
    0x50, 0x0, 0xcf, 0xff, 0xff, 0xff, 0xff, 0xfb,
    0xff, 0xff, 0xf5, 0x0, 0x0, 0xaf, 0xff, 0xff,
    0xff, 0xf7, 0x2f, 0xff, 0xff, 0x50, 0x0, 0x0,
    0x39, 0xdf, 0xfd, 0x92, 0x0, 0xff, 0xff, 0xf5,

    /* U+0065 "e" */
    0x0, 0x0, 0x0, 0x28, 0xce, 0xff, 0xeb, 0x61,
    0x0, 0x0, 0x0, 0x0, 0x1, 0xaf, 0xff, 0xff,
    0xff, 0xff, 0xf7, 0x0, 0x0, 0x0, 0x2, 0xef,
    0xff, 0xff, 0xff, 0xff, 0xff, 0xfa, 0x0, 0x0,
    0x1, 0xef, 0xff, 0xff, 0xff, 0xff, 0xff, 0xff,
    0xf8, 0x0, 0x0, 0xbf, 0xff, 0xff, 0xfe, 0xbb,
    0xff, 0xff, 0xff, 0xf3, 0x0, 0x4f, 0xff, 0xff,
    0xf6, 0x0, 0x0, 0x8f, 0xff, 0xff, 0xa0, 0xb,
    0xff, 0xff, 0xf8, 0x0, 0x0, 0x0, 0xbf, 0xff,
    0xff, 0x0, 0xff, 0xff, 0xff, 0x0, 0x0, 0x0,
    0x5, 0xff, 0xff, 0xf4, 0x4f, 0xff, 0xff, 0xb0,
    0x0, 0x0, 0x0, 0x3f, 0xff, 0xff, 0x76, 0xff,
    0xff, 0xff, 0xff, 0xff, 0xff, 0xff, 0xff, 0xff,
    0xf9, 0x8f, 0xff, 0xff, 0xff, 0xff, 0xff, 0xff,
    0xff, 0xff, 0xff, 0x98, 0xff, 0xff, 0xff, 0xff,
    0xff, 0xff, 0xff, 0xff, 0xff, 0xf9, 0x8f, 0xff,
    0xff, 0xff, 0xff, 0xff, 0xff, 0xff, 0xff, 0xff,
    0x97, 0xff, 0xff, 0xf7, 0x0, 0x0, 0x0, 0x0,
    0x0, 0x0, 0x0, 0x5f, 0xff, 0xff, 0xb0, 0x0,
    0x0, 0x0, 0x0, 0x0, 0x0, 0x1, 0xff, 0xff,
    0xff, 0x20, 0x0, 0x0, 0x0, 0x0, 0x10, 0x0,
    0xb, 0xff, 0xff, 0xfc, 0x0, 0x0, 0x0, 0x0,
    0x8e, 0x10, 0x0, 0x4f, 0xff, 0xff, 0xfc, 0x30,
    0x0, 0x3, 0xbf, 0xfd, 0x0, 0x0, 0xaf, 0xff,
    0xff, 0xff, 0xdb, 0xbe, 0xff, 0xff, 0xfb, 0x0,
    0x1, 0xdf, 0xff, 0xff, 0xff, 0xff, 0xff, 0xff,
    0xff, 0xa0, 0x0, 0x1, 0xcf, 0xff, 0xff, 0xff,
    0xff, 0xff, 0xff, 0xa0, 0x0, 0x0, 0x0, 0x7f,
    0xff, 0xff, 0xff, 0xff, 0xfe, 0x50, 0x0, 0x0,
    0x0, 0x0, 0x6, 0xad, 0xff, 0xfd, 0xa5, 0x0,
    0x0, 0x0,

    /* U+0066 "f" */
    0x0, 0x0, 0x0, 0x0, 0x27, 0xab, 0xb9, 0x70,
    0x0, 0x0, 0x0, 0x2b, 0xff, 0xff, 0xff, 0xf0,
    0x0, 0x0, 0x2, 0xef, 0xff, 0xff, 0xff, 0xf0,
    0x0, 0x0, 0xd, 0xff, 0xff, 0xff, 0xff, 0xf0,
    0x0, 0x0, 0x6f, 0xff, 0xff, 0xff, 0xff, 0xf0,
    0x0, 0x0, 0xcf, 0xff, 0xff, 0xe5, 0x0, 0x10,
    0x0, 0x0, 0xff, 0xff, 0xff, 0x30, 0x0, 0x0,
    0x0, 0x1, 0xff, 0xff, 0xfe, 0x0, 0x0, 0x0,
    0x0, 0x2, 0xff, 0xff, 0xfd, 0x0, 0x0, 0x0,
    0x0, 0x2, 0xff, 0xff, 0xfd, 0x0, 0x0, 0x0,
    0x6f, 0xff, 0xff, 0xff, 0xff, 0xff, 0xff, 0x40,
    0x6f, 0xff, 0xff, 0xff, 0xff, 0xff, 0xff, 0x40,
    0x6f, 0xff, 0xff, 0xff, 0xff, 0xff, 0xff, 0x40,
    0x6f, 0xff, 0xff, 0xff, 0xff, 0xff, 0xff, 0x40,
    0x14, 0x45, 0xff, 0xff, 0xfe, 0x44, 0x44, 0x10,
    0x0, 0x2, 0xff, 0xff, 0xfd, 0x0, 0x0, 0x0,
    0x0, 0x2, 0xff, 0xff, 0xfd, 0x0, 0x0, 0x0,
    0x0, 0x2, 0xff, 0xff, 0xfd, 0x0, 0x0, 0x0,
    0x0, 0x2, 0xff, 0xff, 0xfd, 0x0, 0x0, 0x0,
    0x0, 0x2, 0xff, 0xff, 0xfd, 0x0, 0x0, 0x0,
    0x0, 0x2, 0xff, 0xff, 0xfd, 0x0, 0x0, 0x0,
    0x0, 0x2, 0xff, 0xff, 0xfd, 0x0, 0x0, 0x0,
    0x0, 0x2, 0xff, 0xff, 0xfd, 0x0, 0x0, 0x0,
    0x0, 0x2, 0xff, 0xff, 0xfd, 0x0, 0x0, 0x0,
    0x0, 0x2, 0xff, 0xff, 0xfd, 0x0, 0x0, 0x0,
    0x0, 0x2, 0xff, 0xff, 0xfd, 0x0, 0x0, 0x0,
    0x0, 0x2, 0xff, 0xff, 0xfd, 0x0, 0x0, 0x0,
    0x0, 0x2, 0xff, 0xff, 0xfd, 0x0, 0x0, 0x0,
    0x0, 0x2, 0xff, 0xff, 0xfd, 0x0, 0x0, 0x0,
    0x0, 0x2, 0xff, 0xff, 0xfd, 0x0, 0x0, 0x0,
    0x0, 0x2, 0xff, 0xff, 0xfd, 0x0, 0x0, 0x0,
    0x0, 0x2, 0xff, 0xff, 0xfd, 0x0, 0x0, 0x0,
    0x0, 0x2, 0xff, 0xff, 0xfd, 0x0, 0x0, 0x0,

    /* U+0067 "g" */
    0x0, 0x0, 0x1, 0x8c, 0xff, 0xec, 0x70, 0xb,
    0xff, 0xff, 0xb0, 0x0, 0x7, 0xff, 0xff, 0xff,
    0xff, 0xe3, 0xcf, 0xff, 0xfb, 0x0, 0x9, 0xff,
    0xff, 0xff, 0xff, 0xff, 0xef, 0xff, 0xff, 0xb0,
    0x6, 0xff, 0xff, 0xff, 0xff, 0xff, 0xff, 0xff,
    0xff, 0xfb, 0x1, 0xff, 0xff, 0xff, 0xfe, 0xbc,
    0xef, 0xff, 0xff, 0xff, 0xb0, 0x8f, 0xff, 0xff,
    0xf8, 0x0, 0x0, 0x6f, 0xff, 0xff, 0xfb, 0xd,
    0xff, 0xff, 0xf9, 0x0, 0x0, 0x0, 0x6f, 0xff,
    0xff, 0xb2, 0xff, 0xff, 0xff, 0x10, 0x0, 0x0,
    0x3, 0xff, 0xff, 0xfb, 0x5f, 0xff, 0xff, 0xa0,
    0x0, 0x0, 0x0, 0x3f, 0xff, 0xff, 0xb7, 0xff,
    0xff, 0xf7, 0x0, 0x0, 0x0, 0x3, 0xff, 0xff,
    0xfb, 0x8f, 0xff, 0xff, 0x50, 0x0, 0x0, 0x0,
    0x3f, 0xff, 0xff, 0xb9, 0xff, 0xff, 0xf5, 0x0,
    0x0, 0x0, 0x3, 0xff, 0xff, 0xfb, 0x8f, 0xff,
    0xff, 0x50, 0x0, 0x0, 0x0, 0x3f, 0xff, 0xff,
    0xb7, 0xff, 0xff, 0xf7, 0x0, 0x0, 0x0, 0x3,
    0xff, 0xff, 0xfb, 0x5f, 0xff, 0xff, 0xa0, 0x0,
    0x0, 0x0, 0x3f, 0xff, 0xff, 0xb2, 0xff, 0xff,
    0xff, 0x0, 0x0, 0x0, 0x3, 0xff, 0xff, 0xfb,
    0xd, 0xff, 0xff, 0xf8, 0x0, 0x0, 0x0, 0x7f,
    0xff, 0xff, 0xb0, 0x7f, 0xff, 0xff, 0xf7, 0x0,
    0x0, 0x7f, 0xff, 0xff, 0xfb, 0x1, 0xef, 0xff,
    0xff, 0xff, 0xcc, 0xff, 0xff, 0xff, 0xff, 0xb0,
    0x5, 0xff, 0xff, 0xff, 0xff, 0xff, 0xff, 0xff,
    0xff, 0xfb, 0x0, 0x8, 0xff, 0xff, 0xff, 0xff,
    0xff, 0xff, 0xff, 0xff, 0xb0, 0x0, 0x6, 0xff,
    0xff, 0xff, 0xff, 0xc5, 0xff, 0xff, 0xfb, 0x0,
    0x0, 0x1, 0x8c, 0xff, 0xeb, 0x50, 0x3f, 0xff,
    0xff, 0xb0, 0x0, 0x0, 0x0, 0x0, 0x0, 0x0,
    0x5, 0xff, 0xff, 0xfa, 0x0, 0x0, 0x20, 0x0,
    0x0, 0x0, 0x0, 0x9f, 0xff, 0xff, 0x70, 0x0,
    0x3f, 0x40, 0x0, 0x0, 0x0, 0x1f, 0xff, 0xff,
    0xf4, 0x0, 0xd, 0xff, 0x70, 0x0, 0x0, 0x2d,
    0xff, 0xff, 0xfe, 0x0, 0x9, 0xff, 0xff, 0xea,
    0x89, 0xcf, 0xff, 0xff, 0xff, 0x60, 0x0, 0xff,
    0xff, 0xff, 0xff, 0xff, 0xff, 0xff, 0xff, 0xa0,
    0x0, 0x4, 0xef, 0xff, 0xff, 0xff, 0xff, 0xff,
    0xff, 0xa0, 0x0, 0x0, 0x1, 0xaf, 0xff, 0xff,
    0xff, 0xff, 0xfe, 0x60, 0x0, 0x0, 0x0, 0x0,
    0x17, 0xbe, 0xff, 0xec, 0x95, 0x0, 0x0, 0x0,

    /* U+0068 "h" */
    0xdf, 0xff, 0xff, 0x10, 0x0, 0x0, 0x0, 0x0,
    0x0, 0x0, 0xdf, 0xff, 0xff, 0x10, 0x0, 0x0,
    0x0, 0x0, 0x0, 0x0, 0xdf, 0xff, 0xff, 0x10,
    0x0, 0x0, 0x0, 0x0, 0x0, 0x0, 0xdf, 0xff,
    0xff, 0x10, 0x0, 0x0, 0x0, 0x0, 0x0, 0x0,
    0xdf, 0xff, 0xff, 0x10, 0x0, 0x0, 0x0, 0x0,
    0x0, 0x0, 0xdf, 0xff, 0xff, 0x10, 0x0, 0x0,
    0x0, 0x0, 0x0, 0x0, 0xdf, 0xff, 0xff, 0x10,
    0x0, 0x0, 0x0, 0x0, 0x0, 0x0, 0xdf, 0xff,
    0xff, 0x10, 0x0, 0x0, 0x0, 0x0, 0x0, 0x0,
    0xdf, 0xff, 0xff, 0x10, 0x0, 0x0, 0x0, 0x0,
    0x0, 0x0, 0xdf, 0xff, 0xff, 0x10, 0x29, 0xdf,
    0xfe, 0xa4, 0x0, 0x0, 0xdf, 0xff, 0xff, 0x17,
    0xff, 0xff, 0xff, 0xff, 0xb0, 0x0, 0xdf, 0xff,
    0xff, 0x9f, 0xff, 0xff, 0xff, 0xff, 0xfb, 0x0,
    0xdf, 0xff, 0xff, 0xff, 0xff, 0xff, 0xff, 0xff,
    0xff, 0x50, 0xdf, 0xff, 0xff, 0xff, 0xeb, 0xcf,
    0xff, 0xff, 0xff, 0xb0, 0xdf, 0xff, 0xff, 0xf5,
    0x0, 0x0, 0xaf, 0xff, 0xff, 0xf0, 0xdf, 0xff,
    0xff, 0x50, 0x0, 0x0, 0xe, 0xff, 0xff, 0xf3,
    0xdf, 0xff, 0xff, 0x10, 0x0, 0x0, 0xa, 0xff,
    0xff, 0xf4, 0xdf, 0xff, 0xff, 0x10, 0x0, 0x0,
    0x9, 0xff, 0xff, 0xf5, 0xdf, 0xff, 0xff, 0x10,
    0x0, 0x0, 0x9, 0xff, 0xff, 0xf5, 0xdf, 0xff,
    0xff, 0x10, 0x0, 0x0, 0x9, 0xff, 0xff, 0xf5,
    0xdf, 0xff, 0xff, 0x10, 0x0, 0x0, 0x9, 0xff,
    0xff, 0xf5, 0xdf, 0xff, 0xff, 0x10, 0x0, 0x0,
    0x9, 0xff, 0xff, 0xf5, 0xdf, 0xff, 0xff, 0x10,
    0x0, 0x0, 0x9, 0xff, 0xff, 0xf5, 0xdf, 0xff,
    0xff, 0x10, 0x0, 0x0, 0x9, 0xff, 0xff, 0xf5,
    0xdf, 0xff, 0xff, 0x10, 0x0, 0x0, 0x9, 0xff,
    0xff, 0xf5, 0xdf, 0xff, 0xff, 0x10, 0x0, 0x0,
    0x9, 0xff, 0xff, 0xf5, 0xdf, 0xff, 0xff, 0x10,
    0x0, 0x0, 0x9, 0xff, 0xff, 0xf5, 0xdf, 0xff,
    0xff, 0x10, 0x0, 0x0, 0x9, 0xff, 0xff, 0xf5,
    0xdf, 0xff, 0xff, 0x10, 0x0, 0x0, 0x9, 0xff,
    0xff, 0xf5, 0xdf, 0xff, 0xff, 0x10, 0x0, 0x0,
    0x9, 0xff, 0xff, 0xf5, 0xdf, 0xff, 0xff, 0x10,
    0x0, 0x0, 0x9, 0xff, 0xff, 0xf5, 0xdf, 0xff,
    0xff, 0x10, 0x0, 0x0, 0x9, 0xff, 0xff, 0xf5,

    /* U+0069 "i" */
    0x6, 0xdf, 0xe7, 0x5, 0xff, 0xff, 0xf7, 0xbf,
    0xff, 0xff, 0xdb, 0xff, 0xff, 0xfd, 0x5f, 0xff,
    0xff, 0x70, 0x7e, 0xfe, 0x80, 0x0, 0x0, 0x0,
    0x0, 0x0, 0x0, 0x0, 0x0, 0x0, 0x0, 0x6,
    0xff, 0xff, 0xf8, 0x6f, 0xff, 0xff, 0x86, 0xff,
    0xff, 0xf8, 0x6f, 0xff, 0xff, 0x86, 0xff, 0xff,
    0xf8, 0x6f, 0xff, 0xff, 0x86, 0xff, 0xff, 0xf8,
    0x6f, 0xff, 0xff, 0x86, 0xff, 0xff, 0xf8, 0x6f,
    0xff, 0xff, 0x86, 0xff, 0xff, 0xf8, 0x6f, 0xff,
    0xff, 0x86, 0xff, 0xff, 0xf8, 0x6f, 0xff, 0xff,
    0x86, 0xff, 0xff, 0xf8, 0x6f, 0xff, 0xff, 0x86,
    0xff, 0xff, 0xf8, 0x6f, 0xff, 0xff, 0x86, 0xff,
    0xff, 0xf8, 0x6f, 0xff, 0xff, 0x86, 0xff, 0xff,
    0xf8, 0x6f, 0xff, 0xff, 0x86, 0xff, 0xff, 0xf8,

    /* U+006A "j" */
    0x0, 0x0, 0x0, 0x7d, 0xfd, 0x60, 0x0, 0x0,
    0x6, 0xff, 0xff, 0xf6, 0x0, 0x0, 0xc, 0xff,
    0xff, 0xfb, 0x0, 0x0, 0xc, 0xff, 0xff, 0xfb,
    0x0, 0x0, 0x7, 0xff, 0xff, 0xf6, 0x0, 0x0,
    0x0, 0x7e, 0xfe, 0x70, 0x0, 0x0, 0x0, 0x0,
    0x0, 0x0, 0x0, 0x0, 0x0, 0x0, 0x0, 0x0,
    0x0, 0x0, 0x0, 0x0, 0x0, 0x0, 0x0, 0x0,
    0x6, 0xff, 0xff, 0xf8, 0x0, 0x0, 0x6, 0xff,
    0xff, 0xf8, 0x0, 0x0, 0x6, 0xff, 0xff, 0xf8,
    0x0, 0x0, 0x6, 0xff, 0xff, 0xf8, 0x0, 0x0,
    0x6, 0xff, 0xff, 0xf8, 0x0, 0x0, 0x6, 0xff,
    0xff, 0xf8, 0x0, 0x0, 0x6, 0xff, 0xff, 0xf8,
    0x0, 0x0, 0x6, 0xff, 0xff, 0xf8, 0x0, 0x0,
    0x6, 0xff, 0xff, 0xf8, 0x0, 0x0, 0x6, 0xff,
    0xff, 0xf8, 0x0, 0x0, 0x6, 0xff, 0xff, 0xf8,
    0x0, 0x0, 0x6, 0xff, 0xff, 0xf8, 0x0, 0x0,
    0x6, 0xff, 0xff, 0xf8, 0x0, 0x0, 0x6, 0xff,
    0xff, 0xf8, 0x0, 0x0, 0x6, 0xff, 0xff, 0xf8,
    0x0, 0x0, 0x6, 0xff, 0xff, 0xf8, 0x0, 0x0,
    0x6, 0xff, 0xff, 0xf8, 0x0, 0x0, 0x6, 0xff,
    0xff, 0xf8, 0x0, 0x0, 0x6, 0xff, 0xff, 0xf8,
    0x0, 0x0, 0x6, 0xff, 0xff, 0xf8, 0x0, 0x0,
    0x6, 0xff, 0xff, 0xf8, 0x0, 0x0, 0x6, 0xff,
    0xff, 0xf8, 0x0, 0x0, 0x6, 0xff, 0xff, 0xf8,
    0x0, 0x0, 0x6, 0xff, 0xff, 0xf8, 0x0, 0x0,
    0x6, 0xff, 0xff, 0xf8, 0x0, 0x0, 0x8, 0xff,
    0xff, 0xf7, 0x0, 0x0, 0x3f, 0xff, 0xff, 0xf4,
    0xe, 0xcd, 0xff, 0xff, 0xff, 0xf0, 0x1f, 0xff,
    0xff, 0xff, 0xff, 0x90, 0x1f, 0xff, 0xff, 0xff,
    0xfd, 0x10, 0x1f, 0xff, 0xff, 0xff, 0xc1, 0x0,
    0xc, 0xef, 0xfe, 0xa5, 0x0, 0x0,

    /* U+006B "k" */
    0xbf, 0xff, 0xff, 0x30, 0x0, 0x0, 0x0, 0x0,
    0x0, 0x0, 0xb, 0xff, 0xff, 0xf3, 0x0, 0x0,
    0x0, 0x0, 0x0, 0x0, 0x0, 0xbf, 0xff, 0xff,
    0x30, 0x0, 0x0, 0x0, 0x0, 0x0, 0x0, 0xb,
    0xff, 0xff, 0xf3, 0x0, 0x0, 0x0, 0x0, 0x0,
    0x0, 0x0, 0xbf, 0xff, 0xff, 0x30, 0x0, 0x0,
    0x0, 0x0, 0x0, 0x0, 0xb, 0xff, 0xff, 0xf3,
    0x0, 0x0, 0x0, 0x0, 0x0, 0x0, 0x0, 0xbf,
    0xff, 0xff, 0x30, 0x0, 0x0, 0x0, 0x0, 0x0,
    0x0, 0xb, 0xff, 0xff, 0xf3, 0x0, 0x0, 0x0,
    0x0, 0x0, 0x0, 0x0, 0xbf, 0xff, 0xff, 0x30,
    0x0, 0x0, 0x0, 0x0, 0x0, 0x0, 0xb, 0xff,
    0xff, 0xf3, 0x0, 0x0, 0x5, 0xff, 0xff, 0xff,
    0xb0, 0xbf, 0xff, 0xff, 0x30, 0x0, 0x2, 0xff,
    0xff, 0xff, 0xd1, 0xb, 0xff, 0xff, 0xf3, 0x0,
    0x1, 0xef, 0xff, 0xff, 0xe2, 0x0, 0xbf, 0xff,
    0xff, 0x30, 0x0, 0xcf, 0xff, 0xff, 0xf3, 0x0,
    0xb, 0xff, 0xff, 0xf3, 0x0, 0x9f, 0xff, 0xff,
    0xf6, 0x0, 0x0, 0xbf, 0xff, 0xff, 0x30, 0x6f,
    0xff, 0xff, 0xf8, 0x0, 0x0, 0xb, 0xff, 0xff,
    0xf3, 0x4f, 0xff, 0xff, 0xfa, 0x0, 0x0, 0x0,
    0xbf, 0xff, 0xff, 0x5e, 0xff, 0xff, 0xfc, 0x0,
    0x0, 0x0, 0xb, 0xff, 0xff, 0xfe, 0xff, 0xff,
    0xfe, 0x10, 0x0, 0x0, 0x0, 0xbf, 0xff, 0xff,
    0xff, 0xff, 0xff, 0x50, 0x0, 0x0, 0x0, 0xb,
    0xff, 0xff, 0xff, 0xff, 0xff, 0xfc, 0x0, 0x0,
    0x0, 0x0, 0xbf, 0xff, 0xff, 0xff, 0xff, 0xff,
    0xf6, 0x0, 0x0, 0x0, 0xb, 0xff, 0xff, 0xff,
    0xff, 0xff, 0xff, 0xf1, 0x0, 0x0, 0x0, 0xbf,
    0xff, 0xff, 0xff, 0xff, 0xff, 0xff, 0xb0, 0x0,
    0x0, 0xb, 0xff, 0xff, 0xff, 0x93, 0xff, 0xff,
    0xff, 0x50, 0x0, 0x0, 0xbf, 0xff, 0xff, 0xa0,
    0x9, 0xff, 0xff, 0xfe, 0x10, 0x0, 0xb, 0xff,
    0xff, 0xf3, 0x0, 0xe, 0xff, 0xff, 0xfa, 0x0,
    0x0, 0xbf, 0xff, 0xff, 0x30, 0x0, 0x5f, 0xff,
    0xff, 0xf4, 0x0, 0xb, 0xff, 0xff, 0xf3, 0x0,
    0x0, 0xbf, 0xff, 0xff, 0xe0, 0x0, 0xbf, 0xff,
    0xff, 0x30, 0x0, 0x2, 0xff, 0xff, 0xff, 0x90,
    0xb, 0xff, 0xff, 0xf3, 0x0, 0x0, 0x7, 0xff,
    0xff, 0xff, 0x30, 0xbf, 0xff, 0xff, 0x30, 0x0,
    0x0, 0xd, 0xff, 0xff, 0xfd, 0xb, 0xff, 0xff,
    0xf3, 0x0, 0x0, 0x0, 0x4f, 0xff, 0xff, 0xf8,

    /* U+006C "l" */
    0x6f, 0xff, 0xff, 0x86, 0xff, 0xff, 0xf8, 0x6f,
    0xff, 0xff, 0x86, 0xff, 0xff, 0xf8, 0x6f, 0xff,
    0xff, 0x86, 0xff, 0xff, 0xf8, 0x6f, 0xff, 0xff,
    0x86, 0xff, 0xff, 0xf8, 0x6f, 0xff, 0xff, 0x86,
    0xff, 0xff, 0xf8, 0x6f, 0xff, 0xff, 0x86, 0xff,
    0xff, 0xf8, 0x6f, 0xff, 0xff, 0x86, 0xff, 0xff,
    0xf8, 0x6f, 0xff, 0xff, 0x86, 0xff, 0xff, 0xf8,
    0x6f, 0xff, 0xff, 0x86, 0xff, 0xff, 0xf8, 0x6f,
    0xff, 0xff, 0x86, 0xff, 0xff, 0xf8, 0x6f, 0xff,
    0xff, 0x86, 0xff, 0xff, 0xf8, 0x6f, 0xff, 0xff,
    0x86, 0xff, 0xff, 0xf8, 0x6f, 0xff, 0xff, 0x86,
    0xff, 0xff, 0xf8, 0x6f, 0xff, 0xff, 0x86, 0xff,
    0xff, 0xf8, 0x6f, 0xff, 0xff, 0x86, 0xff, 0xff,
    0xf8, 0x6f, 0xff, 0xff, 0x86, 0xff, 0xff, 0xf8,

    /* U+006D "m" */
    0xbf, 0xff, 0xfd, 0x0, 0x28, 0xcf, 0xfe, 0xb6,
    0x0, 0x0, 0x4, 0xae, 0xff, 0xea, 0x40, 0x0,
    0xb, 0xff, 0xff, 0xf0, 0x7f, 0xff, 0xff, 0xff,
    0xfc, 0x10, 0x1c, 0xff, 0xff, 0xff, 0xff, 0xa0,
    0x0, 0xbf, 0xff, 0xff, 0x9f, 0xff, 0xff, 0xff,
    0xff, 0xfc, 0x1e, 0xff, 0xff, 0xff, 0xff, 0xff,
    0x90, 0xb, 0xff, 0xff, 0xff, 0xff, 0xff, 0xff,
    0xff, 0xff, 0xfe, 0xff, 0xff, 0xff, 0xff, 0xff,
    0xff, 0x20, 0xbf, 0xff, 0xff, 0xff, 0xeb, 0xcf,
    0xff, 0xff, 0xff, 0xff, 0xfe, 0xbc, 0xff, 0xff,
    0xff, 0xf9, 0xb, 0xff, 0xff, 0xff, 0x60, 0x0,
    0xb, 0xff, 0xff, 0xff, 0xf6, 0x0, 0x0, 0xbf,
    0xff, 0xff, 0xd0, 0xbf, 0xff, 0xff, 0x70, 0x0,
    0x0, 0x1f, 0xff, 0xff, 0xf7, 0x0, 0x0, 0x2,
    0xff, 0xff, 0xff, 0xb, 0xff, 0xff, 0xf3, 0x0,
    0x0, 0x0, 0xdf, 0xff, 0xff, 0x20, 0x0, 0x0,
    0xe, 0xff, 0xff, 0xf1, 0xbf, 0xff, 0xff, 0x30,
    0x0, 0x0, 0xc, 0xff, 0xff, 0xf2, 0x0, 0x0,
    0x0, 0xdf, 0xff, 0xff, 0x1b, 0xff, 0xff, 0xf3,
    0x0, 0x0, 0x0, 0xcf, 0xff, 0xff, 0x20, 0x0,
    0x0, 0xd, 0xff, 0xff, 0xf1, 0xbf, 0xff, 0xff,
    0x30, 0x0, 0x0, 0xc, 0xff, 0xff, 0xf2, 0x0,
    0x0, 0x0, 0xdf, 0xff, 0xff, 0x1b, 0xff, 0xff,
    0xf3, 0x0, 0x0, 0x0, 0xcf, 0xff, 0xff, 0x20,
    0x0, 0x0, 0xd, 0xff, 0xff, 0xf1, 0xbf, 0xff,
    0xff, 0x30, 0x0, 0x0, 0xc, 0xff, 0xff, 0xf2,
    0x0, 0x0, 0x0, 0xdf, 0xff, 0xff, 0x1b, 0xff,
    0xff, 0xf3, 0x0, 0x0, 0x0, 0xcf, 0xff, 0xff,
    0x20, 0x0, 0x0, 0xd, 0xff, 0xff, 0xf1, 0xbf,
    0xff, 0xff, 0x30, 0x0, 0x0, 0xc, 0xff, 0xff,
    0xf2, 0x0, 0x0, 0x0, 0xdf, 0xff, 0xff, 0x1b,
    0xff, 0xff, 0xf3, 0x0, 0x0, 0x0, 0xcf, 0xff,
    0xff, 0x20, 0x0, 0x0, 0xd, 0xff, 0xff, 0xf1,
    0xbf, 0xff, 0xff, 0x30, 0x0, 0x0, 0xc, 0xff,
    0xff, 0xf2, 0x0, 0x0, 0x0, 0xdf, 0xff, 0xff,
    0x1b, 0xff, 0xff, 0xf3, 0x0, 0x0, 0x0, 0xcf,
    0xff, 0xff, 0x20, 0x0, 0x0, 0xd, 0xff, 0xff,
    0xf1, 0xbf, 0xff, 0xff, 0x30, 0x0, 0x0, 0xc,
    0xff, 0xff, 0xf2, 0x0, 0x0, 0x0, 0xdf, 0xff,
    0xff, 0x1b, 0xff, 0xff, 0xf3, 0x0, 0x0, 0x0,
    0xcf, 0xff, 0xff, 0x20, 0x0, 0x0, 0xd, 0xff,
    0xff, 0xf1, 0xbf, 0xff, 0xff, 0x30, 0x0, 0x0,
    0xc, 0xff, 0xff, 0xf2, 0x0, 0x0, 0x0, 0xdf,
    0xff, 0xff, 0x1b, 0xff, 0xff, 0xf3, 0x0, 0x0,
    0x0, 0xcf, 0xff, 0xff, 0x20, 0x0, 0x0, 0xd,
    0xff, 0xff, 0xf1, 0xbf, 0xff, 0xff, 0x30, 0x0,
    0x0, 0xc, 0xff, 0xff, 0xf2, 0x0, 0x0, 0x0,
    0xdf, 0xff, 0xff, 0x10,

    /* U+006E "n" */
    0xdf, 0xff, 0xfc, 0x0, 0x28, 0xdf, 0xfe, 0xb6,
    0x0, 0x0, 0xdf, 0xff, 0xfd, 0x8, 0xff, 0xff,
    0xff, 0xff, 0xd1, 0x0, 0xdf, 0xff, 0xfe, 0xaf,
    0xff, 0xff, 0xff, 0xff, 0xfd, 0x0, 0xdf, 0xff,
    0xff, 0xff, 0xff, 0xff, 0xff, 0xff, 0xff, 0x60,
    0xdf, 0xff, 0xff, 0xff, 0xeb, 0xcf, 0xff, 0xff,
    0xff, 0xd0, 0xdf, 0xff, 0xff, 0xf5, 0x0, 0x0,
    0x9f, 0xff, 0xff, 0xf1, 0xdf, 0xff, 0xff, 0x50,
    0x0, 0x0, 0xe, 0xff, 0xff, 0xf3, 0xdf, 0xff,
    0xff, 0x10, 0x0, 0x0, 0xa, 0xff, 0xff, 0xf4,
    0xdf, 0xff, 0xff, 0x10, 0x0, 0x0, 0x9, 0xff,
    0xff, 0xf5, 0xdf, 0xff, 0xff, 0x10, 0x0, 0x0,
    0x9, 0xff, 0xff, 0xf5, 0xdf, 0xff, 0xff, 0x10,
    0x0, 0x0, 0x9, 0xff, 0xff, 0xf5, 0xdf, 0xff,
    0xff, 0x10, 0x0, 0x0, 0x9, 0xff, 0xff, 0xf5,
    0xdf, 0xff, 0xff, 0x10, 0x0, 0x0, 0x9, 0xff,
    0xff, 0xf5, 0xdf, 0xff, 0xff, 0x10, 0x0, 0x0,
    0x9, 0xff, 0xff, 0xf5, 0xdf, 0xff, 0xff, 0x10,
    0x0, 0x0, 0x9, 0xff, 0xff, 0xf5, 0xdf, 0xff,
    0xff, 0x10, 0x0, 0x0, 0x9, 0xff, 0xff, 0xf5,
    0xdf, 0xff, 0xff, 0x10, 0x0, 0x0, 0x9, 0xff,
    0xff, 0xf5, 0xdf, 0xff, 0xff, 0x10, 0x0, 0x0,
    0x9, 0xff, 0xff, 0xf5, 0xdf, 0xff, 0xff, 0x10,
    0x0, 0x0, 0x9, 0xff, 0xff, 0xf5, 0xdf, 0xff,
    0xff, 0x10, 0x0, 0x0, 0x9, 0xff, 0xff, 0xf5,
    0xdf, 0xff, 0xff, 0x10, 0x0, 0x0, 0x9, 0xff,
    0xff, 0xf5, 0xdf, 0xff, 0xff, 0x10, 0x0, 0x0,
    0x9, 0xff, 0xff, 0xf5, 0xdf, 0xff, 0xff, 0x10,
    0x0, 0x0, 0x9, 0xff, 0xff, 0xf5,

    /* U+006F "o" */
    0x0, 0x0, 0x0, 0x38, 0xce, 0xff, 0xeb, 0x71,
    0x0, 0x0, 0x0, 0x0, 0x0, 0x2b, 0xff, 0xff,
    0xff, 0xff, 0xff, 0x80, 0x0, 0x0, 0x0, 0x4,
    0xef, 0xff, 0xff, 0xff, 0xff, 0xff, 0xfc, 0x10,
    0x0, 0x0, 0x2f, 0xff, 0xff, 0xff, 0xff, 0xff,
    0xff, 0xff, 0xd0, 0x0, 0x0, 0xdf, 0xff, 0xff,
    0xfe, 0xbb, 0xff, 0xff, 0xff, 0xf9, 0x0, 0x6,
    0xff, 0xff, 0xff, 0x60, 0x0, 0xa, 0xff, 0xff,
    0xff, 0x20, 0xd, 0xff, 0xff, 0xf6, 0x0, 0x0,
    0x0, 0xbf, 0xff, 0xff, 0x90, 0x2f, 0xff, 0xff,
    0xe0, 0x0, 0x0, 0x0, 0x3f, 0xff, 0xff, 0xe0,
    0x6f, 0xff, 0xff, 0x90, 0x0, 0x0, 0x0, 0xe,
    0xff, 0xff, 0xf1, 0x8f, 0xff, 0xff, 0x60, 0x0,
    0x0, 0x0, 0xa, 0xff, 0xff, 0xf4, 0x9f, 0xff,
    0xff, 0x40, 0x0, 0x0, 0x0, 0x9, 0xff, 0xff,
    0xf5, 0xaf, 0xff, 0xff, 0x40, 0x0, 0x0, 0x0,
    0x8, 0xff, 0xff, 0xf6, 0x9f, 0xff, 0xff, 0x40,
    0x0, 0x0, 0x0, 0x9, 0xff, 0xff, 0xf5, 0x8f,
    0xff, 0xff, 0x60, 0x0, 0x0, 0x0, 0xa, 0xff,
    0xff, 0xf4, 0x6f, 0xff, 0xff, 0x90, 0x0, 0x0,
    0x0, 0xd, 0xff, 0xff, 0xf1, 0x2f, 0xff, 0xff,
    0xd0, 0x0, 0x0, 0x0, 0x2f, 0xff, 0xff, 0xe0,
    0xd, 0xff, 0xff, 0xf6, 0x0, 0x0, 0x0, 0xbf,
    0xff, 0xff, 0x90, 0x6, 0xff, 0xff, 0xff, 0x50,
    0x0, 0x9, 0xff, 0xff, 0xff, 0x20, 0x0, 0xdf,
    0xff, 0xff, 0xfe, 0xbc, 0xff, 0xff, 0xff, 0xf9,
    0x0, 0x0, 0x2f, 0xff, 0xff, 0xff, 0xff, 0xff,
    0xff, 0xff, 0xd0, 0x0, 0x0, 0x3, 0xef, 0xff,
    0xff, 0xff, 0xff, 0xff, 0xfd, 0x10, 0x0, 0x0,
    0x0, 0x2b, 0xff, 0xff, 0xff, 0xff, 0xff, 0x80,
    0x0, 0x0, 0x0, 0x0, 0x0, 0x28, 0xce, 0xff,
    0xeb, 0x71, 0x0, 0x0, 0x0,

    /* U+0070 "p" */
    0xbf, 0xff, 0xfd, 0x0, 0x5b, 0xef, 0xfc, 0x81,
    0x0, 0x0, 0xb, 0xff, 0xff, 0xe1, 0xcf, 0xff,
    0xff, 0xff, 0xf7, 0x0, 0x0, 0xbf, 0xff, 0xff,
    0xdf, 0xff, 0xff, 0xff, 0xff, 0xf8, 0x0, 0xb,
    0xff, 0xff, 0xff, 0xff, 0xff, 0xff, 0xff, 0xff,
    0xf4, 0x0, 0xbf, 0xff, 0xff, 0xff, 0xec, 0xcf,
    0xff, 0xff, 0xff, 0xd0, 0xb, 0xff, 0xff, 0xff,
    0x60, 0x0, 0x9, 0xff, 0xff, 0xff, 0x40, 0xbf,
    0xff, 0xff, 0x70, 0x0, 0x0, 0xb, 0xff, 0xff,
    0xfa, 0xb, 0xff, 0xff, 0xf3, 0x0, 0x0, 0x0,
    0x3f, 0xff, 0xff, 0xe0, 0xbf, 0xff, 0xff, 0x30,
    0x0, 0x0, 0x0, 0xff, 0xff, 0xff, 0xb, 0xff,
    0xff, 0xf3, 0x0, 0x0, 0x0, 0xc, 0xff, 0xff,
    0xf2, 0xbf, 0xff, 0xff, 0x30, 0x0, 0x0, 0x0,
    0xbf, 0xff, 0xff, 0x3b, 0xff, 0xff, 0xf3, 0x0,
    0x0, 0x0, 0xa, 0xff, 0xff, 0xf4, 0xbf, 0xff,
    0xff, 0x30, 0x0, 0x0, 0x0, 0xbf, 0xff, 0xff,
    0x3b, 0xff, 0xff, 0xf3, 0x0, 0x0, 0x0, 0xc,
    0xff, 0xff, 0xf2, 0xbf, 0xff, 0xff, 0x30, 0x0,
    0x0, 0x0, 0xff, 0xff, 0xff, 0xb, 0xff, 0xff,
    0xf3, 0x0, 0x0, 0x0, 0x3f, 0xff, 0xff, 0xd0,
    0xbf, 0xff, 0xff, 0x70, 0x0, 0x0, 0xb, 0xff,
    0xff, 0xf9, 0xb, 0xff, 0xff, 0xff, 0x70, 0x0,
    0x8, 0xff, 0xff, 0xff, 0x30, 0xbf, 0xff, 0xff,
    0xff, 0xec, 0xbe, 0xff, 0xff, 0xff, 0xc0, 0xb,
    0xff, 0xff, 0xff, 0xff, 0xff, 0xff, 0xff, 0xff,
    0xf3, 0x0, 0xbf, 0xff, 0xff, 0xff, 0xff, 0xff,
    0xff, 0xff, 0xf6, 0x0, 0xb, 0xff, 0xff, 0xf4,
    0xcf, 0xff, 0xff, 0xff, 0xf6, 0x0, 0x0, 0xbf,
    0xff, 0xff, 0x30, 0x5b, 0xef, 0xfc, 0x81, 0x0,
    0x0, 0xb, 0xff, 0xff, 0xf3, 0x0, 0x0, 0x0,
    0x0, 0x0, 0x0, 0x0, 0xbf, 0xff, 0xff, 0x30,
    0x0, 0x0, 0x0, 0x0, 0x0, 0x0, 0xb, 0xff,
    0xff, 0xf3, 0x0, 0x0, 0x0, 0x0, 0x0, 0x0,
    0x0, 0xbf, 0xff, 0xff, 0x30, 0x0, 0x0, 0x0,
    0x0, 0x0, 0x0, 0xb, 0xff, 0xff, 0xf3, 0x0,
    0x0, 0x0, 0x0, 0x0, 0x0, 0x0, 0xbf, 0xff,
    0xff, 0x30, 0x0, 0x0, 0x0, 0x0, 0x0, 0x0,
    0xb, 0xff, 0xff, 0xf3, 0x0, 0x0, 0x0, 0x0,
    0x0, 0x0, 0x0, 0xbf, 0xff, 0xff, 0x30, 0x0,
    0x0, 0x0, 0x0, 0x0, 0x0, 0xb, 0xff, 0xff,
    0xf3, 0x0, 0x0, 0x0, 0x0, 0x0, 0x0, 0x0,

    /* U+0071 "q" */
    0x0, 0x0, 0x4, 0xad, 0xff, 0xd9, 0x30, 0xe,
    0xff, 0xff, 0x50, 0x0, 0x1b, 0xff, 0xff, 0xff,
    0xff, 0x81, 0xff, 0xff, 0xf5, 0x0, 0xd, 0xff,
    0xff, 0xff, 0xff, 0xff, 0xbf, 0xff, 0xff, 0x50,
    0xa, 0xff, 0xff, 0xff, 0xff, 0xff, 0xff, 0xff,
    0xff, 0xf5, 0x3, 0xff, 0xff, 0xff, 0xfd, 0xbc,
    0xff, 0xff, 0xff, 0xff, 0x50, 0xaf, 0xff, 0xff,
    0xe4, 0x0, 0x1, 0xaf, 0xff, 0xff, 0xf5, 0xf,
    0xff, 0xff, 0xf5, 0x0, 0x0, 0x0, 0xdf, 0xff,
    0xff, 0x54, 0xff, 0xff, 0xfd, 0x0, 0x0, 0x0,
    0x9, 0xff, 0xff, 0xf5, 0x6f, 0xff, 0xff, 0x90,
    0x0, 0x0, 0x0, 0x9f, 0xff, 0xff, 0x58, 0xff,
    0xff, 0xf6, 0x0, 0x0, 0x0, 0x9, 0xff, 0xff,
    0xf5, 0x9f, 0xff, 0xff, 0x50, 0x0, 0x0, 0x0,
    0x9f, 0xff, 0xff, 0x5a, 0xff, 0xff, 0xf4, 0x0,
    0x0, 0x0, 0x9, 0xff, 0xff, 0xf5, 0x9f, 0xff,
    0xff, 0x50, 0x0, 0x0, 0x0, 0x9f, 0xff, 0xff,
    0x58, 0xff, 0xff, 0xf6, 0x0, 0x0, 0x0, 0x9,
    0xff, 0xff, 0xf5, 0x6f, 0xff, 0xff, 0x90, 0x0,
    0x0, 0x0, 0x9f, 0xff, 0xff, 0x53, 0xff, 0xff,
    0xfd, 0x0, 0x0, 0x0, 0x9, 0xff, 0xff, 0xf5,
    0xf, 0xff, 0xff, 0xf5, 0x0, 0x0, 0x0, 0xdf,
    0xff, 0xff, 0x50, 0x9f, 0xff, 0xff, 0xf4, 0x0,
    0x1, 0xbf, 0xff, 0xff, 0xf5, 0x2, 0xff, 0xff,
    0xff, 0xfd, 0xbc, 0xff, 0xff, 0xff, 0xff, 0x50,
    0x9, 0xff, 0xff, 0xff, 0xff, 0xff, 0xff, 0xff,
    0xff, 0xf5, 0x0, 0xc, 0xff, 0xff, 0xff, 0xff,
    0xff, 0xff, 0xff, 0xff, 0x50, 0x0, 0xa, 0xff,
    0xff, 0xff, 0xff, 0x89, 0xff, 0xff, 0xf5, 0x0,
    0x0, 0x3, 0x9d, 0xff, 0xd9, 0x20, 0x9f, 0xff,
    0xff, 0x50, 0x0, 0x0, 0x0, 0x0, 0x0, 0x0,
    0x9, 0xff, 0xff, 0xf5, 0x0, 0x0, 0x0, 0x0,
    0x0, 0x0, 0x0, 0x9f, 0xff, 0xff, 0x50, 0x0,
    0x0, 0x0, 0x0, 0x0, 0x0, 0x9, 0xff, 0xff,
    0xf5, 0x0, 0x0, 0x0, 0x0, 0x0, 0x0, 0x0,
    0x9f, 0xff, 0xff, 0x50, 0x0, 0x0, 0x0, 0x0,
    0x0, 0x0, 0x9, 0xff, 0xff, 0xf5, 0x0, 0x0,
    0x0, 0x0, 0x0, 0x0, 0x0, 0x9f, 0xff, 0xff,
    0x50, 0x0, 0x0, 0x0, 0x0, 0x0, 0x0, 0x9,
    0xff, 0xff, 0xf5, 0x0, 0x0, 0x0, 0x0, 0x0,
    0x0, 0x0, 0x9f, 0xff, 0xff, 0x50, 0x0, 0x0,
    0x0, 0x0, 0x0, 0x0, 0x9, 0xff, 0xff, 0xf5,

    /* U+0072 "r" */
    0xbf, 0xff, 0xfe, 0x0, 0x5c, 0xff, 0xeb, 0xff,
    0xff, 0xf0, 0xaf, 0xff, 0xfd, 0xbf, 0xff, 0xff,
    0x8f, 0xff, 0xff, 0xdb, 0xff, 0xff, 0xff, 0xff,
    0xff, 0xfd, 0xbf, 0xff, 0xff, 0xff, 0xff, 0xff,
    0xcb, 0xff, 0xff, 0xff, 0xff, 0xca, 0xba, 0xbf,
    0xff, 0xff, 0xf8, 0x0, 0x0, 0xb, 0xff, 0xff,
    0xf8, 0x0, 0x0, 0x0, 0xbf, 0xff, 0xff, 0x30,
    0x0, 0x0, 0xb, 0xff, 0xff, 0xf3, 0x0, 0x0,
    0x0, 0xbf, 0xff, 0xff, 0x30, 0x0, 0x0, 0xb,
    0xff, 0xff, 0xf3, 0x0, 0x0, 0x0, 0xbf, 0xff,
    0xff, 0x30, 0x0, 0x0, 0xb, 0xff, 0xff, 0xf3,
    0x0, 0x0, 0x0, 0xbf, 0xff, 0xff, 0x30, 0x0,
    0x0, 0xb, 0xff, 0xff, 0xf3, 0x0, 0x0, 0x0,
    0xbf, 0xff, 0xff, 0x30, 0x0, 0x0, 0xb, 0xff,
    0xff, 0xf3, 0x0, 0x0, 0x0, 0xbf, 0xff, 0xff,
    0x30, 0x0, 0x0, 0xb, 0xff, 0xff, 0xf3, 0x0,
    0x0, 0x0, 0xbf, 0xff, 0xff, 0x30, 0x0, 0x0,
    0xb, 0xff, 0xff, 0xf3, 0x0, 0x0, 0x0, 0xbf,
    0xff, 0xff, 0x30, 0x0, 0x0, 0x0,

    /* U+0073 "s" */
    0x0, 0x0, 0x4, 0x9d, 0xff, 0xfe, 0xb7, 0x20,
    0x0, 0x0, 0x0, 0x3, 0xdf, 0xff, 0xff, 0xff,
    0xff, 0xfa, 0x10, 0x0, 0x0, 0x5f, 0xff, 0xff,
    0xff, 0xff, 0xff, 0xff, 0xd2, 0x0, 0x2, 0xff,
    0xff, 0xff, 0xff, 0xff, 0xff, 0xff, 0xfd, 0x0,
    0xb, 0xff, 0xff, 0xfc, 0x42, 0x38, 0xff, 0xff,
    0xff, 0x60, 0xf, 0xff, 0xff, 0xc0, 0x0, 0x0,
    0x6f, 0xff, 0xff, 0xc0, 0x2f, 0xff, 0xff, 0x80,
    0x0, 0x0, 0xf, 0xff, 0xff, 0xe0, 0x1f, 0xff,
    0xff, 0xb0, 0x0, 0x0, 0x2, 0x22, 0x22, 0x20,
    0xe, 0xff, 0xff, 0xfb, 0x30, 0x0, 0x0, 0x0,
    0x0, 0x0, 0x7, 0xff, 0xff, 0xff, 0xfe, 0xa7,
    0x30, 0x0, 0x0, 0x0, 0x0, 0xaf, 0xff, 0xff,
    0xff, 0xff, 0xfe, 0x81, 0x0, 0x0, 0x0, 0x7,
    0xff, 0xff, 0xff, 0xff, 0xff, 0xff, 0x80, 0x0,
    0x0, 0x0, 0x18, 0xef, 0xff, 0xff, 0xff, 0xff,
    0xfa, 0x0, 0x0, 0x0, 0x0, 0x3, 0x7a, 0xef,
    0xff, 0xff, 0xff, 0x60, 0x0, 0x0, 0x0, 0x0,
    0x0, 0x4, 0xcf, 0xff, 0xff, 0xc0, 0x67, 0x77,
    0x75, 0x0, 0x0, 0x0, 0xe, 0xff, 0xff, 0xf0,
    0xcf, 0xff, 0xfe, 0x0, 0x0, 0x0, 0xb, 0xff,
    0xff, 0xf0, 0x8f, 0xff, 0xff, 0x60, 0x0, 0x0,
    0x1f, 0xff, 0xff, 0xe0, 0x1f, 0xff, 0xff, 0xfa,
    0x53, 0x36, 0xef, 0xff, 0xff, 0x90, 0x7, 0xff,
    0xff, 0xff, 0xff, 0xff, 0xff, 0xff, 0xfe, 0x10,
    0x0, 0x8f, 0xff, 0xff, 0xff, 0xff, 0xff, 0xff,
    0xe3, 0x0, 0x0, 0x4, 0xdf, 0xff, 0xff, 0xff,
    0xff, 0xfb, 0x20, 0x0, 0x0, 0x0, 0x5, 0xad,
    0xff, 0xfe, 0xb7, 0x20, 0x0, 0x0,

    /* U+0074 "t" */
    0x0, 0x4, 0x88, 0x88, 0x82, 0x0, 0x0, 0x0,
    0x8, 0xff, 0xff, 0xf5, 0x0, 0x0, 0x0, 0x8,
    0xff, 0xff, 0xf5, 0x0, 0x0, 0x0, 0x8, 0xff,
    0xff, 0xf5, 0x0, 0x0, 0x0, 0x8, 0xff, 0xff,
    0xf5, 0x0, 0x0, 0x0, 0x8, 0xff, 0xff, 0xf5,
    0x0, 0x0, 0xcf, 0xff, 0xff, 0xff, 0xff, 0xff,
    0xf2, 0xcf, 0xff, 0xff, 0xff, 0xff, 0xff, 0xf2,
    0xcf, 0xff, 0xff, 0xff, 0xff, 0xff, 0xf2, 0xcf,
    0xff, 0xff, 0xff, 0xff, 0xff, 0xf2, 0x34, 0x4a,
    0xff, 0xff, 0xf8, 0x44, 0x40, 0x0, 0x8, 0xff,
    0xff, 0xf5, 0x0, 0x0, 0x0, 0x8, 0xff, 0xff,
    0xf5, 0x0, 0x0, 0x0, 0x8, 0xff, 0xff, 0xf5,
    0x0, 0x0, 0x0, 0x8, 0xff, 0xff, 0xf5, 0x0,
    0x0, 0x0, 0x8, 0xff, 0xff, 0xf5, 0x0, 0x0,
    0x0, 0x8, 0xff, 0xff, 0xf5, 0x0, 0x0, 0x0,
    0x8, 0xff, 0xff, 0xf5, 0x0, 0x0, 0x0, 0x8,
    0xff, 0xff, 0xf5, 0x0, 0x0, 0x0, 0x8, 0xff,
    0xff, 0xf5, 0x0, 0x0, 0x0, 0x8, 0xff, 0xff,
    0xf5, 0x0, 0x0, 0x0, 0x8, 0xff, 0xff, 0xf5,
    0x0, 0x0, 0x0, 0x8, 0xff, 0xff, 0xf6, 0x0,
    0x0, 0x0, 0x7, 0xff, 0xff, 0xfc, 0x0, 0x0,
    0x0, 0x5, 0xff, 0xff, 0xff, 0xfd, 0xd6, 0x0,
    0x1, 0xff, 0xff, 0xff, 0xff, 0xf6, 0x0, 0x0,
    0x9f, 0xff, 0xff, 0xff, 0xf6, 0x0, 0x0, 0xb,
    0xff, 0xff, 0xff, 0xf6, 0x0, 0x0, 0x0, 0x5b,
    0xef, 0xfe, 0xb3,

    /* U+0075 "u" */
    0xdf, 0xff, 0xff, 0x0, 0x0, 0x0, 0x9, 0xff,
    0xff, 0xf5, 0xdf, 0xff, 0xff, 0x0, 0x0, 0x0,
    0x9, 0xff, 0xff, 0xf5, 0xdf, 0xff, 0xff, 0x0,
    0x0, 0x0, 0x9, 0xff, 0xff, 0xf5, 0xdf, 0xff,
    0xff, 0x0, 0x0, 0x0, 0x9, 0xff, 0xff, 0xf5,
    0xdf, 0xff, 0xff, 0x0, 0x0, 0x0, 0x9, 0xff,
    0xff, 0xf5, 0xdf, 0xff, 0xff, 0x0, 0x0, 0x0,
    0x9, 0xff, 0xff, 0xf5, 0xdf, 0xff, 0xff, 0x0,
    0x0, 0x0, 0x9, 0xff, 0xff, 0xf5, 0xdf, 0xff,
    0xff, 0x0, 0x0, 0x0, 0x9, 0xff, 0xff, 0xf5,
    0xdf, 0xff, 0xff, 0x0, 0x0, 0x0, 0x9, 0xff,
    0xff, 0xf5, 0xdf, 0xff, 0xff, 0x0, 0x0, 0x0,
    0x9, 0xff, 0xff, 0xf5, 0xdf, 0xff, 0xff, 0x0,
    0x0, 0x0, 0x9, 0xff, 0xff, 0xf5, 0xdf, 0xff,
    0xff, 0x0, 0x0, 0x0, 0x9, 0xff, 0xff, 0xf5,
    0xdf, 0xff, 0xff, 0x0, 0x0, 0x0, 0x9, 0xff,
    0xff, 0xf5, 0xdf, 0xff, 0xff, 0x0, 0x0, 0x0,
    0x9, 0xff, 0xff, 0xf5, 0xdf, 0xff, 0xff, 0x0,
    0x0, 0x0, 0x9, 0xff, 0xff, 0xf5, 0xdf, 0xff,
    0xff, 0x10, 0x0, 0x0, 0x9, 0xff, 0xff, 0xf5,
    0xbf, 0xff, 0xff, 0x60, 0x0, 0x0, 0xd, 0xff,
    0xff, 0xf5, 0x9f, 0xff, 0xff, 0xe3, 0x0, 0x2,
    0xbf, 0xff, 0xff, 0xf5, 0x4f, 0xff, 0xff, 0xff,
    0xdc, 0xdf, 0xff, 0xff, 0xff, 0xf5, 0xd, 0xff,
    0xff, 0xff, 0xff, 0xff, 0xff, 0xff, 0xff, 0xf5,
    0x4, 0xff, 0xff, 0xff, 0xff, 0xff, 0xfc, 0xff,
    0xff, 0xf5, 0x0, 0x5f, 0xff, 0xff, 0xff, 0xff,
    0x65, 0xff, 0xff, 0xf5, 0x0, 0x1, 0x8c, 0xff,
    0xfc, 0x81, 0x4, 0xff, 0xff, 0xf5,

    /* U+0076 "v" */
    0x9f, 0xff, 0xff, 0x90, 0x0, 0x0, 0x0, 0x5f,
    0xff, 0xff, 0xc3, 0xff, 0xff, 0xfd, 0x0, 0x0,
    0x0, 0xa, 0xff, 0xff, 0xf7, 0xe, 0xff, 0xff,
    0xf1, 0x0, 0x0, 0x0, 0xef, 0xff, 0xff, 0x20,
    0x9f, 0xff, 0xff, 0x60, 0x0, 0x0, 0x2f, 0xff,
    0xff, 0xc0, 0x4, 0xff, 0xff, 0xfa, 0x0, 0x0,
    0x6, 0xff, 0xff, 0xf7, 0x0, 0xe, 0xff, 0xff,
    0xe0, 0x0, 0x0, 0xbf, 0xff, 0xff, 0x20, 0x0,
    0x9f, 0xff, 0xff, 0x30, 0x0, 0xf, 0xff, 0xff,
    0xd0, 0x0, 0x4, 0xff, 0xff, 0xf7, 0x0, 0x3,
    0xff, 0xff, 0xf7, 0x0, 0x0, 0xf, 0xff, 0xff,
    0xb0, 0x0, 0x7f, 0xff, 0xff, 0x20, 0x0, 0x0,
    0xaf, 0xff, 0xff, 0x0, 0xc, 0xff, 0xff, 0xd0,
    0x0, 0x0, 0x5, 0xff, 0xff, 0xf4, 0x0, 0xff,
    0xff, 0xf8, 0x0, 0x0, 0x0, 0xf, 0xff, 0xff,
    0x80, 0x4f, 0xff, 0xff, 0x30, 0x0, 0x0, 0x0,
    0xaf, 0xff, 0xfc, 0x8, 0xff, 0xff, 0xd0, 0x0,
    0x0, 0x0, 0x5, 0xff, 0xff, 0xf1, 0xdf, 0xff,
    0xf8, 0x0, 0x0, 0x0, 0x0, 0xf, 0xff, 0xff,
    0x6f, 0xff, 0xff, 0x30, 0x0, 0x0, 0x0, 0x0,
    0xbf, 0xff, 0xfe, 0xff, 0xff, 0xe0, 0x0, 0x0,
    0x0, 0x0, 0x5, 0xff, 0xff, 0xff, 0xff, 0xf9,
    0x0, 0x0, 0x0, 0x0, 0x0, 0x1f, 0xff, 0xff,
    0xff, 0xff, 0x30, 0x0, 0x0, 0x0, 0x0, 0x0,
    0xbf, 0xff, 0xff, 0xff, 0xe0, 0x0, 0x0, 0x0,
    0x0, 0x0, 0x6, 0xff, 0xff, 0xff, 0xf9, 0x0,
    0x0, 0x0, 0x0, 0x0, 0x0, 0x1f, 0xff, 0xff,
    0xff, 0x40, 0x0, 0x0, 0x0, 0x0, 0x0, 0x0,
    0xbf, 0xff, 0xff, 0xe0, 0x0, 0x0, 0x0, 0x0,
    0x0, 0x0, 0x6, 0xff, 0xff, 0xf9, 0x0, 0x0,
    0x0, 0x0,

    /* U+0077 "w" */
    0x4f, 0xff, 0xff, 0x60, 0x0, 0x0, 0xe, 0xff,
    0xfa, 0x0, 0x0, 0x0, 0xaf, 0xff, 0xff, 0x0,
    0xff, 0xff, 0xf9, 0x0, 0x0, 0x2, 0xff, 0xff,
    0xe0, 0x0, 0x0, 0xd, 0xff, 0xff, 0xc0, 0xc,
    0xff, 0xff, 0xc0, 0x0, 0x0, 0x6f, 0xff, 0xff,
    0x30, 0x0, 0x0, 0xff, 0xff, 0xf9, 0x0, 0x8f,
    0xff, 0xff, 0x0, 0x0, 0xb, 0xff, 0xff, 0xf7,
    0x0, 0x0, 0x3f, 0xff, 0xff, 0x50, 0x4, 0xff,
    0xff, 0xf2, 0x0, 0x0, 0xff, 0xff, 0xff, 0xb0,
    0x0, 0x6, 0xff, 0xff, 0xf1, 0x0, 0x1f, 0xff,
    0xff, 0x50, 0x0, 0x3f, 0xff, 0xff, 0xff, 0x0,
    0x0, 0x9f, 0xff, 0xfd, 0x0, 0x0, 0xdf, 0xff,
    0xf8, 0x0, 0x8, 0xff, 0xff, 0xff, 0xf4, 0x0,
    0xc, 0xff, 0xff, 0x90, 0x0, 0x9, 0xff, 0xff,
    0xb0, 0x0, 0xcf, 0xff, 0xff, 0xff, 0x80, 0x0,
    0xff, 0xff, 0xf5, 0x0, 0x0, 0x5f, 0xff, 0xff,
    0x0, 0x1f, 0xff, 0xfc, 0xff, 0xfd, 0x0, 0x3f,
    0xff, 0xff, 0x10, 0x0, 0x1, 0xff, 0xff, 0xf2,
    0x5, 0xff, 0xff, 0x4f, 0xff, 0xf1, 0x6, 0xff,
    0xff, 0xd0, 0x0, 0x0, 0xd, 0xff, 0xff, 0x50,
    0x9f, 0xff, 0xb0, 0xff, 0xff, 0x50, 0x9f, 0xff,
    0xf9, 0x0, 0x0, 0x0, 0x9f, 0xff, 0xf8, 0xd,
    0xff, 0xf7, 0xa, 0xff, 0xfa, 0xc, 0xff, 0xff,
    0x50, 0x0, 0x0, 0x5, 0xff, 0xff, 0xb2, 0xff,
    0xff, 0x20, 0x6f, 0xff, 0xe0, 0xff, 0xff, 0xf1,
    0x0, 0x0, 0x0, 0x1f, 0xff, 0xfe, 0x6f, 0xff,
    0xd0, 0x1, 0xff, 0xff, 0x5f, 0xff, 0xfe, 0x0,
    0x0, 0x0, 0x0, 0xdf, 0xff, 0xfc, 0xff, 0xf9,
    0x0, 0xd, 0xff, 0xfc, 0xff, 0xff, 0xa0, 0x0,
    0x0, 0x0, 0x9, 0xff, 0xff, 0xff, 0xff, 0x40,
    0x0, 0x8f, 0xff, 0xff, 0xff, 0xf6, 0x0, 0x0,
    0x0, 0x0, 0x6f, 0xff, 0xff, 0xff, 0xf0, 0x0,
    0x4, 0xff, 0xff, 0xff, 0xff, 0x20, 0x0, 0x0,
    0x0, 0x2, 0xff, 0xff, 0xff, 0xfb, 0x0, 0x0,
    0xf, 0xff, 0xff, 0xff, 0xe0, 0x0, 0x0, 0x0,
    0x0, 0xe, 0xff, 0xff, 0xff, 0x70, 0x0, 0x0,
    0xbf, 0xff, 0xff, 0xfa, 0x0, 0x0, 0x0, 0x0,
    0x0, 0xaf, 0xff, 0xff, 0xf2, 0x0, 0x0, 0x6,
    0xff, 0xff, 0xff, 0x60, 0x0, 0x0, 0x0, 0x0,
    0x6, 0xff, 0xff, 0xfe, 0x0, 0x0, 0x0, 0x2f,
    0xff, 0xff, 0xf2, 0x0, 0x0, 0x0, 0x0, 0x0,
    0x2f, 0xff, 0xff, 0x90, 0x0, 0x0, 0x0, 0xdf,
    0xff, 0xfe, 0x0, 0x0, 0x0, 0x0, 0x0, 0x0,
    0xef, 0xff, 0xf5, 0x0, 0x0, 0x0, 0x9, 0xff,
    0xff, 0xa0, 0x0, 0x0, 0x0,

    /* U+0078 "x" */
    0x1e, 0xff, 0xff, 0xf5, 0x0, 0x0, 0x0, 0xcf,
    0xff, 0xff, 0x80, 0x6, 0xff, 0xff, 0xfd, 0x0,
    0x0, 0x5, 0xff, 0xff, 0xfe, 0x0, 0x0, 0xdf,
    0xff, 0xff, 0x50, 0x0, 0xd, 0xff, 0xff, 0xf6,
    0x0, 0x0, 0x5f, 0xff, 0xff, 0xd0, 0x0, 0x6f,
    0xff, 0xff, 0xd0, 0x0, 0x0, 0xc, 0xff, 0xff,
    0xf6, 0x0, 0xef, 0xff, 0xff, 0x40, 0x0, 0x0,
    0x3, 0xff, 0xff, 0xfe, 0x7, 0xff, 0xff, 0xfb,
    0x0, 0x0, 0x0, 0x0, 0xaf, 0xff, 0xff, 0x8f,
    0xff, 0xff, 0xf2, 0x0, 0x0, 0x0, 0x0, 0x1f,
    0xff, 0xff, 0xff, 0xff, 0xff, 0x90, 0x0, 0x0,
    0x0, 0x0, 0x8, 0xff, 0xff, 0xff, 0xff, 0xff,
    0x10, 0x0, 0x0, 0x0, 0x0, 0x0, 0xef, 0xff,
    0xff, 0xff, 0xf7, 0x0, 0x0, 0x0, 0x0, 0x0,
    0x0, 0x6f, 0xff, 0xff, 0xff, 0xe0, 0x0, 0x0,
    0x0, 0x0, 0x0, 0x0, 0x2f, 0xff, 0xff, 0xff,
    0xa0, 0x0, 0x0, 0x0, 0x0, 0x0, 0x0, 0xaf,
    0xff, 0xff, 0xff, 0xf3, 0x0, 0x0, 0x0, 0x0,
    0x0, 0x3, 0xff, 0xff, 0xff, 0xff, 0xfc, 0x0,
    0x0, 0x0, 0x0, 0x0, 0xc, 0xff, 0xff, 0xff,
    0xff, 0xff, 0x50, 0x0, 0x0, 0x0, 0x0, 0x5f,
    0xff, 0xff, 0xef, 0xff, 0xff, 0xd0, 0x0, 0x0,
    0x0, 0x0, 0xef, 0xff, 0xff, 0x4c, 0xff, 0xff,
    0xf7, 0x0, 0x0, 0x0, 0x7, 0xff, 0xff, 0xfb,
    0x3, 0xff, 0xff, 0xfe, 0x10, 0x0, 0x0, 0x1f,
    0xff, 0xff, 0xf3, 0x0, 0xaf, 0xff, 0xff, 0x90,
    0x0, 0x0, 0x9f, 0xff, 0xff, 0xa0, 0x0, 0x2f,
    0xff, 0xff, 0xf2, 0x0, 0x2, 0xff, 0xff, 0xff,
    0x20, 0x0, 0x9, 0xff, 0xff, 0xfa, 0x0, 0xb,
    0xff, 0xff, 0xf9, 0x0, 0x0, 0x1, 0xff, 0xff,
    0xff, 0x30, 0x4f, 0xff, 0xff, 0xf1, 0x0, 0x0,
    0x0, 0x8f, 0xff, 0xff, 0xc0,

    /* U+0079 "y" */
    0xcf, 0xff, 0xff, 0x90, 0x0, 0x0, 0x0, 0x6f,
    0xff, 0xff, 0xe0, 0x6f, 0xff, 0xff, 0xd0, 0x0,
    0x0, 0x0, 0xaf, 0xff, 0xff, 0x90, 0x1f, 0xff,
    0xff, 0xf2, 0x0, 0x0, 0x0, 0xff, 0xff, 0xff,
    0x40, 0xb, 0xff, 0xff, 0xf7, 0x0, 0x0, 0x4,
    0xff, 0xff, 0xfe, 0x0, 0x6, 0xff, 0xff, 0xfb,
    0x0, 0x0, 0x8, 0xff, 0xff, 0xf9, 0x0, 0x1,
    0xff, 0xff, 0xff, 0x0, 0x0, 0xd, 0xff, 0xff,
    0xf3, 0x0, 0x0, 0xbf, 0xff, 0xff, 0x50, 0x0,
    0x2f, 0xff, 0xff, 0xe0, 0x0, 0x0, 0x5f, 0xff,
    0xff, 0x90, 0x0, 0x6f, 0xff, 0xff, 0x80, 0x0,
    0x0, 0xf, 0xff, 0xff, 0xe0, 0x0, 0xbf, 0xff,
    0xff, 0x30, 0x0, 0x0, 0xa, 0xff, 0xff, 0xf2,
    0x0, 0xff, 0xff, 0xfd, 0x0, 0x0, 0x0, 0x5,
    0xff, 0xff, 0xf7, 0x4, 0xff, 0xff, 0xf8, 0x0,
    0x0, 0x0, 0x0, 0xff, 0xff, 0xfc, 0x9, 0xff,
    0xff, 0xf3, 0x0, 0x0, 0x0, 0x0, 0xaf, 0xff,
    0xff, 0x1d, 0xff, 0xff, 0xd0, 0x0, 0x0, 0x0,
    0x0, 0x5f, 0xff, 0xff, 0x8f, 0xff, 0xff, 0x80,
    0x0, 0x0, 0x0, 0x0, 0xf, 0xff, 0xff, 0xff,
    0xff, 0xff, 0x20, 0x0, 0x0, 0x0, 0x0, 0xa,
    0xff, 0xff, 0xff, 0xff, 0xfd, 0x0, 0x0, 0x0,
    0x0, 0x0, 0x4, 0xff, 0xff, 0xff, 0xff, 0xf8,
    0x0, 0x0, 0x0, 0x0, 0x0, 0x0, 0xef, 0xff,
    0xff, 0xff, 0xf2, 0x0, 0x0, 0x0, 0x0, 0x0,
    0x0, 0x9f, 0xff, 0xff, 0xff, 0xd0, 0x0, 0x0,
    0x0, 0x0, 0x0, 0x0, 0x4f, 0xff, 0xff, 0xff,
    0x70, 0x0, 0x0, 0x0, 0x0, 0x0, 0x0, 0xe,
    0xff, 0xff, 0xff, 0x20, 0x0, 0x0, 0x0, 0x0,
    0x0, 0x0, 0x9, 0xff, 0xff, 0xfc, 0x0, 0x0,
    0x0, 0x0, 0x0, 0x0, 0x0, 0x4, 0xff, 0xff,
    0xf7, 0x0, 0x0, 0x0, 0x0, 0x0, 0x0, 0x0,
    0x5, 0xff, 0xff, 0xf1, 0x0, 0x0, 0x0, 0x0,
    0x0, 0x0, 0x0, 0xb, 0xff, 0xff, 0xc0, 0x0,
    0x0, 0x0, 0x0, 0x0, 0x0, 0x0, 0x2f, 0xff,
    0xff, 0x70, 0x0, 0x0, 0x0, 0x0, 0x0, 0x0,
    0x2, 0xdf, 0xff, 0xff, 0x10, 0x0, 0x0, 0x0,
    0x0, 0x0, 0x6c, 0xdf, 0xff, 0xff, 0xfa, 0x0,
    0x0, 0x0, 0x0, 0x0, 0x0, 0x8f, 0xff, 0xff,
    0xff, 0xf3, 0x0, 0x0, 0x0, 0x0, 0x0, 0x0,
    0x8f, 0xff, 0xff, 0xff, 0x80, 0x0, 0x0, 0x0,
    0x0, 0x0, 0x0, 0x8f, 0xff, 0xff, 0xf8, 0x0,
    0x0, 0x0, 0x0, 0x0, 0x0, 0x0, 0x5d, 0xff,
    0xea, 0x30, 0x0, 0x0, 0x0, 0x0, 0x0, 0x0,

    /* U+007A "z" */
    0x2f, 0xff, 0xff, 0xff, 0xff, 0xff, 0xff, 0xff,
    0xff, 0xa2, 0xff, 0xff, 0xff, 0xff, 0xff, 0xff,
    0xff, 0xff, 0xfa, 0x2f, 0xff, 0xff, 0xff, 0xff,
    0xff, 0xff, 0xff, 0xff, 0xa2, 0xff, 0xff, 0xff,
    0xff, 0xff, 0xff, 0xff, 0xff, 0xf8, 0x1b, 0xbb,
    0xbb, 0xbb, 0xbb, 0xbf, 0xff, 0xff, 0xfd, 0x0,
    0x0, 0x0, 0x0, 0x0, 0x6, 0xff, 0xff, 0xff,
    0x20, 0x0, 0x0, 0x0, 0x0, 0x2, 0xff, 0xff,
    0xff, 0x60, 0x0, 0x0, 0x0, 0x0, 0x0, 0xcf,
    0xff, 0xff, 0xb0, 0x0, 0x0, 0x0, 0x0, 0x0,
    0x8f, 0xff, 0xff, 0xe1, 0x0, 0x0, 0x0, 0x0,
    0x0, 0x4f, 0xff, 0xff, 0xf4, 0x0, 0x0, 0x0,
    0x0, 0x0, 0x1e, 0xff, 0xff, 0xf8, 0x0, 0x0,
    0x0, 0x0, 0x0, 0xb, 0xff, 0xff, 0xfc, 0x0,
    0x0, 0x0, 0x0, 0x0, 0x7, 0xff, 0xff, 0xff,
    0x20, 0x0, 0x0, 0x0, 0x0, 0x3, 0xff, 0xff,
    0xff, 0x50, 0x0, 0x0, 0x0, 0x0, 0x0, 0xdf,
    0xff, 0xff, 0xa0, 0x0, 0x0, 0x0, 0x0, 0x0,
    0xaf, 0xff, 0xff, 0xd0, 0x0, 0x0, 0x0, 0x0,
    0x0, 0x5f, 0xff, 0xff, 0xf3, 0x0, 0x0, 0x0,
    0x0, 0x0, 0x2f, 0xff, 0xff, 0xf7, 0x0, 0x0,
    0x0, 0x0, 0x0, 0xc, 0xff, 0xff, 0xff, 0xbb,
    0xbb, 0xbb, 0xbb, 0xbb, 0xa6, 0xff, 0xff, 0xff,
    0xff, 0xff, 0xff, 0xff, 0xff, 0xff, 0x7f, 0xff,
    0xff, 0xff, 0xff, 0xff, 0xff, 0xff, 0xff, 0xf7,
    0xff, 0xff, 0xff, 0xff, 0xff, 0xff, 0xff, 0xff,
    0xff, 0x7f, 0xff, 0xff, 0xff, 0xff, 0xff, 0xff,
    0xff, 0xff, 0xf0,

    /* U+007B "{" */
    0x0, 0x0, 0x0, 0x0, 0x0, 0x16, 0x0, 0x0,
    0x0, 0x0, 0x0, 0x19, 0xff, 0x50, 0x0, 0x0,
    0x0, 0x3, 0xef, 0xff, 0xb0, 0x0, 0x0, 0x0,
    0x3f, 0xff, 0xff, 0xe0, 0x0, 0x0, 0x0, 0xef,
    0xff, 0xfb, 0x10, 0x0, 0x0, 0x7, 0xff, 0xff,
    0xe0, 0x0, 0x0, 0x0, 0xd, 0xff, 0xff, 0x70,
    0x0, 0x0, 0x0, 0x1f, 0xff, 0xff, 0x30, 0x0,
    0x0, 0x0, 0x4f, 0xff, 0xff, 0x0, 0x0, 0x0,
    0x0, 0x5f, 0xff, 0xff, 0x0, 0x0, 0x0, 0x0,
    0x5f, 0xff, 0xfe, 0x0, 0x0, 0x0, 0x0, 0x5f,
    0xff, 0xfe, 0x0, 0x0, 0x0, 0x0, 0x5f, 0xff,
    0xfe, 0x0, 0x0, 0x0, 0x0, 0x5f, 0xff, 0xfe,
    0x0, 0x0, 0x0, 0x0, 0x5f, 0xff, 0xfe, 0x0,
    0x0, 0x0, 0x0, 0x7f, 0xff, 0xfd, 0x0, 0x0,
    0x0, 0x0, 0xaf, 0xff, 0xfa, 0x0, 0x0, 0x0,
    0x2, 0xff, 0xff, 0xf5, 0x0, 0x0, 0x3, 0x6e,
    0xff, 0xff, 0xd0, 0x0, 0x0, 0xf, 0xff, 0xff,
    0xfe, 0x20, 0x0, 0x0, 0xf, 0xff, 0xff, 0xc2,
    0x0, 0x0, 0x0, 0xf, 0xff, 0xff, 0xe4, 0x0,
    0x0, 0x0, 0xf, 0xff, 0xff, 0xff, 0x40, 0x0,
    0x0, 0x0, 0x4d, 0xff, 0xff, 0xe0, 0x0, 0x0,
    0x0, 0x1, 0xff, 0xff, 0xf6, 0x0, 0x0, 0x0,
    0x0, 0x9f, 0xff, 0xfb, 0x0, 0x0, 0x0, 0x0,
    0x6f, 0xff, 0xfd, 0x0, 0x0, 0x0, 0x0, 0x5f,
    0xff, 0xfe, 0x0, 0x0, 0x0, 0x0, 0x5f, 0xff,
    0xfe, 0x0, 0x0, 0x0, 0x0, 0x5f, 0xff, 0xfe,
    0x0, 0x0, 0x0, 0x0, 0x5f, 0xff, 0xfe, 0x0,
    0x0, 0x0, 0x0, 0x5f, 0xff, 0xfe, 0x0, 0x0,
    0x0, 0x0, 0x5f, 0xff, 0xff, 0x0, 0x0, 0x0,
    0x0, 0x3f, 0xff, 0xff, 0x0, 0x0, 0x0, 0x0,
    0xf, 0xff, 0xff, 0x30, 0x0, 0x0, 0x0, 0xc,
    0xff, 0xff, 0x90, 0x0, 0x0, 0x0, 0x5, 0xff,
    0xff, 0xf2, 0x0, 0x0, 0x0, 0x0, 0xcf, 0xff,
    0xfd, 0x30, 0x0, 0x0, 0x0, 0x1e, 0xff, 0xff,
    0xf0, 0x0, 0x0, 0x0, 0x1, 0xcf, 0xff, 0xa0,
    0x0, 0x0, 0x0, 0x0, 0x6, 0xdf, 0x40, 0x0,
    0x0, 0x0, 0x0, 0x0, 0x3, 0x0,

    /* U+007C "|" */
    0x7f, 0xff, 0x17, 0xff, 0xf1, 0x7f, 0xff, 0x17,
    0xff, 0xf1, 0x7f, 0xff, 0x17, 0xff, 0xf1, 0x7f,
    0xff, 0x17, 0xff, 0xf1, 0x7f, 0xff, 0x17, 0xff,
    0xf1, 0x7f, 0xff, 0x17, 0xff, 0xf1, 0x7f, 0xff,
    0x17, 0xff, 0xf1, 0x7f, 0xff, 0x17, 0xff, 0xf1,
    0x7f, 0xff, 0x17, 0xff, 0xf1, 0x7f, 0xff, 0x17,
    0xff, 0xf1, 0x7f, 0xff, 0x17, 0xff, 0xf1, 0x7f,
    0xff, 0x17, 0xff, 0xf1, 0x7f, 0xff, 0x17, 0xff,
    0xf1, 0x7f, 0xff, 0x17, 0xff, 0xf1, 0x7f, 0xff,
    0x17, 0xff, 0xf1, 0x7f, 0xff, 0x17, 0xff, 0xf1,
    0x7f, 0xff, 0x17, 0xff, 0xf1, 0x7f, 0xff, 0x17,
    0xff, 0xf1, 0x0, 0x0, 0x0,

    /* U+007D "}" */
    0x1, 0x30, 0x0, 0x0, 0x0, 0x0, 0x0, 0x7f,
    0xd6, 0x0, 0x0, 0x0, 0x0, 0xd, 0xff, 0xfc,
    0x10, 0x0, 0x0, 0x2, 0xff, 0xff, 0xfd, 0x10,
    0x0, 0x0, 0x3, 0xef, 0xff, 0xfb, 0x0, 0x0,
    0x0, 0x3, 0xff, 0xff, 0xf4, 0x0, 0x0, 0x0,
    0xa, 0xff, 0xff, 0xa0, 0x0, 0x0, 0x0, 0x6f,
    0xff, 0xfe, 0x0, 0x0, 0x0, 0x3, 0xff, 0xff,
    0xf1, 0x0, 0x0, 0x0, 0x2f, 0xff, 0xff, 0x20,
    0x0, 0x0, 0x1, 0xff, 0xff, 0xf3, 0x0, 0x0,
    0x0, 0x1f, 0xff, 0xff, 0x30, 0x0, 0x0, 0x1,
    0xff, 0xff, 0xf3, 0x0, 0x0, 0x0, 0x1f, 0xff,
    0xff, 0x30, 0x0, 0x0, 0x1, 0xff, 0xff, 0xf3,
    0x0, 0x0, 0x0, 0xf, 0xff, 0xff, 0x40, 0x0,
    0x0, 0x0, 0xdf, 0xff, 0xf7, 0x0, 0x0, 0x0,
    0x8, 0xff, 0xff, 0xe0, 0x0, 0x0, 0x0, 0x1f,
    0xff, 0xff, 0xc4, 0x10, 0x0, 0x0, 0x5f, 0xff,
    0xff, 0xfd, 0x0, 0x0, 0x0, 0x4e, 0xff, 0xff,
    0xf0, 0x0, 0x0, 0x4, 0xdf, 0xff, 0xff, 0x0,
    0x0, 0x5, 0xff, 0xff, 0xff, 0xd0, 0x0, 0x1,
    0xff, 0xff, 0xfd, 0x51, 0x0, 0x0, 0x8f, 0xff,
    0xfe, 0x10, 0x0, 0x0, 0xd, 0xff, 0xff, 0x80,
    0x0, 0x0, 0x0, 0xff, 0xff, 0xf4, 0x0, 0x0,
    0x0, 0x1f, 0xff, 0xff, 0x30, 0x0, 0x0, 0x1,
    0xff, 0xff, 0xf3, 0x0, 0x0, 0x0, 0x1f, 0xff,
    0xff, 0x30, 0x0, 0x0, 0x1, 0xff, 0xff, 0xf3,
    0x0, 0x0, 0x0, 0x1f, 0xff, 0xff, 0x30, 0x0,
    0x0, 0x2, 0xff, 0xff, 0xf2, 0x0, 0x0, 0x0,
    0x3f, 0xff, 0xff, 0x10, 0x0, 0x0, 0x6, 0xff,
    0xff, 0xe0, 0x0, 0x0, 0x0, 0xaf, 0xff, 0xfa,
    0x0, 0x0, 0x0, 0x3f, 0xff, 0xff, 0x40, 0x0,
    0x0, 0x3e, 0xff, 0xff, 0xb0, 0x0, 0x0, 0x2f,
    0xff, 0xff, 0xd1, 0x0, 0x0, 0x0, 0xdf, 0xff,
    0xc1, 0x0, 0x0, 0x0, 0x7, 0xfe, 0x60, 0x0,
    0x0, 0x0, 0x0, 0x14, 0x0, 0x0, 0x0, 0x0,
    0x0,

    /* U+007E "~" */
    0x0, 0x1, 0x8d, 0xff, 0xd8, 0x10, 0x0, 0x0,
    0x0, 0x25, 0x55, 0x50, 0x4, 0xef, 0xff, 0xff,
    0xff, 0x60, 0x0, 0x0, 0x6, 0xff, 0xff, 0x3,
    0xff, 0xff, 0xff, 0xff, 0xff, 0x90, 0x0, 0x0,
    0xbf, 0xff, 0xd0, 0xcf, 0xff, 0xff, 0xff, 0xff,
    0xff, 0xc2, 0x0, 0x6f, 0xff, 0xfa, 0x3f, 0xff,
    0xff, 0xec, 0xff, 0xff, 0xff, 0xfd, 0xef, 0xff,
    0xff, 0x58, 0xff, 0xff, 0x80, 0x1, 0x9f, 0xff,
    0xff, 0xff, 0xff, 0xff, 0xd0, 0xbf, 0xff, 0xe0,
    0x0, 0x0, 0x6f, 0xff, 0xff, 0xff, 0xff, 0xf4,
    0xc, 0xff, 0xfa, 0x0, 0x0, 0x0, 0x4e, 0xff,
    0xff, 0xff, 0xf5, 0x0, 0x34, 0x44, 0x20, 0x0,
    0x0, 0x0, 0x7, 0xcf, 0xfd, 0x91, 0x0, 0x0,

    /* U+00B0 "°" */
    0x0, 0x0, 0x0, 0x0, 0x0, 0x0, 0x0, 0x4,
    0xcf, 0xfd, 0x80, 0x0, 0x0, 0x9f, 0xff, 0xff,
    0xfd, 0x10, 0x7, 0xff, 0xff, 0xff, 0xff, 0xc0,
    0xf, 0xff, 0xa1, 0x6, 0xff, 0xf4, 0x4f, 0xfd,
    0x0, 0x0, 0x8f, 0xf9, 0x5f, 0xf9, 0x0, 0x0,
    0x5f, 0xfa, 0x4f, 0xfc, 0x0, 0x0, 0x8f, 0xf9,
    0xf, 0xff, 0xa2, 0x6, 0xff, 0xf4, 0x7, 0xff,
    0xff, 0xff, 0xff, 0xc0, 0x0, 0x9f, 0xff, 0xff,
    0xfd, 0x10, 0x0, 0x4, 0xbf, 0xfd, 0x70, 0x0,

    /* U+0401 "Ё" */
    0x0, 0x0, 0x9f, 0xf9, 0x0, 0x0, 0x0, 0x9e,
    0xf9, 0x0, 0x0, 0x0, 0x8f, 0xff, 0xf8, 0x0,
    0x0, 0x7f, 0xff, 0xf9, 0x0, 0x0, 0xc, 0xff,
    0xff, 0xc0, 0x0, 0xb, 0xff, 0xff, 0xd0, 0x0,
    0x0, 0xaf, 0xff, 0xfa, 0x0, 0x0, 0x9f, 0xff,
    0xfb, 0x0, 0x0, 0x1, 0xcf, 0xfc, 0x10, 0x0,
    0x1, 0xcf, 0xfd, 0x20, 0x0, 0x0, 0x0, 0x22,
    0x0, 0x0, 0x0, 0x0, 0x22, 0x0, 0x0, 0x0,
    0x0, 0x0, 0x0, 0x0, 0x0, 0x0, 0x0, 0x0,
    0x0, 0x0, 0x0, 0x0, 0x0, 0x0, 0x0, 0x0,
    0x0, 0x0, 0x0, 0x0, 0x5f, 0xff, 0xff, 0xff,
    0xff, 0xff, 0xff, 0xff, 0xff, 0xff, 0xb5, 0xff,
    0xff, 0xff, 0xff, 0xff, 0xff, 0xff, 0xff, 0xff,
    0xfb, 0x5f, 0xff, 0xff, 0xff, 0xff, 0xff, 0xff,
    0xff, 0xff, 0xff, 0xb5, 0xff, 0xff, 0xff, 0xff,
    0xff, 0xff, 0xff, 0xff, 0xff, 0xfb, 0x5f, 0xff,
    0xff, 0xfe, 0xee, 0xee, 0xee, 0xee, 0xee, 0xee,
    0xa5, 0xff, 0xff, 0xfd, 0x0, 0x0, 0x0, 0x0,
    0x0, 0x0, 0x0, 0x5f, 0xff, 0xff, 0xd0, 0x0,
    0x0, 0x0, 0x0, 0x0, 0x0, 0x5, 0xff, 0xff,
    0xfd, 0x0, 0x0, 0x0, 0x0, 0x0, 0x0, 0x0,
    0x5f, 0xff, 0xff, 0xd0, 0x0, 0x0, 0x0, 0x0,
    0x0, 0x0, 0x5, 0xff, 0xff, 0xfd, 0x0, 0x0,
    0x0, 0x0, 0x0, 0x0, 0x0, 0x5f, 0xff, 0xff,
    0xd0, 0x0, 0x0, 0x0, 0x0, 0x0, 0x0, 0x5,
    0xff, 0xff, 0xfd, 0x0, 0x0, 0x0, 0x0, 0x0,
    0x0, 0x0, 0x5f, 0xff, 0xff, 0xff, 0xff, 0xff,
    0xff, 0xff, 0xff, 0xa0, 0x5, 0xff, 0xff, 0xff,
    0xff, 0xff, 0xff, 0xff, 0xff, 0xfa, 0x0, 0x5f,
    0xff, 0xff, 0xff, 0xff, 0xff, 0xff, 0xff, 0xff,
    0xa0, 0x5, 0xff, 0xff, 0xff, 0xff, 0xff, 0xff,
    0xff, 0xff, 0xfa, 0x0, 0x5f, 0xff, 0xff, 0xfc,
    0xcc, 0xcc, 0xcc, 0xcc, 0xcc, 0x70, 0x5, 0xff,
    0xff, 0xfd, 0x0, 0x0, 0x0, 0x0, 0x0, 0x0,
    0x0, 0x5f, 0xff, 0xff, 0xd0, 0x0, 0x0, 0x0,
    0x0, 0x0, 0x0, 0x5, 0xff, 0xff, 0xfd, 0x0,
    0x0, 0x0, 0x0, 0x0, 0x0, 0x0, 0x5f, 0xff,
    0xff, 0xd0, 0x0, 0x0, 0x0, 0x0, 0x0, 0x0,
    0x5, 0xff, 0xff, 0xfd, 0x0, 0x0, 0x0, 0x0,
    0x0, 0x0, 0x0, 0x5f, 0xff, 0xff, 0xd0, 0x0,
    0x0, 0x0, 0x0, 0x0, 0x0, 0x5, 0xff, 0xff,
    0xfd, 0x0, 0x0, 0x0, 0x0, 0x0, 0x0, 0x0,
    0x5f, 0xff, 0xff, 0xd0, 0x0, 0x0, 0x0, 0x0,
    0x0, 0x0, 0x5, 0xff, 0xff, 0xff, 0xee, 0xee,
    0xee, 0xee, 0xee, 0xee, 0xea, 0x5f, 0xff, 0xff,
    0xff, 0xff, 0xff, 0xff, 0xff, 0xff, 0xff, 0xb5,
    0xff, 0xff, 0xff, 0xff, 0xff, 0xff, 0xff, 0xff,
    0xff, 0xfb, 0x5f, 0xff, 0xff, 0xff, 0xff, 0xff,
    0xff, 0xff, 0xff, 0xff, 0xb5, 0xff, 0xff, 0xff,
    0xff, 0xff, 0xff, 0xff, 0xff, 0xff, 0xfb,

    /* U+0410 "А" */
    0x0, 0x0, 0x0, 0x0, 0x0, 0xe, 0xff, 0xff,
    0xf2, 0x0, 0x0, 0x0, 0x0, 0x0, 0x0, 0x0,
    0x0, 0x0, 0x0, 0x5, 0xff, 0xff, 0xff, 0x80,
    0x0, 0x0, 0x0, 0x0, 0x0, 0x0, 0x0, 0x0,
    0x0, 0x0, 0xbf, 0xff, 0xff, 0xfe, 0x0, 0x0,
    0x0, 0x0, 0x0, 0x0, 0x0, 0x0, 0x0, 0x0,
    0x1f, 0xff, 0xff, 0xff, 0xf4, 0x0, 0x0, 0x0,
    0x0, 0x0, 0x0, 0x0, 0x0, 0x0, 0x6, 0xff,
    0xff, 0xff, 0xff, 0xa0, 0x0, 0x0, 0x0, 0x0,
    0x0, 0x0, 0x0, 0x0, 0x0, 0xcf, 0xff, 0xff,
    0xff, 0xff, 0x0, 0x0, 0x0, 0x0, 0x0, 0x0,
    0x0, 0x0, 0x0, 0x2f, 0xff, 0xff, 0xff, 0xff,
    0xf5, 0x0, 0x0, 0x0, 0x0, 0x0, 0x0, 0x0,
    0x0, 0x8, 0xff, 0xff, 0xfd, 0xff, 0xff, 0xb0,
    0x0, 0x0, 0x0, 0x0, 0x0, 0x0, 0x0, 0x0,
    0xef, 0xff, 0xfb, 0x7f, 0xff, 0xff, 0x10, 0x0,
    0x0, 0x0, 0x0, 0x0, 0x0, 0x0, 0x4f, 0xff,
    0xff, 0x62, 0xff, 0xff, 0xf7, 0x0, 0x0, 0x0,
    0x0, 0x0, 0x0, 0x0, 0xa, 0xff, 0xff, 0xf1,
    0xd, 0xff, 0xff, 0xd0, 0x0, 0x0, 0x0, 0x0,
    0x0, 0x0, 0x0, 0xff, 0xff, 0xfb, 0x0, 0x8f,
    0xff, 0xff, 0x30, 0x0, 0x0, 0x0, 0x0, 0x0,
    0x0, 0x6f, 0xff, 0xff, 0x60, 0x2, 0xff, 0xff,
    0xf9, 0x0, 0x0, 0x0, 0x0, 0x0, 0x0, 0xc,
    0xff, 0xff, 0xf1, 0x0, 0xd, 0xff, 0xff, 0xf0,
    0x0, 0x0, 0x0, 0x0, 0x0, 0x2, 0xff, 0xff,
    0xfc, 0x0, 0x0, 0x8f, 0xff, 0xff, 0x50, 0x0,
    0x0, 0x0, 0x0, 0x0, 0x8f, 0xff, 0xff, 0x60,
    0x0, 0x3, 0xff, 0xff, 0xfb, 0x0, 0x0, 0x0,
    0x0, 0x0, 0xd, 0xff, 0xff, 0xf1, 0x0, 0x0,
    0xd, 0xff, 0xff, 0xf1, 0x0, 0x0, 0x0, 0x0,
    0x3, 0xff, 0xff, 0xfc, 0x0, 0x0, 0x0, 0x8f,
    0xff, 0xff, 0x70, 0x0, 0x0, 0x0, 0x0, 0x9f,
    0xff, 0xff, 0x70, 0x0, 0x0, 0x3, 0xff, 0xff,
    0xfd, 0x0, 0x0, 0x0, 0x0, 0xf, 0xff, 0xff,
    0xff, 0xff, 0xff, 0xff, 0xff, 0xff, 0xff, 0xf3,
    0x0, 0x0, 0x0, 0x5, 0xff, 0xff, 0xff, 0xff,
    0xff, 0xff, 0xff, 0xff, 0xff, 0xff, 0x90, 0x0,
    0x0, 0x0, 0xbf, 0xff, 0xff, 0xff, 0xff, 0xff,
    0xff, 0xff, 0xff, 0xff, 0xfe, 0x0, 0x0, 0x0,
    0x1f, 0xff, 0xff, 0xff, 0xff, 0xff, 0xff, 0xff,
    0xff, 0xff, 0xff, 0xf5, 0x0, 0x0, 0x7, 0xff,
    0xff, 0xff, 0xee, 0xee, 0xee, 0xee, 0xee, 0xff,
    0xff, 0xff, 0xb0, 0x0, 0x0, 0xdf, 0xff, 0xff,
    0x70, 0x0, 0x0, 0x0, 0x0, 0x4, 0xff, 0xff,
    0xff, 0x10, 0x0, 0x3f, 0xff, 0xff, 0xf2, 0x0,
    0x0, 0x0, 0x0, 0x0, 0xe, 0xff, 0xff, 0xf7,
    0x0, 0x9, 0xff, 0xff, 0xfd, 0x0, 0x0, 0x0,
    0x0, 0x0, 0x0, 0x9f, 0xff, 0xff, 0xd0, 0x0,
    0xef, 0xff, 0xff, 0x80, 0x0, 0x0, 0x0, 0x0,
    0x0, 0x4, 0xff, 0xff, 0xff, 0x20, 0x4f, 0xff,
    0xff, 0xf2, 0x0, 0x0, 0x0, 0x0, 0x0, 0x0,
    0xe, 0xff, 0xff, 0xf8, 0xa, 0xff, 0xff, 0xfd,
    0x0, 0x0, 0x0, 0x0, 0x0, 0x0, 0x0, 0x9f,
    0xff, 0xff, 0xe0,

    /* U+0411 "Б" */
    0x8f, 0xff, 0xff, 0xff, 0xff, 0xff, 0xff, 0xff,
    0xff, 0xff, 0x30, 0x8, 0xff, 0xff, 0xff, 0xff,
    0xff, 0xff, 0xff, 0xff, 0xff, 0xf3, 0x0, 0x8f,
    0xff, 0xff, 0xff, 0xff, 0xff, 0xff, 0xff, 0xff,
    0xff, 0x30, 0x8, 0xff, 0xff, 0xff, 0xff, 0xff,
    0xff, 0xff, 0xff, 0xff, 0xf3, 0x0, 0x8f, 0xff,
    0xff, 0xfe, 0xee, 0xee, 0xee, 0xee, 0xee, 0xee,
    0x20, 0x8, 0xff, 0xff, 0xfc, 0x0, 0x0, 0x0,
    0x0, 0x0, 0x0, 0x0, 0x0, 0x8f, 0xff, 0xff,
    0xc0, 0x0, 0x0, 0x0, 0x0, 0x0, 0x0, 0x0,
    0x8, 0xff, 0xff, 0xfc, 0x0, 0x0, 0x0, 0x0,
    0x0, 0x0, 0x0, 0x0, 0x8f, 0xff, 0xff, 0xc0,
    0x0, 0x0, 0x0, 0x0, 0x0, 0x0, 0x0, 0x8,
    0xff, 0xff, 0xfc, 0x0, 0x0, 0x0, 0x0, 0x0,
    0x0, 0x0, 0x0, 0x8f, 0xff, 0xff, 0xc0, 0x0,
    0x0, 0x0, 0x0, 0x0, 0x0, 0x0, 0x8, 0xff,
    0xff, 0xff, 0xff, 0xff, 0xff, 0xec, 0x94, 0x0,
    0x0, 0x0, 0x8f, 0xff, 0xff, 0xff, 0xff, 0xff,
    0xff, 0xff, 0xfe, 0x60, 0x0, 0x8, 0xff, 0xff,
    0xff, 0xff, 0xff, 0xff, 0xff, 0xff, 0xff, 0xb1,
    0x0, 0x8f, 0xff, 0xff, 0xff, 0xff, 0xff, 0xff,
    0xff, 0xff, 0xff, 0xd0, 0x8, 0xff, 0xff, 0xff,
    0xee, 0xee, 0xef, 0xff, 0xff, 0xff, 0xff, 0x90,
    0x8f, 0xff, 0xff, 0xc0, 0x0, 0x0, 0x1, 0x7f,
    0xff, 0xff, 0xff, 0x28, 0xff, 0xff, 0xfc, 0x0,
    0x0, 0x0, 0x0, 0x3f, 0xff, 0xff, 0xf8, 0x8f,
    0xff, 0xff, 0xc0, 0x0, 0x0, 0x0, 0x0, 0x8f,
    0xff, 0xff, 0xc8, 0xff, 0xff, 0xfc, 0x0, 0x0,
    0x0, 0x0, 0x3, 0xff, 0xff, 0xff, 0x8f, 0xff,
    0xff, 0xc0, 0x0, 0x0, 0x0, 0x0, 0x2f, 0xff,
    0xff, 0xf8, 0xff, 0xff, 0xfc, 0x0, 0x0, 0x0,
    0x0, 0x4, 0xff, 0xff, 0xfe, 0x8f, 0xff, 0xff,
    0xc0, 0x0, 0x0, 0x0, 0x0, 0xaf, 0xff, 0xff,
    0xc8, 0xff, 0xff, 0xfc, 0x0, 0x0, 0x0, 0x0,
    0x4f, 0xff, 0xff, 0xf7, 0x8f, 0xff, 0xff, 0xc0,
    0x0, 0x0, 0x2, 0x8f, 0xff, 0xff, 0xff, 0x18,
    0xff, 0xff, 0xff, 0xee, 0xee, 0xef, 0xff, 0xff,
    0xff, 0xff, 0x80, 0x8f, 0xff, 0xff, 0xff, 0xff,
    0xff, 0xff, 0xff, 0xff, 0xff, 0xb0, 0x8, 0xff,
    0xff, 0xff, 0xff, 0xff, 0xff, 0xff, 0xff, 0xff,
    0xa0, 0x0, 0x8f, 0xff, 0xff, 0xff, 0xff, 0xff,
    0xff, 0xff, 0xfd, 0x50, 0x0, 0x8, 0xff, 0xff,
    0xff, 0xff, 0xff, 0xff, 0xec, 0x83, 0x0, 0x0,
    0x0,

    /* U+0412 "В" */
    0x5f, 0xff, 0xff, 0xff, 0xff, 0xff, 0xfd, 0xb8,
    0x40, 0x0, 0x0, 0x5, 0xff, 0xff, 0xff, 0xff,
    0xff, 0xff, 0xff, 0xff, 0xe7, 0x0, 0x0, 0x5f,
    0xff, 0xff, 0xff, 0xff, 0xff, 0xff, 0xff, 0xff,
    0xfc, 0x10, 0x5, 0xff, 0xff, 0xff, 0xff, 0xff,
    0xff, 0xff, 0xff, 0xff, 0xfc, 0x0, 0x5f, 0xff,
    0xff, 0xfe, 0xee, 0xee, 0xff, 0xff, 0xff, 0xff,
    0xf6, 0x5, 0xff, 0xff, 0xfd, 0x0, 0x0, 0x0,
    0x39, 0xff, 0xff, 0xff, 0xd0, 0x5f, 0xff, 0xff,
    0xd0, 0x0, 0x0, 0x0, 0x8, 0xff, 0xff, 0xff,
    0x15, 0xff, 0xff, 0xfd, 0x0, 0x0, 0x0, 0x0,
    0x1f, 0xff, 0xff, 0xf2, 0x5f, 0xff, 0xff, 0xd0,
    0x0, 0x0, 0x0, 0x0, 0xff, 0xff, 0xff, 0x25,
    0xff, 0xff, 0xfd, 0x0, 0x0, 0x0, 0x0, 0xf,
    0xff, 0xff, 0xf0, 0x5f, 0xff, 0xff, 0xd0, 0x0,
    0x0, 0x0, 0x4, 0xff, 0xff, 0xfc, 0x5, 0xff,
    0xff, 0xfd, 0x0, 0x0, 0x0, 0x2, 0xdf, 0xff,
    0xff, 0x50, 0x5f, 0xff, 0xff, 0xe5, 0x55, 0x55,
    0x7a, 0xff, 0xff, 0xff, 0xa0, 0x5, 0xff, 0xff,
    0xff, 0xff, 0xff, 0xff, 0xff, 0xff, 0xff, 0x80,
    0x0, 0x5f, 0xff, 0xff, 0xff, 0xff, 0xff, 0xff,
    0xff, 0xff, 0xa1, 0x0, 0x5, 0xff, 0xff, 0xff,
    0xff, 0xff, 0xff, 0xff, 0xff, 0xff, 0xf5, 0x0,
    0x5f, 0xff, 0xff, 0xff, 0xff, 0xff, 0xff, 0xff,
    0xff, 0xff, 0xf5, 0x5, 0xff, 0xff, 0xfd, 0x0,
    0x0, 0x0, 0x15, 0xdf, 0xff, 0xff, 0xf1, 0x5f,
    0xff, 0xff, 0xd0, 0x0, 0x0, 0x0, 0x1, 0xef,
    0xff, 0xff, 0x75, 0xff, 0xff, 0xfd, 0x0, 0x0,
    0x0, 0x0, 0x8, 0xff, 0xff, 0xfb, 0x5f, 0xff,
    0xff, 0xd0, 0x0, 0x0, 0x0, 0x0, 0x4f, 0xff,
    0xff, 0xd5, 0xff, 0xff, 0xfd, 0x0, 0x0, 0x0,
    0x0, 0x4, 0xff, 0xff, 0xfd, 0x5f, 0xff, 0xff,
    0xd0, 0x0, 0x0, 0x0, 0x0, 0x7f, 0xff, 0xff,
    0xc5, 0xff, 0xff, 0xfd, 0x0, 0x0, 0x0, 0x0,
    0x1e, 0xff, 0xff, 0xf9, 0x5f, 0xff, 0xff, 0xd0,
    0x0, 0x0, 0x0, 0x5d, 0xff, 0xff, 0xff, 0x55,
    0xff, 0xff, 0xff, 0xee, 0xee, 0xee, 0xff, 0xff,
    0xff, 0xff, 0xe0, 0x5f, 0xff, 0xff, 0xff, 0xff,
    0xff, 0xff, 0xff, 0xff, 0xff, 0xf4, 0x5, 0xff,
    0xff, 0xff, 0xff, 0xff, 0xff, 0xff, 0xff, 0xff,
    0xf6, 0x0, 0x5f, 0xff, 0xff, 0xff, 0xff, 0xff,
    0xff, 0xff, 0xff, 0xc3, 0x0, 0x5, 0xff, 0xff,
    0xff, 0xff, 0xff, 0xff, 0xfd, 0xb7, 0x20, 0x0,
    0x0,

    /* U+0413 "Г" */
    0x5f, 0xff, 0xff, 0xff, 0xff, 0xff, 0xff, 0xff,
    0xff, 0xff, 0x45, 0xff, 0xff, 0xff, 0xff, 0xff,
    0xff, 0xff, 0xff, 0xff, 0xf4, 0x5f, 0xff, 0xff,
    0xff, 0xff, 0xff, 0xff, 0xff, 0xff, 0xff, 0x45,
    0xff, 0xff, 0xff, 0xff, 0xff, 0xff, 0xff, 0xff,
    0xff, 0xf4, 0x5f, 0xff, 0xff, 0xfe, 0xee, 0xee,
    0xee, 0xee, 0xee, 0xee, 0x35, 0xff, 0xff, 0xfd,
    0x0, 0x0, 0x0, 0x0, 0x0, 0x0, 0x0, 0x5f,
    0xff, 0xff, 0xd0, 0x0, 0x0, 0x0, 0x0, 0x0,
    0x0, 0x5, 0xff, 0xff, 0xfd, 0x0, 0x0, 0x0,
    0x0, 0x0, 0x0, 0x0, 0x5f, 0xff, 0xff, 0xd0,
    0x0, 0x0, 0x0, 0x0, 0x0, 0x0, 0x5, 0xff,
    0xff, 0xfd, 0x0, 0x0, 0x0, 0x0, 0x0, 0x0,
    0x0, 0x5f, 0xff, 0xff, 0xd0, 0x0, 0x0, 0x0,
    0x0, 0x0, 0x0, 0x5, 0xff, 0xff, 0xfd, 0x0,
    0x0, 0x0, 0x0, 0x0, 0x0, 0x0, 0x5f, 0xff,
    0xff, 0xd0, 0x0, 0x0, 0x0, 0x0, 0x0, 0x0,
    0x5, 0xff, 0xff, 0xfd, 0x0, 0x0, 0x0, 0x0,
    0x0, 0x0, 0x0, 0x5f, 0xff, 0xff, 0xd0, 0x0,
    0x0, 0x0, 0x0, 0x0, 0x0, 0x5, 0xff, 0xff,
    0xfd, 0x0, 0x0, 0x0, 0x0, 0x0, 0x0, 0x0,
    0x5f, 0xff, 0xff, 0xd0, 0x0, 0x0, 0x0, 0x0,
    0x0, 0x0, 0x5, 0xff, 0xff, 0xfd, 0x0, 0x0,
    0x0, 0x0, 0x0, 0x0, 0x0, 0x5f, 0xff, 0xff,
    0xd0, 0x0, 0x0, 0x0, 0x0, 0x0, 0x0, 0x5,
    0xff, 0xff, 0xfd, 0x0, 0x0, 0x0, 0x0, 0x0,
    0x0, 0x0, 0x5f, 0xff, 0xff, 0xd0, 0x0, 0x0,
    0x0, 0x0, 0x0, 0x0, 0x5, 0xff, 0xff, 0xfd,
    0x0, 0x0, 0x0, 0x0, 0x0, 0x0, 0x0, 0x5f,
    0xff, 0xff, 0xd0, 0x0, 0x0, 0x0, 0x0, 0x0,
    0x0, 0x5, 0xff, 0xff, 0xfd, 0x0, 0x0, 0x0,
    0x0, 0x0, 0x0, 0x0, 0x5f, 0xff, 0xff, 0xd0,
    0x0, 0x0, 0x0, 0x0, 0x0, 0x0, 0x5, 0xff,
    0xff, 0xfd, 0x0, 0x0, 0x0, 0x0, 0x0, 0x0,
    0x0, 0x5f, 0xff, 0xff, 0xd0, 0x0, 0x0, 0x0,
    0x0, 0x0, 0x0, 0x5, 0xff, 0xff, 0xfd, 0x0,
    0x0, 0x0, 0x0, 0x0, 0x0, 0x0, 0x5f, 0xff,
    0xff, 0xd0, 0x0, 0x0, 0x0, 0x0, 0x0, 0x0,
    0x5, 0xff, 0xff, 0xfd, 0x0, 0x0, 0x0, 0x0,
    0x0, 0x0, 0x0,

    /* U+0414 "Д" */
    0x0, 0x0, 0x0, 0x3, 0xff, 0xff, 0xff, 0xff,
    0xff, 0xff, 0xff, 0xff, 0xff, 0xf5, 0x0, 0x0,
    0x0, 0x0, 0x0, 0x4f, 0xff, 0xff, 0xff, 0xff,
    0xff, 0xff, 0xff, 0xff, 0xff, 0x50, 0x0, 0x0,
    0x0, 0x0, 0x5, 0xff, 0xff, 0xff, 0xff, 0xff,
    0xff, 0xff, 0xff, 0xff, 0xf5, 0x0, 0x0, 0x0,
    0x0, 0x0, 0x6f, 0xff, 0xff, 0xff, 0xff, 0xff,
    0xff, 0xff, 0xff, 0xff, 0x50, 0x0, 0x0, 0x0,
    0x0, 0x7, 0xff, 0xff, 0xff, 0xee, 0xee, 0xee,
    0xef, 0xff, 0xff, 0xf5, 0x0, 0x0, 0x0, 0x0,
    0x0, 0x8f, 0xff, 0xff, 0xa0, 0x0, 0x0, 0x0,
    0xcf, 0xff, 0xff, 0x50, 0x0, 0x0, 0x0, 0x0,
    0x9, 0xff, 0xff, 0xf8, 0x0, 0x0, 0x0, 0xc,
    0xff, 0xff, 0xf5, 0x0, 0x0, 0x0, 0x0, 0x0,
    0xaf, 0xff, 0xff, 0x70, 0x0, 0x0, 0x0, 0xcf,
    0xff, 0xff, 0x50, 0x0, 0x0, 0x0, 0x0, 0xb,
    0xff, 0xff, 0xf6, 0x0, 0x0, 0x0, 0xc, 0xff,
    0xff, 0xf5, 0x0, 0x0, 0x0, 0x0, 0x0, 0xcf,
    0xff, 0xff, 0x50, 0x0, 0x0, 0x0, 0xcf, 0xff,
    0xff, 0x50, 0x0, 0x0, 0x0, 0x0, 0xd, 0xff,
    0xff, 0xf4, 0x0, 0x0, 0x0, 0xc, 0xff, 0xff,
    0xf5, 0x0, 0x0, 0x0, 0x0, 0x0, 0xef, 0xff,
    0xff, 0x30, 0x0, 0x0, 0x0, 0xcf, 0xff, 0xff,
    0x50, 0x0, 0x0, 0x0, 0x0, 0xf, 0xff, 0xff,
    0xf2, 0x0, 0x0, 0x0, 0xc, 0xff, 0xff, 0xf5,
    0x0, 0x0, 0x0, 0x0, 0x1, 0xff, 0xff, 0xff,
    0x10, 0x0, 0x0, 0x0, 0xcf, 0xff, 0xff, 0x50,
    0x0, 0x0, 0x0, 0x0, 0x2f, 0xff, 0xff, 0xf0,
    0x0, 0x0, 0x0, 0xc, 0xff, 0xff, 0xf5, 0x0,
    0x0, 0x0, 0x0, 0x4, 0xff, 0xff, 0xfd, 0x0,
    0x0, 0x0, 0x0, 0xcf, 0xff, 0xff, 0x50, 0x0,
    0x0, 0x0, 0x0, 0x7f, 0xff, 0xff, 0xb0, 0x0,
    0x0, 0x0, 0xc, 0xff, 0xff, 0xf5, 0x0, 0x0,
    0x0, 0x0, 0x9, 0xff, 0xff, 0xf8, 0x0, 0x0,
    0x0, 0x0, 0xcf, 0xff, 0xff, 0x50, 0x0, 0x0,
    0x0, 0x0, 0xdf, 0xff, 0xff, 0x50, 0x0, 0x0,
    0x0, 0xc, 0xff, 0xff, 0xf5, 0x0, 0x0, 0x0,
    0x0, 0x1f, 0xff, 0xff, 0xf1, 0x0, 0x0, 0x0,
    0x0, 0xcf, 0xff, 0xff, 0x50, 0x0, 0x0, 0x0,
    0x6, 0xff, 0xff, 0xfc, 0x0, 0x0, 0x0, 0x0,
    0xc, 0xff, 0xff, 0xf5, 0x0, 0x0, 0x0, 0x0,
    0xcf, 0xff, 0xff, 0x70, 0x0, 0x0, 0x0, 0x0,
    0xcf, 0xff, 0xff, 0x50, 0x0, 0x0, 0x0, 0x3f,
    0xff, 0xff, 0xf1, 0x0, 0x0, 0x0, 0x0, 0xc,
    0xff, 0xff, 0xf5, 0x0, 0x0, 0x0, 0xc, 0xff,
    0xff, 0xfa, 0x0, 0x0, 0x0, 0x0, 0x0, 0xcf,
    0xff, 0xff, 0x50, 0x0, 0x0, 0xa, 0xff, 0xff,
    0xff, 0x20, 0x0, 0x0, 0x0, 0x0, 0xc, 0xff,
    0xff, 0xf5, 0x0, 0x6, 0xff, 0xff, 0xff, 0xff,
    0xfe, 0xee, 0xee, 0xee, 0xee, 0xee, 0xff, 0xff,
    0xff, 0xfe, 0xea, 0x6f, 0xff, 0xff, 0xff, 0xff,
    0xff, 0xff, 0xff, 0xff, 0xff, 0xff, 0xff, 0xff,
    0xff, 0xff, 0xb6, 0xff, 0xff, 0xff, 0xff, 0xff,
    0xff, 0xff, 0xff, 0xff, 0xff, 0xff, 0xff, 0xff,
    0xff, 0xfa, 0x5f, 0xff, 0xff, 0xff, 0xff, 0xff,
    0xff, 0xff, 0xff, 0xff, 0xff, 0xff, 0xff, 0xff,
    0xff, 0xa5, 0xff, 0xff, 0xff, 0xff, 0xff, 0xff,
    0xff, 0xff, 0xff, 0xff, 0xff, 0xff, 0xff, 0xff,
    0xf9, 0x5f, 0xff, 0xff, 0xa0, 0x0, 0x0, 0x0,
    0x0, 0x0, 0x0, 0x0, 0x0, 0x6f, 0xff, 0xff,
    0x84, 0xff, 0xff, 0xfa, 0x0, 0x0, 0x0, 0x0,
    0x0, 0x0, 0x0, 0x0, 0x6, 0xff, 0xff, 0xf8,
    0x4f, 0xff, 0xff, 0xa0, 0x0, 0x0, 0x0, 0x0,
    0x0, 0x0, 0x0, 0x0, 0x6f, 0xff, 0xff, 0x73,
    0xff, 0xff, 0xfa, 0x0, 0x0, 0x0, 0x0, 0x0,
    0x0, 0x0, 0x0, 0x6, 0xff, 0xff, 0xf6, 0x3f,
    0xff, 0xff, 0xa0, 0x0, 0x0, 0x0, 0x0, 0x0,
    0x0, 0x0, 0x0, 0x6f, 0xff, 0xff, 0x62, 0xff,
    0xff, 0xfa, 0x0, 0x0, 0x0, 0x0, 0x0, 0x0,
    0x0, 0x0, 0x6, 0xff, 0xff, 0xf5, 0x2f, 0xff,
    0xff, 0xa0, 0x0, 0x0, 0x0, 0x0, 0x0, 0x0,
    0x0, 0x0, 0x6f, 0xff, 0xff, 0x41, 0x88, 0x88,
    0x85, 0x0, 0x0, 0x0, 0x0, 0x0, 0x0, 0x0,
    0x0, 0x3, 0x88, 0x88, 0x82,

    /* U+0415 "Е" */
    0x5f, 0xff, 0xff, 0xff, 0xff, 0xff, 0xff, 0xff,
    0xff, 0xff, 0xb5, 0xff, 0xff, 0xff, 0xff, 0xff,
    0xff, 0xff, 0xff, 0xff, 0xfb, 0x5f, 0xff, 0xff,
    0xff, 0xff, 0xff, 0xff, 0xff, 0xff, 0xff, 0xb5,
    0xff, 0xff, 0xff, 0xff, 0xff, 0xff, 0xff, 0xff,
    0xff, 0xfb, 0x5f, 0xff, 0xff, 0xfe, 0xee, 0xee,
    0xee, 0xee, 0xee, 0xee, 0xa5, 0xff, 0xff, 0xfd,
    0x0, 0x0, 0x0, 0x0, 0x0, 0x0, 0x0, 0x5f,
    0xff, 0xff, 0xd0, 0x0, 0x0, 0x0, 0x0, 0x0,
    0x0, 0x5, 0xff, 0xff, 0xfd, 0x0, 0x0, 0x0,
    0x0, 0x0, 0x0, 0x0, 0x5f, 0xff, 0xff, 0xd0,
    0x0, 0x0, 0x0, 0x0, 0x0, 0x0, 0x5, 0xff,
    0xff, 0xfd, 0x0, 0x0, 0x0, 0x0, 0x0, 0x0,
    0x0, 0x5f, 0xff, 0xff, 0xd0, 0x0, 0x0, 0x0,
    0x0, 0x0, 0x0, 0x5, 0xff, 0xff, 0xfd, 0x0,
    0x0, 0x0, 0x0, 0x0, 0x0, 0x0, 0x5f, 0xff,
    0xff, 0xff, 0xff, 0xff, 0xff, 0xff, 0xff, 0xa0,
    0x5, 0xff, 0xff, 0xff, 0xff, 0xff, 0xff, 0xff,
    0xff, 0xfa, 0x0, 0x5f, 0xff, 0xff, 0xff, 0xff,
    0xff, 0xff, 0xff, 0xff, 0xa0, 0x5, 0xff, 0xff,
    0xff, 0xff, 0xff, 0xff, 0xff, 0xff, 0xfa, 0x0,
    0x5f, 0xff, 0xff, 0xfc, 0xcc, 0xcc, 0xcc, 0xcc,
    0xcc, 0x70, 0x5, 0xff, 0xff, 0xfd, 0x0, 0x0,
    0x0, 0x0, 0x0, 0x0, 0x0, 0x5f, 0xff, 0xff,
    0xd0, 0x0, 0x0, 0x0, 0x0, 0x0, 0x0, 0x5,
    0xff, 0xff, 0xfd, 0x0, 0x0, 0x0, 0x0, 0x0,
    0x0, 0x0, 0x5f, 0xff, 0xff, 0xd0, 0x0, 0x0,
    0x0, 0x0, 0x0, 0x0, 0x5, 0xff, 0xff, 0xfd,
    0x0, 0x0, 0x0, 0x0, 0x0, 0x0, 0x0, 0x5f,
    0xff, 0xff, 0xd0, 0x0, 0x0, 0x0, 0x0, 0x0,
    0x0, 0x5, 0xff, 0xff, 0xfd, 0x0, 0x0, 0x0,
    0x0, 0x0, 0x0, 0x0, 0x5f, 0xff, 0xff, 0xd0,
    0x0, 0x0, 0x0, 0x0, 0x0, 0x0, 0x5, 0xff,
    0xff, 0xff, 0xee, 0xee, 0xee, 0xee, 0xee, 0xee,
    0xea, 0x5f, 0xff, 0xff, 0xff, 0xff, 0xff, 0xff,
    0xff, 0xff, 0xff, 0xb5, 0xff, 0xff, 0xff, 0xff,
    0xff, 0xff, 0xff, 0xff, 0xff, 0xfb, 0x5f, 0xff,
    0xff, 0xff, 0xff, 0xff, 0xff, 0xff, 0xff, 0xff,
    0xb5, 0xff, 0xff, 0xff, 0xff, 0xff, 0xff, 0xff,
    0xff, 0xff, 0xfb,

    /* U+0416 "Ж" */
    0xd, 0xff, 0xff, 0xff, 0xb0, 0x0, 0x0, 0x0,
    0x0, 0xcf, 0xff, 0xff, 0x50, 0x0, 0x0, 0x0,
    0x6, 0xff, 0xff, 0xff, 0xf3, 0x4, 0xff, 0xff,
    0xff, 0xf4, 0x0, 0x0, 0x0, 0x0, 0xcf, 0xff,
    0xff, 0x50, 0x0, 0x0, 0x0, 0xe, 0xff, 0xff,
    0xff, 0x80, 0x0, 0x9f, 0xff, 0xff, 0xfd, 0x0,
    0x0, 0x0, 0x0, 0xcf, 0xff, 0xff, 0x50, 0x0,
    0x0, 0x0, 0x8f, 0xff, 0xff, 0xfe, 0x0, 0x0,
    0xe, 0xff, 0xff, 0xff, 0x50, 0x0, 0x0, 0x0,
    0xcf, 0xff, 0xff, 0x50, 0x0, 0x0, 0x1, 0xff,
    0xff, 0xff, 0xf4, 0x0, 0x0, 0x4, 0xff, 0xff,
    0xff, 0xe0, 0x0, 0x0, 0x0, 0xcf, 0xff, 0xff,
    0x50, 0x0, 0x0, 0x9, 0xff, 0xff, 0xff, 0xa0,
    0x0, 0x0, 0x0, 0xaf, 0xff, 0xff, 0xf7, 0x0,
    0x0, 0x0, 0xcf, 0xff, 0xff, 0x50, 0x0, 0x0,
    0x2f, 0xff, 0xff, 0xfe, 0x10, 0x0, 0x0, 0x0,
    0x1e, 0xff, 0xff, 0xff, 0x10, 0x0, 0x0, 0xcf,
    0xff, 0xff, 0x50, 0x0, 0x0, 0xaf, 0xff, 0xff,
    0xf5, 0x0, 0x0, 0x0, 0x0, 0x5, 0xff, 0xff,
    0xff, 0x90, 0x0, 0x0, 0xcf, 0xff, 0xff, 0x50,
    0x0, 0x3, 0xff, 0xff, 0xff, 0xb0, 0x0, 0x0,
    0x0, 0x0, 0x0, 0xbf, 0xff, 0xff, 0xf2, 0x0,
    0x0, 0xcf, 0xff, 0xff, 0x50, 0x0, 0xc, 0xff,
    0xff, 0xff, 0x20, 0x0, 0x0, 0x0, 0x0, 0x0,
    0x1f, 0xff, 0xff, 0xfb, 0x0, 0x0, 0xcf, 0xff,
    0xff, 0x50, 0x0, 0x4f, 0xff, 0xff, 0xf7, 0x0,
    0x0, 0x0, 0x0, 0x0, 0x0, 0x6, 0xff, 0xff,
    0xff, 0x40, 0x0, 0xcf, 0xff, 0xff, 0x50, 0x0,
    0xdf, 0xff, 0xff, 0xc0, 0x0, 0x0, 0x0, 0x0,
    0x0, 0x0, 0x0, 0xcf, 0xff, 0xff, 0xd0, 0x0,
    0xcf, 0xff, 0xff, 0x50, 0x6, 0xff, 0xff, 0xff,
    0x20, 0x0, 0x0, 0x0, 0x0, 0x0, 0x0, 0x0,
    0x2f, 0xff, 0xff, 0xff, 0xff, 0xff, 0xff, 0xff,
    0xff, 0xff, 0xff, 0xff, 0xf8, 0x0, 0x0, 0x0,
    0x0, 0x0, 0x0, 0x0, 0x0, 0x8, 0xff, 0xff,
    0xff, 0xff, 0xff, 0xff, 0xff, 0xff, 0xff, 0xff,
    0xff, 0xe0, 0x0, 0x0, 0x0, 0x0, 0x0, 0x0,
    0x0, 0x0, 0xc, 0xff, 0xff, 0xff, 0xff, 0xff,
    0xff, 0xff, 0xff, 0xff, 0xff, 0xff, 0xf3, 0x0,
    0x0, 0x0, 0x0, 0x0, 0x0, 0x0, 0x0, 0x5f,
    0xff, 0xff, 0xff, 0xff, 0xff, 0xff, 0xff, 0xff,
    0xff, 0xff, 0xff, 0xfc, 0x0, 0x0, 0x0, 0x0,
    0x0, 0x0, 0x0, 0x0, 0xef, 0xff, 0xff, 0xff,
    0xff, 0xff, 0xff, 0xff, 0xff, 0xff, 0xff, 0xff,
    0xff, 0x50, 0x0, 0x0, 0x0, 0x0, 0x0, 0x0,
    0x8, 0xff, 0xff, 0xff, 0xc8, 0x88, 0xef, 0xff,
    0xff, 0xb8, 0x89, 0xff, 0xff, 0xff, 0xe0, 0x0,
    0x0, 0x0, 0x0, 0x0, 0x0, 0x1f, 0xff, 0xff,
    0xff, 0x10, 0x0, 0xcf, 0xff, 0xff, 0x50, 0x0,
    0xaf, 0xff, 0xff, 0xf7, 0x0, 0x0, 0x0, 0x0,
    0x0, 0x0, 0xaf, 0xff, 0xff, 0xf8, 0x0, 0x0,
    0xcf, 0xff, 0xff, 0x50, 0x0, 0x2f, 0xff, 0xff,
    0xff, 0x10, 0x0, 0x0, 0x0, 0x0, 0x3, 0xff,
    0xff, 0xff, 0xf1, 0x0, 0x0, 0xcf, 0xff, 0xff,
    0x50, 0x0, 0x9, 0xff, 0xff, 0xff, 0x90, 0x0,
    0x0, 0x0, 0x0, 0xc, 0xff, 0xff, 0xff, 0x70,
    0x0, 0x0, 0xcf, 0xff, 0xff, 0x50, 0x0, 0x1,
    0xff, 0xff, 0xff, 0xf2, 0x0, 0x0, 0x0, 0x0,
    0x5f, 0xff, 0xff, 0xfe, 0x0, 0x0, 0x0, 0xcf,
    0xff, 0xff, 0x50, 0x0, 0x0, 0x9f, 0xff, 0xff,
    0xfb, 0x0, 0x0, 0x0, 0x0, 0xef, 0xff, 0xff,
    0xf6, 0x0, 0x0, 0x0, 0xcf, 0xff, 0xff, 0x50,
    0x0, 0x0, 0x1f, 0xff, 0xff, 0xff, 0x40, 0x0,
    0x0, 0x8, 0xff, 0xff, 0xff, 0xe0, 0x0, 0x0,
    0x0, 0xcf, 0xff, 0xff, 0x50, 0x0, 0x0, 0x8,
    0xff, 0xff, 0xff, 0xd0, 0x0, 0x0, 0x2f, 0xff,
    0xff, 0xff, 0x60, 0x0, 0x0, 0x0, 0xcf, 0xff,
    0xff, 0x50, 0x0, 0x0, 0x1, 0xff, 0xff, 0xff,
    0xf6, 0x0, 0x0, 0xaf, 0xff, 0xff, 0xfd, 0x0,
    0x0, 0x0, 0x0, 0xcf, 0xff, 0xff, 0x50, 0x0,
    0x0, 0x0, 0x8f, 0xff, 0xff, 0xfe, 0x0, 0x3,
    0xff, 0xff, 0xff, 0xf5, 0x0, 0x0, 0x0, 0x0,
    0xcf, 0xff, 0xff, 0x50, 0x0, 0x0, 0x0, 0x1e,
    0xff, 0xff, 0xff, 0x80, 0xc, 0xff, 0xff, 0xff,
    0xc0, 0x0, 0x0, 0x0, 0x0, 0xcf, 0xff, 0xff,
    0x50, 0x0, 0x0, 0x0, 0x7, 0xff, 0xff, 0xff,
    0xf2, 0x6f, 0xff, 0xff, 0xff, 0x40, 0x0, 0x0,
    0x0, 0x0, 0xcf, 0xff, 0xff, 0x50, 0x0, 0x0,
    0x0, 0x0, 0xef, 0xff, 0xff, 0xfa,

    /* U+0417 "З" */
    0x0, 0x0, 0x0, 0x27, 0xbd, 0xff, 0xfe, 0xc9,
    0x51, 0x0, 0x0, 0x0, 0x0, 0x0, 0x2b, 0xff,
    0xff, 0xff, 0xff, 0xff, 0xff, 0x91, 0x0, 0x0,
    0x0, 0x6, 0xff, 0xff, 0xff, 0xff, 0xff, 0xff,
    0xff, 0xfe, 0x40, 0x0, 0x0, 0x7f, 0xff, 0xff,
    0xff, 0xff, 0xff, 0xff, 0xff, 0xff, 0xf3, 0x0,
    0x3, 0xff, 0xff, 0xff, 0xff, 0xfe, 0xef, 0xff,
    0xff, 0xff, 0xfc, 0x0, 0xa, 0xff, 0xff, 0xff,
    0xa3, 0x0, 0x1, 0x7e, 0xff, 0xff, 0xff, 0x30,
    0xf, 0xff, 0xff, 0xf8, 0x0, 0x0, 0x0, 0x2,
    0xff, 0xff, 0xff, 0x70, 0x2f, 0xff, 0xff, 0xf0,
    0x0, 0x0, 0x0, 0x0, 0xaf, 0xff, 0xff, 0x90,
    0x2, 0x22, 0x22, 0x10, 0x0, 0x0, 0x0, 0x0,
    0x9f, 0xff, 0xff, 0x90, 0x0, 0x0, 0x0, 0x0,
    0x0, 0x0, 0x0, 0x0, 0xcf, 0xff, 0xff, 0x60,
    0x0, 0x0, 0x0, 0x0, 0x0, 0x0, 0x0, 0x4,
    0xff, 0xff, 0xfe, 0x0, 0x0, 0x0, 0x0, 0x0,
    0x12, 0x22, 0x24, 0x9f, 0xff, 0xff, 0xf5, 0x0,
    0x0, 0x0, 0x0, 0x0, 0xdf, 0xff, 0xff, 0xff,
    0xff, 0xff, 0x70, 0x0, 0x0, 0x0, 0x0, 0x0,
    0xdf, 0xff, 0xff, 0xff, 0xff, 0xc3, 0x0, 0x0,
    0x0, 0x0, 0x0, 0x0, 0xef, 0xff, 0xff, 0xff,
    0xff, 0xd5, 0x0, 0x0, 0x0, 0x0, 0x0, 0x0,
    0xdf, 0xff, 0xff, 0xff, 0xff, 0xff, 0xa0, 0x0,
    0x0, 0x0, 0x0, 0x0, 0x57, 0x77, 0x79, 0xdf,
    0xff, 0xff, 0xfa, 0x0, 0x0, 0x0, 0x0, 0x0,
    0x0, 0x0, 0x0, 0x7, 0xff, 0xff, 0xff, 0x40,
    0x0, 0x0, 0x0, 0x0, 0x0, 0x0, 0x0, 0x0,
    0xaf, 0xff, 0xff, 0xa0, 0x0, 0x0, 0x0, 0x0,
    0x0, 0x0, 0x0, 0x0, 0x4f, 0xff, 0xff, 0xe0,
    0x0, 0x0, 0x0, 0x0, 0x0, 0x0, 0x0, 0x0,
    0x1f, 0xff, 0xff, 0xf0, 0x7d, 0xdd, 0xdd, 0x80,
    0x0, 0x0, 0x0, 0x0, 0x2f, 0xff, 0xff, 0xf0,
    0x8f, 0xff, 0xff, 0xd0, 0x0, 0x0, 0x0, 0x0,
    0x6f, 0xff, 0xff, 0xf0, 0x5f, 0xff, 0xff, 0xf7,
    0x0, 0x0, 0x0, 0x2, 0xef, 0xff, 0xff, 0xc0,
    0xe, 0xff, 0xff, 0xff, 0xa2, 0x0, 0x1, 0x6e,
    0xff, 0xff, 0xff, 0x60, 0x6, 0xff, 0xff, 0xff,
    0xff, 0xed, 0xef, 0xff, 0xff, 0xff, 0xfd, 0x0,
    0x0, 0xaf, 0xff, 0xff, 0xff, 0xff, 0xff, 0xff,
    0xff, 0xff, 0xe2, 0x0, 0x0, 0x9, 0xff, 0xff,
    0xff, 0xff, 0xff, 0xff, 0xff, 0xfd, 0x20, 0x0,
    0x0, 0x0, 0x4c, 0xff, 0xff, 0xff, 0xff, 0xff,
    0xfe, 0x80, 0x0, 0x0, 0x0, 0x0, 0x0, 0x27,
    0xbd, 0xff, 0xfe, 0xc9, 0x50, 0x0, 0x0, 0x0,

    /* U+0418 "И" */
    0x9f, 0xff, 0xff, 0x90, 0x0, 0x0, 0x0, 0x0,
    0x0, 0xbf, 0xff, 0xff, 0xc9, 0xff, 0xff, 0xf9,
    0x0, 0x0, 0x0, 0x0, 0x0, 0x4f, 0xff, 0xff,
    0xfc, 0x9f, 0xff, 0xff, 0x90, 0x0, 0x0, 0x0,
    0x0, 0xd, 0xff, 0xff, 0xff, 0xc9, 0xff, 0xff,
    0xf9, 0x0, 0x0, 0x0, 0x0, 0x7, 0xff, 0xff,
    0xff, 0xfc, 0x9f, 0xff, 0xff, 0x90, 0x0, 0x0,
    0x0, 0x1, 0xff, 0xff, 0xff, 0xff, 0xc9, 0xff,
    0xff, 0xf9, 0x0, 0x0, 0x0, 0x0, 0xaf, 0xff,
    0xff, 0xff, 0xfc, 0x9f, 0xff, 0xff, 0x90, 0x0,
    0x0, 0x0, 0x4f, 0xff, 0xff, 0xff, 0xff, 0xc9,
    0xff, 0xff, 0xf9, 0x0, 0x0, 0x0, 0xd, 0xff,
    0xff, 0xff, 0xff, 0xfc, 0x9f, 0xff, 0xff, 0x90,
    0x0, 0x0, 0x6, 0xff, 0xff, 0xff, 0xff, 0xff,
    0xc9, 0xff, 0xff, 0xf9, 0x0, 0x0, 0x1, 0xff,
    0xff, 0xff, 0xff, 0xff, 0xfc, 0x9f, 0xff, 0xff,
    0x90, 0x0, 0x0, 0x9f, 0xff, 0xff, 0x9f, 0xff,
    0xff, 0xc9, 0xff, 0xff, 0xf9, 0x0, 0x0, 0x3f,
    0xff, 0xff, 0x86, 0xff, 0xff, 0xfc, 0x9f, 0xff,
    0xff, 0x90, 0x0, 0xc, 0xff, 0xff, 0xe0, 0x6f,
    0xff, 0xff, 0xc9, 0xff, 0xff, 0xf9, 0x0, 0x6,
    0xff, 0xff, 0xf5, 0x6, 0xff, 0xff, 0xfc, 0x9f,
    0xff, 0xff, 0x90, 0x1, 0xef, 0xff, 0xfc, 0x0,
    0x6f, 0xff, 0xff, 0xc9, 0xff, 0xff, 0xf9, 0x0,
    0x9f, 0xff, 0xff, 0x20, 0x6, 0xff, 0xff, 0xfc,
    0x9f, 0xff, 0xff, 0x90, 0x2f, 0xff, 0xff, 0x90,
    0x0, 0x6f, 0xff, 0xff, 0xc9, 0xff, 0xff, 0xf9,
    0xc, 0xff, 0xff, 0xe1, 0x0, 0x6, 0xff, 0xff,
    0xfc, 0x9f, 0xff, 0xff, 0x95, 0xff, 0xff, 0xf6,
    0x0, 0x0, 0x6f, 0xff, 0xff, 0xc9, 0xff, 0xff,
    0xfa, 0xef, 0xff, 0xfc, 0x0, 0x0, 0x6, 0xff,
    0xff, 0xfc, 0x9f, 0xff, 0xff, 0xff, 0xff, 0xff,
    0x30, 0x0, 0x0, 0x6f, 0xff, 0xff, 0xc9, 0xff,
    0xff, 0xff, 0xff, 0xff, 0x90, 0x0, 0x0, 0x6,
    0xff, 0xff, 0xfc, 0x9f, 0xff, 0xff, 0xff, 0xff,
    0xf1, 0x0, 0x0, 0x0, 0x6f, 0xff, 0xff, 0xc9,
    0xff, 0xff, 0xff, 0xff, 0xf7, 0x0, 0x0, 0x0,
    0x6, 0xff, 0xff, 0xfc, 0x9f, 0xff, 0xff, 0xff,
    0xfd, 0x0, 0x0, 0x0, 0x0, 0x6f, 0xff, 0xff,
    0xc9, 0xff, 0xff, 0xff, 0xff, 0x40, 0x0, 0x0,
    0x0, 0x6, 0xff, 0xff, 0xfc, 0x9f, 0xff, 0xff,
    0xff, 0xa0, 0x0, 0x0, 0x0, 0x0, 0x6f, 0xff,
    0xff, 0xc9, 0xff, 0xff, 0xff, 0xf1, 0x0, 0x0,
    0x0, 0x0, 0x6, 0xff, 0xff, 0xfc, 0x9f, 0xff,
    0xff, 0xf7, 0x0, 0x0, 0x0, 0x0, 0x0, 0x6f,
    0xff, 0xff, 0xc9, 0xff, 0xff, 0xfd, 0x0, 0x0,
    0x0, 0x0, 0x0, 0x6, 0xff, 0xff, 0xfc,

    /* U+0419 "Й" */
    0x0, 0x0, 0x3, 0x88, 0x85, 0x0, 0x0, 0x3,
    0x88, 0x86, 0x0, 0x0, 0x0, 0x0, 0x0, 0x6f,
    0xff, 0xd0, 0x0, 0x0, 0x8f, 0xff, 0xb0, 0x0,
    0x0, 0x0, 0x0, 0x3, 0xff, 0xff, 0x40, 0x0,
    0x1e, 0xff, 0xf7, 0x0, 0x0, 0x0, 0x0, 0x0,
    0xc, 0xff, 0xff, 0x85, 0x7d, 0xff, 0xff, 0x10,
    0x0, 0x0, 0x0, 0x0, 0x0, 0x3f, 0xff, 0xff,
    0xff, 0xff, 0xff, 0x70, 0x0, 0x0, 0x0, 0x0,
    0x0, 0x0, 0x4e, 0xff, 0xff, 0xff, 0xff, 0x70,
    0x0, 0x0, 0x0, 0x0, 0x0, 0x0, 0x0, 0x7,
    0xce, 0xff, 0xd8, 0x20, 0x0, 0x0, 0x0, 0x0,
    0x0, 0x0, 0x0, 0x0, 0x0, 0x0, 0x0, 0x0,
    0x0, 0x0, 0x0, 0x0, 0x0, 0x0, 0x0, 0x0,
    0x0, 0x0, 0x0, 0x0, 0x0, 0x0, 0x0, 0x0,
    0x9, 0xff, 0xff, 0xf9, 0x0, 0x0, 0x0, 0x0,
    0x0, 0xb, 0xff, 0xff, 0xfc, 0x9f, 0xff, 0xff,
    0x90, 0x0, 0x0, 0x0, 0x0, 0x4, 0xff, 0xff,
    0xff, 0xc9, 0xff, 0xff, 0xf9, 0x0, 0x0, 0x0,
    0x0, 0x0, 0xdf, 0xff, 0xff, 0xfc, 0x9f, 0xff,
    0xff, 0x90, 0x0, 0x0, 0x0, 0x0, 0x7f, 0xff,
    0xff, 0xff, 0xc9, 0xff, 0xff, 0xf9, 0x0, 0x0,
    0x0, 0x0, 0x1f, 0xff, 0xff, 0xff, 0xfc, 0x9f,
    0xff, 0xff, 0x90, 0x0, 0x0, 0x0, 0xa, 0xff,
    0xff, 0xff, 0xff, 0xc9, 0xff, 0xff, 0xf9, 0x0,
    0x0, 0x0, 0x4, 0xff, 0xff, 0xff, 0xff, 0xfc,
    0x9f, 0xff, 0xff, 0x90, 0x0, 0x0, 0x0, 0xdf,
    0xff, 0xff, 0xff, 0xff, 0xc9, 0xff, 0xff, 0xf9,
    0x0, 0x0, 0x0, 0x6f, 0xff, 0xff, 0xff, 0xff,
    0xfc, 0x9f, 0xff, 0xff, 0x90, 0x0, 0x0, 0x1f,
    0xff, 0xff, 0xff, 0xff, 0xff, 0xc9, 0xff, 0xff,
    0xf9, 0x0, 0x0, 0x9, 0xff, 0xff, 0xf9, 0xff,
    0xff, 0xfc, 0x9f, 0xff, 0xff, 0x90, 0x0, 0x3,
    0xff, 0xff, 0xf8, 0x6f, 0xff, 0xff, 0xc9, 0xff,
    0xff, 0xf9, 0x0, 0x0, 0xcf, 0xff, 0xfe, 0x6,
    0xff, 0xff, 0xfc, 0x9f, 0xff, 0xff, 0x90, 0x0,
    0x6f, 0xff, 0xff, 0x50, 0x6f, 0xff, 0xff, 0xc9,
    0xff, 0xff, 0xf9, 0x0, 0x1e, 0xff, 0xff, 0xc0,
    0x6, 0xff, 0xff, 0xfc, 0x9f, 0xff, 0xff, 0x90,
    0x9, 0xff, 0xff, 0xf2, 0x0, 0x6f, 0xff, 0xff,
    0xc9, 0xff, 0xff, 0xf9, 0x2, 0xff, 0xff, 0xf9,
    0x0, 0x6, 0xff, 0xff, 0xfc, 0x9f, 0xff, 0xff,
    0x90, 0xcf, 0xff, 0xfe, 0x10, 0x0, 0x6f, 0xff,
    0xff, 0xc9, 0xff, 0xff, 0xf9, 0x5f, 0xff, 0xff,
    0x60, 0x0, 0x6, 0xff, 0xff, 0xfc, 0x9f, 0xff,
    0xff, 0xae, 0xff, 0xff, 0xc0, 0x0, 0x0, 0x6f,
    0xff, 0xff, 0xc9, 0xff, 0xff, 0xff, 0xff, 0xff,
    0xf3, 0x0, 0x0, 0x6, 0xff, 0xff, 0xfc, 0x9f,
    0xff, 0xff, 0xff, 0xff, 0xf9, 0x0, 0x0, 0x0,
    0x6f, 0xff, 0xff, 0xc9, 0xff, 0xff, 0xff, 0xff,
    0xff, 0x10, 0x0, 0x0, 0x6, 0xff, 0xff, 0xfc,
    0x9f, 0xff, 0xff, 0xff, 0xff, 0x70, 0x0, 0x0,
    0x0, 0x6f, 0xff, 0xff, 0xc9, 0xff, 0xff, 0xff,
    0xff, 0xd0, 0x0, 0x0, 0x0, 0x6, 0xff, 0xff,
    0xfc, 0x9f, 0xff, 0xff, 0xff, 0xf4, 0x0, 0x0,
    0x0, 0x0, 0x6f, 0xff, 0xff, 0xc9, 0xff, 0xff,
    0xff, 0xfa, 0x0, 0x0, 0x0, 0x0, 0x6, 0xff,
    0xff, 0xfc, 0x9f, 0xff, 0xff, 0xff, 0x10, 0x0,
    0x0, 0x0, 0x0, 0x6f, 0xff, 0xff, 0xc9, 0xff,
    0xff, 0xff, 0x70, 0x0, 0x0, 0x0, 0x0, 0x6,
    0xff, 0xff, 0xfc, 0x9f, 0xff, 0xff, 0xd0, 0x0,
    0x0, 0x0, 0x0, 0x0, 0x6f, 0xff, 0xff, 0xc0,

    /* U+041A "К" */
    0x5f, 0xff, 0xff, 0xd0, 0x0, 0x0, 0x0, 0x0,
    0x5f, 0xff, 0xff, 0xff, 0x20, 0x5f, 0xff, 0xff,
    0xd0, 0x0, 0x0, 0x0, 0x0, 0xef, 0xff, 0xff,
    0xf7, 0x0, 0x5f, 0xff, 0xff, 0xd0, 0x0, 0x0,
    0x0, 0x8, 0xff, 0xff, 0xff, 0xc0, 0x0, 0x5f,
    0xff, 0xff, 0xd0, 0x0, 0x0, 0x0, 0x2f, 0xff,
    0xff, 0xff, 0x20, 0x0, 0x5f, 0xff, 0xff, 0xd0,
    0x0, 0x0, 0x0, 0xcf, 0xff, 0xff, 0xf8, 0x0,
    0x0, 0x5f, 0xff, 0xff, 0xd0, 0x0, 0x0, 0x5,
    0xff, 0xff, 0xff, 0xd0, 0x0, 0x0, 0x5f, 0xff,
    0xff, 0xd0, 0x0, 0x0, 0xe, 0xff, 0xff, 0xff,
    0x30, 0x0, 0x0, 0x5f, 0xff, 0xff, 0xd0, 0x0,
    0x0, 0x9f, 0xff, 0xff, 0xf8, 0x0, 0x0, 0x0,
    0x5f, 0xff, 0xff, 0xd0, 0x0, 0x3, 0xff, 0xff,
    0xff, 0xd0, 0x0, 0x0, 0x0, 0x5f, 0xff, 0xff,
    0xd0, 0x0, 0xc, 0xff, 0xff, 0xff, 0x40, 0x0,
    0x0, 0x0, 0x5f, 0xff, 0xff, 0xd0, 0x0, 0x6f,
    0xff, 0xff, 0xf9, 0x0, 0x0, 0x0, 0x0, 0x5f,
    0xff, 0xff, 0xd0, 0x1, 0xef, 0xff, 0xff, 0xe0,
    0x0, 0x0, 0x0, 0x0, 0x5f, 0xff, 0xff, 0xff,
    0xff, 0xff, 0xff, 0xff, 0x40, 0x0, 0x0, 0x0,
    0x0, 0x5f, 0xff, 0xff, 0xff, 0xff, 0xff, 0xff,
    0xfa, 0x0, 0x0, 0x0, 0x0, 0x0, 0x5f, 0xff,
    0xff, 0xff, 0xff, 0xff, 0xff, 0xf8, 0x0, 0x0,
    0x0, 0x0, 0x0, 0x5f, 0xff, 0xff, 0xff, 0xff,
    0xff, 0xff, 0xff, 0x30, 0x0, 0x0, 0x0, 0x0,
    0x5f, 0xff, 0xff, 0xff, 0xff, 0xff, 0xff, 0xff,
    0xc0, 0x0, 0x0, 0x0, 0x0, 0x5f, 0xff, 0xff,
    0xf9, 0x99, 0xcf, 0xff, 0xff, 0xf7, 0x0, 0x0,
    0x0, 0x0, 0x5f, 0xff, 0xff, 0xd0, 0x0, 0x1f,
    0xff, 0xff, 0xff, 0x20, 0x0, 0x0, 0x0, 0x5f,
    0xff, 0xff, 0xd0, 0x0, 0x6, 0xff, 0xff, 0xff,
    0xb0, 0x0, 0x0, 0x0, 0x5f, 0xff, 0xff, 0xd0,
    0x0, 0x0, 0xcf, 0xff, 0xff, 0xf5, 0x0, 0x0,
    0x0, 0x5f, 0xff, 0xff, 0xd0, 0x0, 0x0, 0x3f,
    0xff, 0xff, 0xfe, 0x10, 0x0, 0x0, 0x5f, 0xff,
    0xff, 0xd0, 0x0, 0x0, 0x9, 0xff, 0xff, 0xff,
    0xa0, 0x0, 0x0, 0x5f, 0xff, 0xff, 0xd0, 0x0,
    0x0, 0x0, 0xef, 0xff, 0xff, 0xf4, 0x0, 0x0,
    0x5f, 0xff, 0xff, 0xd0, 0x0, 0x0, 0x0, 0x5f,
    0xff, 0xff, 0xfd, 0x0, 0x0, 0x5f, 0xff, 0xff,
    0xd0, 0x0, 0x0, 0x0, 0xb, 0xff, 0xff, 0xff,
    0x80, 0x0, 0x5f, 0xff, 0xff, 0xd0, 0x0, 0x0,
    0x0, 0x1, 0xff, 0xff, 0xff, 0xf3, 0x0, 0x5f,
    0xff, 0xff, 0xd0, 0x0, 0x0, 0x0, 0x0, 0x7f,
    0xff, 0xff, 0xfc, 0x0, 0x5f, 0xff, 0xff, 0xd0,
    0x0, 0x0, 0x0, 0x0, 0xd, 0xff, 0xff, 0xff,
    0x70, 0x5f, 0xff, 0xff, 0xd0, 0x0, 0x0, 0x0,
    0x0, 0x3, 0xff, 0xff, 0xff, 0xf2,

    /* U+041B "Л" */
    0x0, 0x0, 0x0, 0x1f, 0xff, 0xff, 0xff, 0xff,
    0xff, 0xff, 0xff, 0xff, 0xff, 0xf0, 0x0, 0x0,
    0x1, 0xff, 0xff, 0xff, 0xff, 0xff, 0xff, 0xff,
    0xff, 0xff, 0xff, 0x0, 0x0, 0x0, 0x2f, 0xff,
    0xff, 0xff, 0xff, 0xff, 0xff, 0xff, 0xff, 0xff,
    0xf0, 0x0, 0x0, 0x2, 0xff, 0xff, 0xff, 0xff,
    0xff, 0xff, 0xff, 0xff, 0xff, 0xff, 0x0, 0x0,
    0x0, 0x3f, 0xff, 0xff, 0xfe, 0xee, 0xee, 0xee,
    0xef, 0xff, 0xff, 0xf0, 0x0, 0x0, 0x4, 0xff,
    0xff, 0xfc, 0x0, 0x0, 0x0, 0x3, 0xff, 0xff,
    0xff, 0x0, 0x0, 0x0, 0x4f, 0xff, 0xff, 0xc0,
    0x0, 0x0, 0x0, 0x3f, 0xff, 0xff, 0xf0, 0x0,
    0x0, 0x5, 0xff, 0xff, 0xfb, 0x0, 0x0, 0x0,
    0x3, 0xff, 0xff, 0xff, 0x0, 0x0, 0x0, 0x5f,
    0xff, 0xff, 0xa0, 0x0, 0x0, 0x0, 0x3f, 0xff,
    0xff, 0xf0, 0x0, 0x0, 0x6, 0xff, 0xff, 0xf9,
    0x0, 0x0, 0x0, 0x3, 0xff, 0xff, 0xff, 0x0,
    0x0, 0x0, 0x7f, 0xff, 0xff, 0x80, 0x0, 0x0,
    0x0, 0x3f, 0xff, 0xff, 0xf0, 0x0, 0x0, 0x7,
    0xff, 0xff, 0xf8, 0x0, 0x0, 0x0, 0x3, 0xff,
    0xff, 0xff, 0x0, 0x0, 0x0, 0x8f, 0xff, 0xff,
    0x70, 0x0, 0x0, 0x0, 0x3f, 0xff, 0xff, 0xf0,
    0x0, 0x0, 0x8, 0xff, 0xff, 0xf6, 0x0, 0x0,
    0x0, 0x3, 0xff, 0xff, 0xff, 0x0, 0x0, 0x0,
    0x9f, 0xff, 0xff, 0x50, 0x0, 0x0, 0x0, 0x3f,
    0xff, 0xff, 0xf0, 0x0, 0x0, 0xa, 0xff, 0xff,
    0xf4, 0x0, 0x0, 0x0, 0x3, 0xff, 0xff, 0xff,
    0x0, 0x0, 0x0, 0xbf, 0xff, 0xff, 0x30, 0x0,
    0x0, 0x0, 0x3f, 0xff, 0xff, 0xf0, 0x0, 0x0,
    0xd, 0xff, 0xff, 0xf2, 0x0, 0x0, 0x0, 0x3,
    0xff, 0xff, 0xff, 0x0, 0x0, 0x0, 0xef, 0xff,
    0xff, 0x0, 0x0, 0x0, 0x0, 0x3f, 0xff, 0xff,
    0xf0, 0x0, 0x0, 0x1f, 0xff, 0xff, 0xe0, 0x0,
    0x0, 0x0, 0x3, 0xff, 0xff, 0xff, 0x0, 0x0,
    0x4, 0xff, 0xff, 0xfc, 0x0, 0x0, 0x0, 0x0,
    0x3f, 0xff, 0xff, 0xf0, 0x0, 0x0, 0x8f, 0xff,
    0xff, 0x90, 0x0, 0x0, 0x0, 0x3, 0xff, 0xff,
    0xff, 0x0, 0x0, 0xe, 0xff, 0xff, 0xf5, 0x0,
    0x0, 0x0, 0x0, 0x3f, 0xff, 0xff, 0xf0, 0x0,
    0x7, 0xff, 0xff, 0xff, 0x10, 0x0, 0x0, 0x0,
    0x3, 0xff, 0xff, 0xff, 0x0, 0x18, 0xff, 0xff,
    0xff, 0xb0, 0x0, 0x0, 0x0, 0x0, 0x3f, 0xff,
    0xff, 0xf2, 0xdf, 0xff, 0xff, 0xff, 0xf4, 0x0,
    0x0, 0x0, 0x0, 0x3, 0xff, 0xff, 0xff, 0x2f,
    0xff, 0xff, 0xff, 0xfb, 0x0, 0x0, 0x0, 0x0,
    0x0, 0x3f, 0xff, 0xff, 0xf2, 0xff, 0xff, 0xff,
    0xfe, 0x10, 0x0, 0x0, 0x0, 0x0, 0x3, 0xff,
    0xff, 0xff, 0x2f, 0xff, 0xff, 0xfc, 0x10, 0x0,
    0x0, 0x0, 0x0, 0x0, 0x3f, 0xff, 0xff, 0xf2,
    0xff, 0xfd, 0x94, 0x0, 0x0, 0x0, 0x0, 0x0,
    0x0, 0x3, 0xff, 0xff, 0xff,

    /* U+041C "М" */
    0x5f, 0xff, 0xff, 0xff, 0xd0, 0x0, 0x0, 0x0,
    0x0, 0x0, 0x0, 0x2, 0xff, 0xff, 0xff, 0xff,
    0x15, 0xff, 0xff, 0xff, 0xff, 0x30, 0x0, 0x0,
    0x0, 0x0, 0x0, 0x0, 0x7f, 0xff, 0xff, 0xff,
    0xf1, 0x5f, 0xff, 0xff, 0xff, 0xf8, 0x0, 0x0,
    0x0, 0x0, 0x0, 0x0, 0xd, 0xff, 0xff, 0xff,
    0xff, 0x15, 0xff, 0xff, 0xff, 0xff, 0xe0, 0x0,
    0x0, 0x0, 0x0, 0x0, 0x3, 0xff, 0xff, 0xff,
    0xff, 0xf1, 0x5f, 0xff, 0xff, 0xff, 0xff, 0x40,
    0x0, 0x0, 0x0, 0x0, 0x0, 0x8f, 0xff, 0xff,
    0xff, 0xff, 0x15, 0xff, 0xff, 0xff, 0xff, 0xf9,
    0x0, 0x0, 0x0, 0x0, 0x0, 0xe, 0xff, 0xff,
    0xff, 0xff, 0xf1, 0x5f, 0xff, 0xff, 0xff, 0xff,
    0xe0, 0x0, 0x0, 0x0, 0x0, 0x3, 0xff, 0xff,
    0xff, 0xff, 0xff, 0x15, 0xff, 0xff, 0xff, 0xff,
    0xff, 0x40, 0x0, 0x0, 0x0, 0x0, 0x9f, 0xff,
    0xff, 0xff, 0xff, 0xf1, 0x5f, 0xff, 0xff, 0xbf,
    0xff, 0xfa, 0x0, 0x0, 0x0, 0x0, 0xe, 0xff,
    0xff, 0xbf, 0xff, 0xff, 0x15, 0xff, 0xff, 0xf6,
    0xff, 0xff, 0xf0, 0x0, 0x0, 0x0, 0x4, 0xff,
    0xff, 0xd9, 0xff, 0xff, 0xf1, 0x5f, 0xff, 0xff,
    0x5c, 0xff, 0xff, 0x50, 0x0, 0x0, 0x0, 0xaf,
    0xff, 0xf7, 0x9f, 0xff, 0xff, 0x15, 0xff, 0xff,
    0xf5, 0x6f, 0xff, 0xfb, 0x0, 0x0, 0x0, 0xf,
    0xff, 0xff, 0x1a, 0xff, 0xff, 0xf1, 0x5f, 0xff,
    0xff, 0x61, 0xff, 0xff, 0xf1, 0x0, 0x0, 0x5,
    0xff, 0xff, 0xb0, 0xbf, 0xff, 0xff, 0x15, 0xff,
    0xff, 0xf7, 0xa, 0xff, 0xff, 0x60, 0x0, 0x0,
    0xaf, 0xff, 0xf6, 0xb, 0xff, 0xff, 0xf1, 0x5f,
    0xff, 0xff, 0x70, 0x5f, 0xff, 0xfb, 0x0, 0x0,
    0xf, 0xff, 0xff, 0x0, 0xcf, 0xff, 0xff, 0x15,
    0xff, 0xff, 0xf8, 0x0, 0xef, 0xff, 0xf1, 0x0,
    0x5, 0xff, 0xff, 0xa0, 0xd, 0xff, 0xff, 0xf1,
    0x5f, 0xff, 0xff, 0x90, 0x9, 0xff, 0xff, 0x60,
    0x0, 0xbf, 0xff, 0xf4, 0x0, 0xef, 0xff, 0xff,
    0x15, 0xff, 0xff, 0xfa, 0x0, 0x3f, 0xff, 0xfc,
    0x0, 0x1f, 0xff, 0xfe, 0x0, 0xe, 0xff, 0xff,
    0xf1, 0x5f, 0xff, 0xff, 0xa0, 0x0, 0xdf, 0xff,
    0xf2, 0x6, 0xff, 0xff, 0x90, 0x0, 0xff, 0xff,
    0xff, 0x15, 0xff, 0xff, 0xfb, 0x0, 0x8, 0xff,
    0xff, 0x70, 0xcf, 0xff, 0xf3, 0x0, 0xf, 0xff,
    0xff, 0xf1, 0x5f, 0xff, 0xff, 0xc0, 0x0, 0x2f,
    0xff, 0xfd, 0x1f, 0xff, 0xfd, 0x0, 0x0, 0xff,
    0xff, 0xff, 0x15, 0xff, 0xff, 0xfc, 0x0, 0x0,
    0xcf, 0xff, 0xfa, 0xff, 0xff, 0x80, 0x0, 0x1f,
    0xff, 0xff, 0xf1, 0x5f, 0xff, 0xff, 0xc0, 0x0,
    0x6, 0xff, 0xff, 0xff, 0xff, 0xf2, 0x0, 0x1,
    0xff, 0xff, 0xff, 0x15, 0xff, 0xff, 0xfc, 0x0,
    0x0, 0x1f, 0xff, 0xff, 0xff, 0xfc, 0x0, 0x0,
    0x1f, 0xff, 0xff, 0xf1, 0x5f, 0xff, 0xff, 0xc0,
    0x0, 0x0, 0xbf, 0xff, 0xff, 0xff, 0x60, 0x0,
    0x1, 0xff, 0xff, 0xff, 0x15, 0xff, 0xff, 0xfc,
    0x0, 0x0, 0x5, 0xff, 0xff, 0xff, 0xf1, 0x0,
    0x0, 0x1f, 0xff, 0xff, 0xf1, 0x5f, 0xff, 0xff,
    0xc0, 0x0, 0x0, 0xf, 0xff, 0xff, 0xfb, 0x0,
    0x0, 0x1, 0xff, 0xff, 0xff, 0x15, 0xff, 0xff,
    0xfc, 0x0, 0x0, 0x0, 0xaf, 0xff, 0xff, 0x50,
    0x0, 0x0, 0x1f, 0xff, 0xff, 0xf1, 0x5f, 0xff,
    0xff, 0xc0, 0x0, 0x0, 0x4, 0xff, 0xff, 0xf0,
    0x0, 0x0, 0x1, 0xff, 0xff, 0xff, 0x15, 0xff,
    0xff, 0xfc, 0x0, 0x0, 0x0, 0xe, 0xff, 0xfa,
    0x0, 0x0, 0x0, 0x1f, 0xff, 0xff, 0xf1,

    /* U+041D "Н" */
    0x5f, 0xff, 0xff, 0xd0, 0x0, 0x0, 0x0, 0x0,
    0x0, 0x2f, 0xff, 0xff, 0xf5, 0xff, 0xff, 0xfd,
    0x0, 0x0, 0x0, 0x0, 0x0, 0x2, 0xff, 0xff,
    0xff, 0x5f, 0xff, 0xff, 0xd0, 0x0, 0x0, 0x0,
    0x0, 0x0, 0x2f, 0xff, 0xff, 0xf5, 0xff, 0xff,
    0xfd, 0x0, 0x0, 0x0, 0x0, 0x0, 0x2, 0xff,
    0xff, 0xff, 0x5f, 0xff, 0xff, 0xd0, 0x0, 0x0,
    0x0, 0x0, 0x0, 0x2f, 0xff, 0xff, 0xf5, 0xff,
    0xff, 0xfd, 0x0, 0x0, 0x0, 0x0, 0x0, 0x2,
    0xff, 0xff, 0xff, 0x5f, 0xff, 0xff, 0xd0, 0x0,
    0x0, 0x0, 0x0, 0x0, 0x2f, 0xff, 0xff, 0xf5,
    0xff, 0xff, 0xfd, 0x0, 0x0, 0x0, 0x0, 0x0,
    0x2, 0xff, 0xff, 0xff, 0x5f, 0xff, 0xff, 0xd0,
    0x0, 0x0, 0x0, 0x0, 0x0, 0x2f, 0xff, 0xff,
    0xf5, 0xff, 0xff, 0xfd, 0x0, 0x0, 0x0, 0x0,
    0x0, 0x2, 0xff, 0xff, 0xff, 0x5f, 0xff, 0xff,
    0xd0, 0x0, 0x0, 0x0, 0x0, 0x0, 0x2f, 0xff,
    0xff, 0xf5, 0xff, 0xff, 0xfd, 0x0, 0x0, 0x0,
    0x0, 0x0, 0x2, 0xff, 0xff, 0xff, 0x5f, 0xff,
    0xff, 0xff, 0xff, 0xff, 0xff, 0xff, 0xff, 0xff,
    0xff, 0xff, 0xf5, 0xff, 0xff, 0xff, 0xff, 0xff,
    0xff, 0xff, 0xff, 0xff, 0xff, 0xff, 0xff, 0x5f,
    0xff, 0xff, 0xff, 0xff, 0xff, 0xff, 0xff, 0xff,
    0xff, 0xff, 0xff, 0xf5, 0xff, 0xff, 0xff, 0xff,
    0xff, 0xff, 0xff, 0xff, 0xff, 0xff, 0xff, 0xff,
    0x5f, 0xff, 0xff, 0xfe, 0xee, 0xee, 0xee, 0xee,
    0xee, 0xef, 0xff, 0xff, 0xf5, 0xff, 0xff, 0xfd,
    0x0, 0x0, 0x0, 0x0, 0x0, 0x2, 0xff, 0xff,
    0xff, 0x5f, 0xff, 0xff, 0xd0, 0x0, 0x0, 0x0,
    0x0, 0x0, 0x2f, 0xff, 0xff, 0xf5, 0xff, 0xff,
    0xfd, 0x0, 0x0, 0x0, 0x0, 0x0, 0x2, 0xff,
    0xff, 0xff, 0x5f, 0xff, 0xff, 0xd0, 0x0, 0x0,
    0x0, 0x0, 0x0, 0x2f, 0xff, 0xff, 0xf5, 0xff,
    0xff, 0xfd, 0x0, 0x0, 0x0, 0x0, 0x0, 0x2,
    0xff, 0xff, 0xff, 0x5f, 0xff, 0xff, 0xd0, 0x0,
    0x0, 0x0, 0x0, 0x0, 0x2f, 0xff, 0xff, 0xf5,
    0xff, 0xff, 0xfd, 0x0, 0x0, 0x0, 0x0, 0x0,
    0x2, 0xff, 0xff, 0xff, 0x5f, 0xff, 0xff, 0xd0,
    0x0, 0x0, 0x0, 0x0, 0x0, 0x2f, 0xff, 0xff,
    0xf5, 0xff, 0xff, 0xfd, 0x0, 0x0, 0x0, 0x0,
    0x0, 0x2, 0xff, 0xff, 0xff, 0x5f, 0xff, 0xff,
    0xd0, 0x0, 0x0, 0x0, 0x0, 0x0, 0x2f, 0xff,
    0xff, 0xf5, 0xff, 0xff, 0xfd, 0x0, 0x0, 0x0,
    0x0, 0x0, 0x2, 0xff, 0xff, 0xff, 0x5f, 0xff,
    0xff, 0xd0, 0x0, 0x0, 0x0, 0x0, 0x0, 0x2f,
    0xff, 0xff, 0xf5, 0xff, 0xff, 0xfd, 0x0, 0x0,
    0x0, 0x0, 0x0, 0x2, 0xff, 0xff, 0xff,

    /* U+041E "О" */
    0x0, 0x0, 0x0, 0x0, 0x16, 0xad, 0xff, 0xfd,
    0xa6, 0x10, 0x0, 0x0, 0x0, 0x0, 0x0, 0x0,
    0x1, 0x9f, 0xff, 0xff, 0xff, 0xff, 0xff, 0x91,
    0x0, 0x0, 0x0, 0x0, 0x0, 0x4, 0xef, 0xff,
    0xff, 0xff, 0xff, 0xff, 0xff, 0xe4, 0x0, 0x0,
    0x0, 0x0, 0x6, 0xff, 0xff, 0xff, 0xff, 0xff,
    0xff, 0xff, 0xff, 0xf5, 0x0, 0x0, 0x0, 0x4,
    0xff, 0xff, 0xff, 0xff, 0xff, 0xff, 0xff, 0xff,
    0xff, 0xf3, 0x0, 0x0, 0x0, 0xef, 0xff, 0xff,
    0xfb, 0x40, 0x1, 0x4c, 0xff, 0xff, 0xff, 0xd0,
    0x0, 0x0, 0x8f, 0xff, 0xff, 0xf7, 0x0, 0x0,
    0x0, 0x8, 0xff, 0xff, 0xff, 0x70, 0x0, 0xf,
    0xff, 0xff, 0xf9, 0x0, 0x0, 0x0, 0x0, 0xa,
    0xff, 0xff, 0xfe, 0x0, 0x5, 0xff, 0xff, 0xff,
    0x10, 0x0, 0x0, 0x0, 0x0, 0x1f, 0xff, 0xff,
    0xf4, 0x0, 0xaf, 0xff, 0xff, 0xa0, 0x0, 0x0,
    0x0, 0x0, 0x0, 0xaf, 0xff, 0xff, 0x90, 0xe,
    0xff, 0xff, 0xf5, 0x0, 0x0, 0x0, 0x0, 0x0,
    0x6, 0xff, 0xff, 0xfd, 0x0, 0xff, 0xff, 0xff,
    0x20, 0x0, 0x0, 0x0, 0x0, 0x0, 0x3f, 0xff,
    0xff, 0xf0, 0x2f, 0xff, 0xff, 0xf1, 0x0, 0x0,
    0x0, 0x0, 0x0, 0x1, 0xff, 0xff, 0xff, 0x13,
    0xff, 0xff, 0xff, 0x0, 0x0, 0x0, 0x0, 0x0,
    0x0, 0xf, 0xff, 0xff, 0xf2, 0x3f, 0xff, 0xff,
    0xf0, 0x0, 0x0, 0x0, 0x0, 0x0, 0x0, 0xff,
    0xff, 0xff, 0x33, 0xff, 0xff, 0xff, 0x0, 0x0,
    0x0, 0x0, 0x0, 0x0, 0xf, 0xff, 0xff, 0xf3,
    0x3f, 0xff, 0xff, 0xf0, 0x0, 0x0, 0x0, 0x0,
    0x0, 0x0, 0xff, 0xff, 0xff, 0x22, 0xff, 0xff,
    0xff, 0x10, 0x0, 0x0, 0x0, 0x0, 0x0, 0x1f,
    0xff, 0xff, 0xf1, 0xf, 0xff, 0xff, 0xf3, 0x0,
    0x0, 0x0, 0x0, 0x0, 0x3, 0xff, 0xff, 0xff,
    0x0, 0xef, 0xff, 0xff, 0x60, 0x0, 0x0, 0x0,
    0x0, 0x0, 0x6f, 0xff, 0xff, 0xd0, 0xa, 0xff,
    0xff, 0xfa, 0x0, 0x0, 0x0, 0x0, 0x0, 0xb,
    0xff, 0xff, 0xf9, 0x0, 0x5f, 0xff, 0xff, 0xf1,
    0x0, 0x0, 0x0, 0x0, 0x1, 0xff, 0xff, 0xff,
    0x50, 0x0, 0xff, 0xff, 0xff, 0x90, 0x0, 0x0,
    0x0, 0x0, 0xaf, 0xff, 0xff, 0xe0, 0x0, 0x8,
    0xff, 0xff, 0xff, 0x70, 0x0, 0x0, 0x0, 0x7f,
    0xff, 0xff, 0xf7, 0x0, 0x0, 0xe, 0xff, 0xff,
    0xff, 0xb4, 0x0, 0x4, 0xbf, 0xff, 0xff, 0xfd,
    0x0, 0x0, 0x0, 0x3f, 0xff, 0xff, 0xff, 0xff,
    0xff, 0xff, 0xff, 0xff, 0xff, 0x30, 0x0, 0x0,
    0x0, 0x5f, 0xff, 0xff, 0xff, 0xff, 0xff, 0xff,
    0xff, 0xff, 0x50, 0x0, 0x0, 0x0, 0x0, 0x4e,
    0xff, 0xff, 0xff, 0xff, 0xff, 0xff, 0xfe, 0x40,
    0x0, 0x0, 0x0, 0x0, 0x0, 0x19, 0xff, 0xff,
    0xff, 0xff, 0xff, 0xf9, 0x10, 0x0, 0x0, 0x0,
    0x0, 0x0, 0x0, 0x1, 0x6a, 0xdf, 0xff, 0xda,
    0x61, 0x0, 0x0, 0x0, 0x0,

    /* U+041F "П" */
    0x5f, 0xff, 0xff, 0xff, 0xff, 0xff, 0xff, 0xff,
    0xff, 0xff, 0xff, 0xff, 0xf5, 0xff, 0xff, 0xff,
    0xff, 0xff, 0xff, 0xff, 0xff, 0xff, 0xff, 0xff,
    0xff, 0x5f, 0xff, 0xff, 0xff, 0xff, 0xff, 0xff,
    0xff, 0xff, 0xff, 0xff, 0xff, 0xf5, 0xff, 0xff,
    0xff, 0xff, 0xff, 0xff, 0xff, 0xff, 0xff, 0xff,
    0xff, 0xff, 0x5f, 0xff, 0xff, 0xfe, 0xee, 0xee,
    0xee, 0xee, 0xee, 0xef, 0xff, 0xff, 0xf5, 0xff,
    0xff, 0xfd, 0x0, 0x0, 0x0, 0x0, 0x0, 0x2,
    0xff, 0xff, 0xff, 0x5f, 0xff, 0xff, 0xd0, 0x0,
    0x0, 0x0, 0x0, 0x0, 0x2f, 0xff, 0xff, 0xf5,
    0xff, 0xff, 0xfd, 0x0, 0x0, 0x0, 0x0, 0x0,
    0x2, 0xff, 0xff, 0xff, 0x5f, 0xff, 0xff, 0xd0,
    0x0, 0x0, 0x0, 0x0, 0x0, 0x2f, 0xff, 0xff,
    0xf5, 0xff, 0xff, 0xfd, 0x0, 0x0, 0x0, 0x0,
    0x0, 0x2, 0xff, 0xff, 0xff, 0x5f, 0xff, 0xff,
    0xd0, 0x0, 0x0, 0x0, 0x0, 0x0, 0x2f, 0xff,
    0xff, 0xf5, 0xff, 0xff, 0xfd, 0x0, 0x0, 0x0,
    0x0, 0x0, 0x2, 0xff, 0xff, 0xff, 0x5f, 0xff,
    0xff, 0xd0, 0x0, 0x0, 0x0, 0x0, 0x0, 0x2f,
    0xff, 0xff, 0xf5, 0xff, 0xff, 0xfd, 0x0, 0x0,
    0x0, 0x0, 0x0, 0x2, 0xff, 0xff, 0xff, 0x5f,
    0xff, 0xff, 0xd0, 0x0, 0x0, 0x0, 0x0, 0x0,
    0x2f, 0xff, 0xff, 0xf5, 0xff, 0xff, 0xfd, 0x0,
    0x0, 0x0, 0x0, 0x0, 0x2, 0xff, 0xff, 0xff,
    0x5f, 0xff, 0xff, 0xd0, 0x0, 0x0, 0x0, 0x0,
    0x0, 0x2f, 0xff, 0xff, 0xf5, 0xff, 0xff, 0xfd,
    0x0, 0x0, 0x0, 0x0, 0x0, 0x2, 0xff, 0xff,
    0xff, 0x5f, 0xff, 0xff, 0xd0, 0x0, 0x0, 0x0,
    0x0, 0x0, 0x2f, 0xff, 0xff, 0xf5, 0xff, 0xff,
    0xfd, 0x0, 0x0, 0x0, 0x0, 0x0, 0x2, 0xff,
    0xff, 0xff, 0x5f, 0xff, 0xff, 0xd0, 0x0, 0x0,
    0x0, 0x0, 0x0, 0x2f, 0xff, 0xff, 0xf5, 0xff,
    0xff, 0xfd, 0x0, 0x0, 0x0, 0x0, 0x0, 0x2,
    0xff, 0xff, 0xff, 0x5f, 0xff, 0xff, 0xd0, 0x0,
    0x0, 0x0, 0x0, 0x0, 0x2f, 0xff, 0xff, 0xf5,
    0xff, 0xff, 0xfd, 0x0, 0x0, 0x0, 0x0, 0x0,
    0x2, 0xff, 0xff, 0xff, 0x5f, 0xff, 0xff, 0xd0,
    0x0, 0x0, 0x0, 0x0, 0x0, 0x2f, 0xff, 0xff,
    0xf5, 0xff, 0xff, 0xfd, 0x0, 0x0, 0x0, 0x0,
    0x0, 0x2, 0xff, 0xff, 0xff, 0x5f, 0xff, 0xff,
    0xd0, 0x0, 0x0, 0x0, 0x0, 0x0, 0x2f, 0xff,
    0xff, 0xf5, 0xff, 0xff, 0xfd, 0x0, 0x0, 0x0,
    0x0, 0x0, 0x2, 0xff, 0xff, 0xff, 0x5f, 0xff,
    0xff, 0xd0, 0x0, 0x0, 0x0, 0x0, 0x0, 0x2f,
    0xff, 0xff, 0xf5, 0xff, 0xff, 0xfd, 0x0, 0x0,
    0x0, 0x0, 0x0, 0x2, 0xff, 0xff, 0xff,

    /* U+0420 "Р" */
    0x5f, 0xff, 0xff, 0xff, 0xff, 0xff, 0xff, 0xdb,
    0x71, 0x0, 0x0, 0x0, 0x5f, 0xff, 0xff, 0xff,
    0xff, 0xff, 0xff, 0xff, 0xff, 0xa1, 0x0, 0x0,
    0x5f, 0xff, 0xff, 0xff, 0xff, 0xff, 0xff, 0xff,
    0xff, 0xff, 0x40, 0x0, 0x5f, 0xff, 0xff, 0xff,
    0xff, 0xff, 0xff, 0xff, 0xff, 0xff, 0xf4, 0x0,
    0x5f, 0xff, 0xff, 0xfe, 0xee, 0xee, 0xef, 0xff,
    0xff, 0xff, 0xfe, 0x10, 0x5f, 0xff, 0xff, 0xd0,
    0x0, 0x0, 0x0, 0x4c, 0xff, 0xff, 0xff, 0x90,
    0x5f, 0xff, 0xff, 0xd0, 0x0, 0x0, 0x0, 0x0,
    0xcf, 0xff, 0xff, 0xf0, 0x5f, 0xff, 0xff, 0xd0,
    0x0, 0x0, 0x0, 0x0, 0x2f, 0xff, 0xff, 0xf4,
    0x5f, 0xff, 0xff, 0xd0, 0x0, 0x0, 0x0, 0x0,
    0xd, 0xff, 0xff, 0xf6, 0x5f, 0xff, 0xff, 0xd0,
    0x0, 0x0, 0x0, 0x0, 0xb, 0xff, 0xff, 0xf7,
    0x5f, 0xff, 0xff, 0xd0, 0x0, 0x0, 0x0, 0x0,
    0xc, 0xff, 0xff, 0xf7, 0x5f, 0xff, 0xff, 0xd0,
    0x0, 0x0, 0x0, 0x0, 0xf, 0xff, 0xff, 0xf5,
    0x5f, 0xff, 0xff, 0xd0, 0x0, 0x0, 0x0, 0x0,
    0x9f, 0xff, 0xff, 0xf1, 0x5f, 0xff, 0xff, 0xd0,
    0x0, 0x0, 0x0, 0x3a, 0xff, 0xff, 0xff, 0xb0,
    0x5f, 0xff, 0xff, 0xfe, 0xee, 0xee, 0xef, 0xff,
    0xff, 0xff, 0xff, 0x30, 0x5f, 0xff, 0xff, 0xff,
    0xff, 0xff, 0xff, 0xff, 0xff, 0xff, 0xf8, 0x0,
    0x5f, 0xff, 0xff, 0xff, 0xff, 0xff, 0xff, 0xff,
    0xff, 0xff, 0x70, 0x0, 0x5f, 0xff, 0xff, 0xff,
    0xff, 0xff, 0xff, 0xff, 0xff, 0xc3, 0x0, 0x0,
    0x5f, 0xff, 0xff, 0xff, 0xff, 0xff, 0xff, 0xdb,
    0x72, 0x0, 0x0, 0x0, 0x5f, 0xff, 0xff, 0xd0,
    0x0, 0x0, 0x0, 0x0, 0x0, 0x0, 0x0, 0x0,
    0x5f, 0xff, 0xff, 0xd0, 0x0, 0x0, 0x0, 0x0,
    0x0, 0x0, 0x0, 0x0, 0x5f, 0xff, 0xff, 0xd0,
    0x0, 0x0, 0x0, 0x0, 0x0, 0x0, 0x0, 0x0,
    0x5f, 0xff, 0xff, 0xd0, 0x0, 0x0, 0x0, 0x0,
    0x0, 0x0, 0x0, 0x0, 0x5f, 0xff, 0xff, 0xd0,
    0x0, 0x0, 0x0, 0x0, 0x0, 0x0, 0x0, 0x0,
    0x5f, 0xff, 0xff, 0xd0, 0x0, 0x0, 0x0, 0x0,
    0x0, 0x0, 0x0, 0x0, 0x5f, 0xff, 0xff, 0xd0,
    0x0, 0x0, 0x0, 0x0, 0x0, 0x0, 0x0, 0x0,
    0x5f, 0xff, 0xff, 0xd0, 0x0, 0x0, 0x0, 0x0,
    0x0, 0x0, 0x0, 0x0, 0x5f, 0xff, 0xff, 0xd0,
    0x0, 0x0, 0x0, 0x0, 0x0, 0x0, 0x0, 0x0,
    0x5f, 0xff, 0xff, 0xd0, 0x0, 0x0, 0x0, 0x0,
    0x0, 0x0, 0x0, 0x0, 0x5f, 0xff, 0xff, 0xd0,
    0x0, 0x0, 0x0, 0x0, 0x0, 0x0, 0x0, 0x0,

    /* U+0421 "С" */
    0x0, 0x0, 0x0, 0x0, 0x28, 0xce, 0xff, 0xfd,
    0xa6, 0x10, 0x0, 0x0, 0x0, 0x0, 0x0, 0x0,
    0x3c, 0xff, 0xff, 0xff, 0xff, 0xff, 0xf9, 0x10,
    0x0, 0x0, 0x0, 0x0, 0x7, 0xff, 0xff, 0xff,
    0xff, 0xff, 0xff, 0xff, 0xe4, 0x0, 0x0, 0x0,
    0x0, 0x9f, 0xff, 0xff, 0xff, 0xff, 0xff, 0xff,
    0xff, 0xff, 0x40, 0x0, 0x0, 0x6, 0xff, 0xff,
    0xff, 0xff, 0xff, 0xff, 0xff, 0xff, 0xff, 0xf2,
    0x0, 0x0, 0x2f, 0xff, 0xff, 0xff, 0x82, 0x0,
    0x14, 0xaf, 0xff, 0xff, 0xfb, 0x0, 0x0, 0xaf,
    0xff, 0xff, 0xe2, 0x0, 0x0, 0x0, 0x6, 0xff,
    0xff, 0xff, 0x30, 0x1, 0xff, 0xff, 0xff, 0x50,
    0x0, 0x0, 0x0, 0x0, 0xbf, 0xff, 0xff, 0x90,
    0x7, 0xff, 0xff, 0xfd, 0x0, 0x0, 0x0, 0x0,
    0x0, 0x5f, 0xff, 0xff, 0xd0, 0xb, 0xff, 0xff,
    0xf7, 0x0, 0x0, 0x0, 0x0, 0x0, 0x1f, 0xff,
    0xff, 0xf0, 0xe, 0xff, 0xff, 0xf4, 0x0, 0x0,
    0x0, 0x0, 0x0, 0x5, 0x55, 0x55, 0x50, 0x1f,
    0xff, 0xff, 0xf2, 0x0, 0x0, 0x0, 0x0, 0x0,
    0x0, 0x0, 0x0, 0x0, 0x2f, 0xff, 0xff, 0xf0,
    0x0, 0x0, 0x0, 0x0, 0x0, 0x0, 0x0, 0x0,
    0x0, 0x3f, 0xff, 0xff, 0xf0, 0x0, 0x0, 0x0,
    0x0, 0x0, 0x0, 0x0, 0x0, 0x0, 0x3f, 0xff,
    0xff, 0xf0, 0x0, 0x0, 0x0, 0x0, 0x0, 0x0,
    0x0, 0x0, 0x0, 0x3f, 0xff, 0xff, 0xf0, 0x0,
    0x0, 0x0, 0x0, 0x0, 0x0, 0x0, 0x0, 0x0,
    0x3f, 0xff, 0xff, 0xf0, 0x0, 0x0, 0x0, 0x0,
    0x0, 0x0, 0x0, 0x0, 0x0, 0x2f, 0xff, 0xff,
    0xf0, 0x0, 0x0, 0x0, 0x0, 0x0, 0x0, 0x0,
    0x0, 0x0, 0x1f, 0xff, 0xff, 0xf1, 0x0, 0x0,
    0x0, 0x0, 0x0, 0x0, 0x0, 0x0, 0x0, 0xf,
    0xff, 0xff, 0xf4, 0x0, 0x0, 0x0, 0x0, 0x0,
    0x2, 0x22, 0x22, 0x20, 0xb, 0xff, 0xff, 0xf7,
    0x0, 0x0, 0x0, 0x0, 0x0, 0x1f, 0xff, 0xff,
    0xf0, 0x7, 0xff, 0xff, 0xfc, 0x0, 0x0, 0x0,
    0x0, 0x0, 0x5f, 0xff, 0xff, 0xe0, 0x2, 0xff,
    0xff, 0xff, 0x40, 0x0, 0x0, 0x0, 0x0, 0xbf,
    0xff, 0xff, 0xa0, 0x0, 0xbf, 0xff, 0xff, 0xe2,
    0x0, 0x0, 0x0, 0x6, 0xff, 0xff, 0xff, 0x40,
    0x0, 0x3f, 0xff, 0xff, 0xfe, 0x72, 0x0, 0x4,
    0xaf, 0xff, 0xff, 0xfc, 0x0, 0x0, 0x8, 0xff,
    0xff, 0xff, 0xff, 0xff, 0xff, 0xff, 0xff, 0xff,
    0xf3, 0x0, 0x0, 0x0, 0xaf, 0xff, 0xff, 0xff,
    0xff, 0xff, 0xff, 0xff, 0xff, 0x50, 0x0, 0x0,
    0x0, 0x9, 0xff, 0xff, 0xff, 0xff, 0xff, 0xff,
    0xff, 0xf5, 0x0, 0x0, 0x0, 0x0, 0x0, 0x4c,
    0xff, 0xff, 0xff, 0xff, 0xff, 0xfa, 0x10, 0x0,
    0x0, 0x0, 0x0, 0x0, 0x0, 0x38, 0xce, 0xff,
    0xfd, 0xa6, 0x10, 0x0, 0x0, 0x0,

    /* U+0422 "Т" */
    0x2f, 0xff, 0xff, 0xff, 0xff, 0xff, 0xff, 0xff,
    0xff, 0xff, 0xff, 0xff, 0xf3, 0x2f, 0xff, 0xff,
    0xff, 0xff, 0xff, 0xff, 0xff, 0xff, 0xff, 0xff,
    0xff, 0xf3, 0x2f, 0xff, 0xff, 0xff, 0xff, 0xff,
    0xff, 0xff, 0xff, 0xff, 0xff, 0xff, 0xf3, 0x2f,
    0xff, 0xff, 0xff, 0xff, 0xff, 0xff, 0xff, 0xff,
    0xff, 0xff, 0xff, 0xf3, 0x2e, 0xee, 0xee, 0xee,
    0xee, 0xff, 0xff, 0xff, 0xee, 0xee, 0xee, 0xee,
    0xe2, 0x0, 0x0, 0x0, 0x0, 0x1, 0xff, 0xff,
    0xff, 0x0, 0x0, 0x0, 0x0, 0x0, 0x0, 0x0,
    0x0, 0x0, 0x1, 0xff, 0xff, 0xff, 0x0, 0x0,
    0x0, 0x0, 0x0, 0x0, 0x0, 0x0, 0x0, 0x1,
    0xff, 0xff, 0xff, 0x0, 0x0, 0x0, 0x0, 0x0,
    0x0, 0x0, 0x0, 0x0, 0x1, 0xff, 0xff, 0xff,
    0x0, 0x0, 0x0, 0x0, 0x0, 0x0, 0x0, 0x0,
    0x0, 0x1, 0xff, 0xff, 0xff, 0x0, 0x0, 0x0,
    0x0, 0x0, 0x0, 0x0, 0x0, 0x0, 0x1, 0xff,
    0xff, 0xff, 0x0, 0x0, 0x0, 0x0, 0x0, 0x0,
    0x0, 0x0, 0x0, 0x1, 0xff, 0xff, 0xff, 0x0,
    0x0, 0x0, 0x0, 0x0, 0x0, 0x0, 0x0, 0x0,
    0x1, 0xff, 0xff, 0xff, 0x0, 0x0, 0x0, 0x0,
    0x0, 0x0, 0x0, 0x0, 0x0, 0x1, 0xff, 0xff,
    0xff, 0x0, 0x0, 0x0, 0x0, 0x0, 0x0, 0x0,
    0x0, 0x0, 0x1, 0xff, 0xff, 0xff, 0x0, 0x0,
    0x0, 0x0, 0x0, 0x0, 0x0, 0x0, 0x0, 0x1,
    0xff, 0xff, 0xff, 0x0, 0x0, 0x0, 0x0, 0x0,
    0x0, 0x0, 0x0, 0x0, 0x1, 0xff, 0xff, 0xff,
    0x0, 0x0, 0x0, 0x0, 0x0, 0x0, 0x0, 0x0,
    0x0, 0x1, 0xff, 0xff, 0xff, 0x0, 0x0, 0x0,
    0x0, 0x0, 0x0, 0x0, 0x0, 0x0, 0x1, 0xff,
    0xff, 0xff, 0x0, 0x0, 0x0, 0x0, 0x0, 0x0,
    0x0, 0x0, 0x0, 0x1, 0xff, 0xff, 0xff, 0x0,
    0x0, 0x0, 0x0, 0x0, 0x0, 0x0, 0x0, 0x0,
    0x1, 0xff, 0xff, 0xff, 0x0, 0x0, 0x0, 0x0,
    0x0, 0x0, 0x0, 0x0, 0x0, 0x1, 0xff, 0xff,
    0xff, 0x0, 0x0, 0x0, 0x0, 0x0, 0x0, 0x0,
    0x0, 0x0, 0x1, 0xff, 0xff, 0xff, 0x0, 0x0,
    0x0, 0x0, 0x0, 0x0, 0x0, 0x0, 0x0, 0x1,
    0xff, 0xff, 0xff, 0x0, 0x0, 0x0, 0x0, 0x0,
    0x0, 0x0, 0x0, 0x0, 0x1, 0xff, 0xff, 0xff,
    0x0, 0x0, 0x0, 0x0, 0x0, 0x0, 0x0, 0x0,
    0x0, 0x1, 0xff, 0xff, 0xff, 0x0, 0x0, 0x0,
    0x0, 0x0, 0x0, 0x0, 0x0, 0x0, 0x1, 0xff,
    0xff, 0xff, 0x0, 0x0, 0x0, 0x0, 0x0, 0x0,
    0x0, 0x0, 0x0, 0x1, 0xff, 0xff, 0xff, 0x0,
    0x0, 0x0, 0x0, 0x0, 0x0, 0x0, 0x0, 0x0,
    0x1, 0xff, 0xff, 0xff, 0x0, 0x0, 0x0, 0x0,
    0x0, 0x0, 0x0, 0x0, 0x0, 0x1, 0xff, 0xff,
    0xff, 0x0, 0x0, 0x0, 0x0, 0x0,

    /* U+0423 "У" */
    0x2f, 0xff, 0xff, 0xf6, 0x0, 0x0, 0x0, 0x0,
    0x0, 0xd, 0xff, 0xff, 0xfc, 0xa, 0xff, 0xff,
    0xfd, 0x0, 0x0, 0x0, 0x0, 0x0, 0x3f, 0xff,
    0xff, 0xf5, 0x2, 0xff, 0xff, 0xff, 0x50, 0x0,
    0x0, 0x0, 0x0, 0x9f, 0xff, 0xff, 0xe0, 0x0,
    0xaf, 0xff, 0xff, 0xc0, 0x0, 0x0, 0x0, 0x0,
    0xff, 0xff, 0xff, 0x70, 0x0, 0x2f, 0xff, 0xff,
    0xf4, 0x0, 0x0, 0x0, 0x6, 0xff, 0xff, 0xff,
    0x10, 0x0, 0xa, 0xff, 0xff, 0xfb, 0x0, 0x0,
    0x0, 0xc, 0xff, 0xff, 0xfa, 0x0, 0x0, 0x2,
    0xff, 0xff, 0xff, 0x30, 0x0, 0x0, 0x2f, 0xff,
    0xff, 0xf3, 0x0, 0x0, 0x0, 0xaf, 0xff, 0xff,
    0xa0, 0x0, 0x0, 0x9f, 0xff, 0xff, 0xc0, 0x0,
    0x0, 0x0, 0x2f, 0xff, 0xff, 0xf2, 0x0, 0x0,
    0xef, 0xff, 0xff, 0x50, 0x0, 0x0, 0x0, 0xa,
    0xff, 0xff, 0xf9, 0x0, 0x5, 0xff, 0xff, 0xfe,
    0x0, 0x0, 0x0, 0x0, 0x2, 0xff, 0xff, 0xff,
    0x10, 0xb, 0xff, 0xff, 0xf7, 0x0, 0x0, 0x0,
    0x0, 0x0, 0xaf, 0xff, 0xff, 0x80, 0x2f, 0xff,
    0xff, 0xf1, 0x0, 0x0, 0x0, 0x0, 0x0, 0x2f,
    0xff, 0xff, 0xf0, 0x8f, 0xff, 0xff, 0xa0, 0x0,
    0x0, 0x0, 0x0, 0x0, 0x9, 0xff, 0xff, 0xf7,
    0xef, 0xff, 0xff, 0x30, 0x0, 0x0, 0x0, 0x0,
    0x0, 0x2, 0xff, 0xff, 0xff, 0xff, 0xff, 0xfc,
    0x0, 0x0, 0x0, 0x0, 0x0, 0x0, 0x0, 0x9f,
    0xff, 0xff, 0xff, 0xff, 0xf5, 0x0, 0x0, 0x0,
    0x0, 0x0, 0x0, 0x0, 0x2f, 0xff, 0xff, 0xff,
    0xff, 0xe0, 0x0, 0x0, 0x0, 0x0, 0x0, 0x0,
    0x0, 0x9, 0xff, 0xff, 0xff, 0xff, 0x70, 0x0,
    0x0, 0x0, 0x0, 0x0, 0x0, 0x0, 0x1, 0xff,
    0xff, 0xff, 0xff, 0x10, 0x0, 0x0, 0x0, 0x0,
    0x0, 0x0, 0x0, 0x0, 0x9f, 0xff, 0xff, 0xfa,
    0x0, 0x0, 0x0, 0x0, 0x0, 0x0, 0x0, 0x0,
    0x0, 0x1f, 0xff, 0xff, 0xf3, 0x0, 0x0, 0x0,
    0x0, 0x0, 0x0, 0x0, 0x0, 0x0, 0x1f, 0xff,
    0xff, 0xc0, 0x0, 0x0, 0x0, 0x0, 0x0, 0x0,
    0x0, 0x0, 0x0, 0x6f, 0xff, 0xff, 0x50, 0x0,
    0x0, 0x0, 0x0, 0x0, 0x0, 0x0, 0x0, 0x0,
    0xef, 0xff, 0xfe, 0x0, 0x0, 0x0, 0x0, 0x0,
    0x0, 0x0, 0x0, 0x0, 0x2b, 0xff, 0xff, 0xf7,
    0x0, 0x0, 0x0, 0x0, 0x0, 0x0, 0x0, 0x9,
    0xef, 0xff, 0xff, 0xff, 0xe0, 0x0, 0x0, 0x0,
    0x0, 0x0, 0x0, 0x0, 0xa, 0xff, 0xff, 0xff,
    0xff, 0x50, 0x0, 0x0, 0x0, 0x0, 0x0, 0x0,
    0x0, 0xa, 0xff, 0xff, 0xff, 0xf8, 0x0, 0x0,
    0x0, 0x0, 0x0, 0x0, 0x0, 0x0, 0xa, 0xff,
    0xff, 0xff, 0x70, 0x0, 0x0, 0x0, 0x0, 0x0,
    0x0, 0x0, 0x0, 0x9, 0xff, 0xfd, 0x92, 0x0,
    0x0, 0x0, 0x0, 0x0, 0x0, 0x0,

    /* U+0424 "Ф" */
    0x0, 0x0, 0x0, 0x0, 0x0, 0x0, 0xb, 0xff,
    0xff, 0xf3, 0x0, 0x0, 0x0, 0x0, 0x0, 0x0,
    0x0, 0x0, 0x0, 0x0, 0x0, 0x0, 0xb, 0xff,
    0xff, 0xf3, 0x0, 0x0, 0x0, 0x0, 0x0, 0x0,
    0x0, 0x0, 0x0, 0x0, 0x0, 0x0, 0xb, 0xff,
    0xff, 0xf3, 0x0, 0x0, 0x0, 0x0, 0x0, 0x0,
    0x0, 0x0, 0x0, 0x0, 0x0, 0x0, 0xb, 0xff,
    0xff, 0xf3, 0x0, 0x0, 0x0, 0x0, 0x0, 0x0,
    0x0, 0x0, 0x0, 0x0, 0x49, 0xce, 0xff, 0xff,
    0xff, 0xff, 0xfd, 0xb7, 0x10, 0x0, 0x0, 0x0,
    0x0, 0x0, 0x0, 0x6e, 0xff, 0xff, 0xff, 0xff,
    0xff, 0xff, 0xff, 0xff, 0xfa, 0x20, 0x0, 0x0,
    0x0, 0x0, 0x1b, 0xff, 0xff, 0xff, 0xff, 0xff,
    0xff, 0xff, 0xff, 0xff, 0xff, 0xf5, 0x0, 0x0,
    0x0, 0x1, 0xdf, 0xff, 0xff, 0xff, 0xff, 0xff,
    0xff, 0xff, 0xff, 0xff, 0xff, 0xff, 0x70, 0x0,
    0x0, 0xd, 0xff, 0xff, 0xff, 0xff, 0xff, 0xff,
    0xff, 0xff, 0xff, 0xff, 0xff, 0xff, 0xf5, 0x0,
    0x0, 0x9f, 0xff, 0xff, 0xfd, 0x62, 0xb, 0xff,
    0xff, 0xf3, 0x14, 0x9f, 0xff, 0xff, 0xfe, 0x10,
    0x2, 0xff, 0xff, 0xff, 0x90, 0x0, 0xb, 0xff,
    0xff, 0xf3, 0x0, 0x3, 0xef, 0xff, 0xff, 0x90,
    0x9, 0xff, 0xff, 0xfb, 0x0, 0x0, 0xb, 0xff,
    0xff, 0xf3, 0x0, 0x0, 0x4f, 0xff, 0xff, 0xf0,
    0xe, 0xff, 0xff, 0xf2, 0x0, 0x0, 0xb, 0xff,
    0xff, 0xf3, 0x0, 0x0, 0xb, 0xff, 0xff, 0xf5,
    0x3f, 0xff, 0xff, 0xb0, 0x0, 0x0, 0xb, 0xff,
    0xff, 0xf3, 0x0, 0x0, 0x5, 0xff, 0xff, 0xf9,
    0x5f, 0xff, 0xff, 0x70, 0x0, 0x0, 0xb, 0xff,
    0xff, 0xf3, 0x0, 0x0, 0x1, 0xff, 0xff, 0xfc,
    0x7f, 0xff, 0xff, 0x50, 0x0, 0x0, 0xb, 0xff,
    0xff, 0xf3, 0x0, 0x0, 0x0, 0xff, 0xff, 0xfd,
    0x8f, 0xff, 0xff, 0x40, 0x0, 0x0, 0xb, 0xff,
    0xff, 0xf3, 0x0, 0x0, 0x0, 0xef, 0xff, 0xfe,
    0x7f, 0xff, 0xff, 0x50, 0x0, 0x0, 0xb, 0xff,
    0xff, 0xf3, 0x0, 0x0, 0x0, 0xef, 0xff, 0xfe,
    0x6f, 0xff, 0xff, 0x70, 0x0, 0x0, 0xb, 0xff,
    0xff, 0xf3, 0x0, 0x0, 0x0, 0xff, 0xff, 0xfc,
    0x3f, 0xff, 0xff, 0xa0, 0x0, 0x0, 0xb, 0xff,
    0xff, 0xf3, 0x0, 0x0, 0x4, 0xff, 0xff, 0xfa,
    0xf, 0xff, 0xff, 0xf1, 0x0, 0x0, 0xb, 0xff,
    0xff, 0xf3, 0x0, 0x0, 0xa, 0xff, 0xff, 0xf6,
    0xa, 0xff, 0xff, 0xfa, 0x0, 0x0, 0xb, 0xff,
    0xff, 0xf3, 0x0, 0x0, 0x4f, 0xff, 0xff, 0xf1,
    0x3, 0xff, 0xff, 0xff, 0x90, 0x0, 0xb, 0xff,
    0xff, 0xf3, 0x0, 0x3, 0xef, 0xff, 0xff, 0x90,
    0x0, 0xaf, 0xff, 0xff, 0xfd, 0x62, 0xb, 0xff,
    0xff, 0xf3, 0x14, 0xaf, 0xff, 0xff, 0xff, 0x10,
    0x0, 0x1e, 0xff, 0xff, 0xff, 0xff, 0xff, 0xff,
    0xff, 0xff, 0xff, 0xff, 0xff, 0xff, 0xf5, 0x0,
    0x0, 0x2, 0xef, 0xff, 0xff, 0xff, 0xff, 0xff,
    0xff, 0xff, 0xff, 0xff, 0xff, 0xff, 0x70, 0x0,
    0x0, 0x0, 0x2c, 0xff, 0xff, 0xff, 0xff, 0xff,
    0xff, 0xff, 0xff, 0xff, 0xff, 0xf6, 0x0, 0x0,
    0x0, 0x0, 0x0, 0x6e, 0xff, 0xff, 0xff, 0xff,
    0xff, 0xff, 0xff, 0xff, 0xfa, 0x20, 0x0, 0x0,
    0x0, 0x0, 0x0, 0x0, 0x49, 0xce, 0xff, 0xff,
    0xff, 0xff, 0xfd, 0xb7, 0x10, 0x0, 0x0, 0x0,
    0x0, 0x0, 0x0, 0x0, 0x0, 0x0, 0xb, 0xff,
    0xff, 0xf3, 0x0, 0x0, 0x0, 0x0, 0x0, 0x0,
    0x0, 0x0, 0x0, 0x0, 0x0, 0x0, 0xb, 0xff,
    0xff, 0xf3, 0x0, 0x0, 0x0, 0x0, 0x0, 0x0,
    0x0, 0x0, 0x0, 0x0, 0x0, 0x0, 0xb, 0xff,
    0xff, 0xf3, 0x0, 0x0, 0x0, 0x0, 0x0, 0x0,
    0x0, 0x0, 0x0, 0x0, 0x0, 0x0, 0xb, 0xff,
    0xff, 0xf3, 0x0, 0x0, 0x0, 0x0, 0x0, 0x0,

    /* U+0425 "Х" */
    0x1f, 0xff, 0xff, 0xfe, 0x10, 0x0, 0x0, 0x0,
    0x0, 0x4f, 0xff, 0xff, 0xfb, 0x0, 0x7f, 0xff,
    0xff, 0xf8, 0x0, 0x0, 0x0, 0x0, 0xd, 0xff,
    0xff, 0xff, 0x20, 0x0, 0xdf, 0xff, 0xff, 0xf1,
    0x0, 0x0, 0x0, 0x6, 0xff, 0xff, 0xff, 0x80,
    0x0, 0x4, 0xff, 0xff, 0xff, 0x90, 0x0, 0x0,
    0x0, 0xef, 0xff, 0xff, 0xe0, 0x0, 0x0, 0xb,
    0xff, 0xff, 0xff, 0x20, 0x0, 0x0, 0x7f, 0xff,
    0xff, 0xf6, 0x0, 0x0, 0x0, 0x2f, 0xff, 0xff,
    0xfa, 0x0, 0x0, 0xe, 0xff, 0xff, 0xfc, 0x0,
    0x0, 0x0, 0x0, 0x8f, 0xff, 0xff, 0xf3, 0x0,
    0x8, 0xff, 0xff, 0xff, 0x30, 0x0, 0x0, 0x0,
    0x0, 0xef, 0xff, 0xff, 0xc0, 0x1, 0xff, 0xff,
    0xff, 0xa0, 0x0, 0x0, 0x0, 0x0, 0x5, 0xff,
    0xff, 0xff, 0x40, 0x9f, 0xff, 0xff, 0xf1, 0x0,
    0x0, 0x0, 0x0, 0x0, 0xc, 0xff, 0xff, 0xfd,
    0x2f, 0xff, 0xff, 0xf7, 0x0, 0x0, 0x0, 0x0,
    0x0, 0x0, 0x3f, 0xff, 0xff, 0xfe, 0xff, 0xff,
    0xfd, 0x0, 0x0, 0x0, 0x0, 0x0, 0x0, 0x0,
    0x9f, 0xff, 0xff, 0xff, 0xff, 0xff, 0x40, 0x0,
    0x0, 0x0, 0x0, 0x0, 0x0, 0x1, 0xff, 0xff,
    0xff, 0xff, 0xff, 0xb0, 0x0, 0x0, 0x0, 0x0,
    0x0, 0x0, 0x0, 0x7, 0xff, 0xff, 0xff, 0xff,
    0xf2, 0x0, 0x0, 0x0, 0x0, 0x0, 0x0, 0x0,
    0x0, 0xd, 0xff, 0xff, 0xff, 0xf8, 0x0, 0x0,
    0x0, 0x0, 0x0, 0x0, 0x0, 0x0, 0x1, 0xef,
    0xff, 0xff, 0xff, 0xb0, 0x0, 0x0, 0x0, 0x0,
    0x0, 0x0, 0x0, 0x0, 0x9f, 0xff, 0xff, 0xff,
    0xff, 0x40, 0x0, 0x0, 0x0, 0x0, 0x0, 0x0,
    0x0, 0x3f, 0xff, 0xff, 0xff, 0xff, 0xfd, 0x0,
    0x0, 0x0, 0x0, 0x0, 0x0, 0x0, 0xc, 0xff,
    0xff, 0xff, 0xff, 0xff, 0xf7, 0x0, 0x0, 0x0,
    0x0, 0x0, 0x0, 0x5, 0xff, 0xff, 0xff, 0xcf,
    0xff, 0xff, 0xf1, 0x0, 0x0, 0x0, 0x0, 0x0,
    0x0, 0xef, 0xff, 0xff, 0xb1, 0xff, 0xff, 0xff,
    0xa0, 0x0, 0x0, 0x0, 0x0, 0x0, 0x8f, 0xff,
    0xff, 0xf2, 0x7, 0xff, 0xff, 0xff, 0x30, 0x0,
    0x0, 0x0, 0x0, 0x2f, 0xff, 0xff, 0xfa, 0x0,
    0xe, 0xff, 0xff, 0xfc, 0x0, 0x0, 0x0, 0x0,
    0xb, 0xff, 0xff, 0xff, 0x10, 0x0, 0x6f, 0xff,
    0xff, 0xf6, 0x0, 0x0, 0x0, 0x5, 0xff, 0xff,
    0xff, 0x80, 0x0, 0x0, 0xdf, 0xff, 0xff, 0xe1,
    0x0, 0x0, 0x0, 0xdf, 0xff, 0xff, 0xe1, 0x0,
    0x0, 0x4, 0xff, 0xff, 0xff, 0x90, 0x0, 0x0,
    0x8f, 0xff, 0xff, 0xf7, 0x0, 0x0, 0x0, 0xc,
    0xff, 0xff, 0xff, 0x20, 0x0, 0x2f, 0xff, 0xff,
    0xfe, 0x0, 0x0, 0x0, 0x0, 0x3f, 0xff, 0xff,
    0xfc, 0x0, 0xa, 0xff, 0xff, 0xff, 0x60, 0x0,
    0x0, 0x0, 0x0, 0xaf, 0xff, 0xff, 0xf5, 0x4,
    0xff, 0xff, 0xff, 0xd0, 0x0, 0x0, 0x0, 0x0,
    0x2, 0xff, 0xff, 0xff, 0xe0,

    /* U+0426 "Ц" */
    0xaf, 0xff, 0xff, 0x70, 0x0, 0x0, 0x0, 0x0,
    0x0, 0x7f, 0xff, 0xff, 0xb0, 0x0, 0xa, 0xff,
    0xff, 0xf7, 0x0, 0x0, 0x0, 0x0, 0x0, 0x7,
    0xff, 0xff, 0xfb, 0x0, 0x0, 0xaf, 0xff, 0xff,
    0x70, 0x0, 0x0, 0x0, 0x0, 0x0, 0x7f, 0xff,
    0xff, 0xb0, 0x0, 0xa, 0xff, 0xff, 0xf7, 0x0,
    0x0, 0x0, 0x0, 0x0, 0x7, 0xff, 0xff, 0xfb,
    0x0, 0x0, 0xaf, 0xff, 0xff, 0x70, 0x0, 0x0,
    0x0, 0x0, 0x0, 0x7f, 0xff, 0xff, 0xb0, 0x0,
    0xa, 0xff, 0xff, 0xf7, 0x0, 0x0, 0x0, 0x0,
    0x0, 0x7, 0xff, 0xff, 0xfb, 0x0, 0x0, 0xaf,
    0xff, 0xff, 0x70, 0x0, 0x0, 0x0, 0x0, 0x0,
    0x7f, 0xff, 0xff, 0xb0, 0x0, 0xa, 0xff, 0xff,
    0xf7, 0x0, 0x0, 0x0, 0x0, 0x0, 0x7, 0xff,
    0xff, 0xfb, 0x0, 0x0, 0xaf, 0xff, 0xff, 0x70,
    0x0, 0x0, 0x0, 0x0, 0x0, 0x7f, 0xff, 0xff,
    0xb0, 0x0, 0xa, 0xff, 0xff, 0xf7, 0x0, 0x0,
    0x0, 0x0, 0x0, 0x7, 0xff, 0xff, 0xfb, 0x0,
    0x0, 0xaf, 0xff, 0xff, 0x70, 0x0, 0x0, 0x0,
    0x0, 0x0, 0x7f, 0xff, 0xff, 0xb0, 0x0, 0xa,
    0xff, 0xff, 0xf7, 0x0, 0x0, 0x0, 0x0, 0x0,
    0x7, 0xff, 0xff, 0xfb, 0x0, 0x0, 0xaf, 0xff,
    0xff, 0x70, 0x0, 0x0, 0x0, 0x0, 0x0, 0x7f,
    0xff, 0xff, 0xb0, 0x0, 0xa, 0xff, 0xff, 0xf7,
    0x0, 0x0, 0x0, 0x0, 0x0, 0x7, 0xff, 0xff,
    0xfb, 0x0, 0x0, 0xaf, 0xff, 0xff, 0x70, 0x0,
    0x0, 0x0, 0x0, 0x0, 0x7f, 0xff, 0xff, 0xb0,
    0x0, 0xa, 0xff, 0xff, 0xf7, 0x0, 0x0, 0x0,
    0x0, 0x0, 0x7, 0xff, 0xff, 0xfb, 0x0, 0x0,
    0xaf, 0xff, 0xff, 0x70, 0x0, 0x0, 0x0, 0x0,
    0x0, 0x7f, 0xff, 0xff, 0xb0, 0x0, 0xa, 0xff,
    0xff, 0xf7, 0x0, 0x0, 0x0, 0x0, 0x0, 0x7,
    0xff, 0xff, 0xfb, 0x0, 0x0, 0xaf, 0xff, 0xff,
    0x70, 0x0, 0x0, 0x0, 0x0, 0x0, 0x7f, 0xff,
    0xff, 0xb0, 0x0, 0xa, 0xff, 0xff, 0xf7, 0x0,
    0x0, 0x0, 0x0, 0x0, 0x7, 0xff, 0xff, 0xfb,
    0x0, 0x0, 0xaf, 0xff, 0xff, 0x70, 0x0, 0x0,
    0x0, 0x0, 0x0, 0x7f, 0xff, 0xff, 0xb0, 0x0,
    0xa, 0xff, 0xff, 0xf7, 0x0, 0x0, 0x0, 0x0,
    0x0, 0x7, 0xff, 0xff, 0xfb, 0x0, 0x0, 0xaf,
    0xff, 0xff, 0x70, 0x0, 0x0, 0x0, 0x0, 0x0,
    0x7f, 0xff, 0xff, 0xb0, 0x0, 0xa, 0xff, 0xff,
    0xf7, 0x0, 0x0, 0x0, 0x0, 0x0, 0x7, 0xff,
    0xff, 0xfb, 0x0, 0x0, 0xaf, 0xff, 0xff, 0x70,
    0x0, 0x0, 0x0, 0x0, 0x0, 0x7f, 0xff, 0xff,
    0xb0, 0x0, 0xa, 0xff, 0xff, 0xfe, 0xdd, 0xdd,
    0xdd, 0xdd, 0xdd, 0xde, 0xff, 0xff, 0xff, 0xdd,
    0xda, 0xaf, 0xff, 0xff, 0xff, 0xff, 0xff, 0xff,
    0xff, 0xff, 0xff, 0xff, 0xff, 0xff, 0xff, 0xba,
    0xff, 0xff, 0xff, 0xff, 0xff, 0xff, 0xff, 0xff,
    0xff, 0xff, 0xff, 0xff, 0xff, 0xfb, 0xaf, 0xff,
    0xff, 0xff, 0xff, 0xff, 0xff, 0xff, 0xff, 0xff,
    0xff, 0xff, 0xff, 0xff, 0xaa, 0xff, 0xff, 0xff,
    0xff, 0xff, 0xff, 0xff, 0xff, 0xff, 0xff, 0xff,
    0xff, 0xff, 0xfa, 0x0, 0x0, 0x0, 0x0, 0x0,
    0x0, 0x0, 0x0, 0x0, 0x0, 0x0, 0x6f, 0xff,
    0xff, 0x90, 0x0, 0x0, 0x0, 0x0, 0x0, 0x0,
    0x0, 0x0, 0x0, 0x0, 0x6, 0xff, 0xff, 0xf9,
    0x0, 0x0, 0x0, 0x0, 0x0, 0x0, 0x0, 0x0,
    0x0, 0x0, 0x0, 0x6f, 0xff, 0xff, 0x80, 0x0,
    0x0, 0x0, 0x0, 0x0, 0x0, 0x0, 0x0, 0x0,
    0x0, 0x6, 0xff, 0xff, 0xf8, 0x0, 0x0, 0x0,
    0x0, 0x0, 0x0, 0x0, 0x0, 0x0, 0x0, 0x0,
    0x6f, 0xff, 0xff, 0x70, 0x0, 0x0, 0x0, 0x0,
    0x0, 0x0, 0x0, 0x0, 0x0, 0x0, 0x6, 0xff,
    0xff, 0xf7, 0x0, 0x0, 0x0, 0x0, 0x0, 0x0,
    0x0, 0x0, 0x0, 0x0, 0x0, 0x6f, 0xff, 0xff,
    0x60, 0x0, 0x0, 0x0, 0x0, 0x0, 0x0, 0x0,
    0x0, 0x0, 0x0, 0x3, 0x88, 0x88, 0x83,

    /* U+0427 "Ч" */
    0x2f, 0xff, 0xff, 0xf0, 0x0, 0x0, 0x0, 0x0,
    0x0, 0xaf, 0xff, 0xff, 0x82, 0xff, 0xff, 0xff,
    0x0, 0x0, 0x0, 0x0, 0x0, 0xa, 0xff, 0xff,
    0xf8, 0x2f, 0xff, 0xff, 0xf0, 0x0, 0x0, 0x0,
    0x0, 0x0, 0xaf, 0xff, 0xff, 0x82, 0xff, 0xff,
    0xff, 0x0, 0x0, 0x0, 0x0, 0x0, 0xa, 0xff,
    0xff, 0xf8, 0x2f, 0xff, 0xff, 0xf0, 0x0, 0x0,
    0x0, 0x0, 0x0, 0xaf, 0xff, 0xff, 0x82, 0xff,
    0xff, 0xff, 0x0, 0x0, 0x0, 0x0, 0x0, 0xa,
    0xff, 0xff, 0xf8, 0x2f, 0xff, 0xff, 0xf0, 0x0,
    0x0, 0x0, 0x0, 0x0, 0xaf, 0xff, 0xff, 0x82,
    0xff, 0xff, 0xff, 0x0, 0x0, 0x0, 0x0, 0x0,
    0xa, 0xff, 0xff, 0xf8, 0x2f, 0xff, 0xff, 0xf0,
    0x0, 0x0, 0x0, 0x0, 0x0, 0xaf, 0xff, 0xff,
    0x82, 0xff, 0xff, 0xff, 0x0, 0x0, 0x0, 0x0,
    0x0, 0xa, 0xff, 0xff, 0xf8, 0x1f, 0xff, 0xff,
    0xf2, 0x0, 0x0, 0x0, 0x0, 0x0, 0xaf, 0xff,
    0xff, 0x80, 0xff, 0xff, 0xff, 0x60, 0x0, 0x0,
    0x0, 0x0, 0xa, 0xff, 0xff, 0xf8, 0xb, 0xff,
    0xff, 0xfe, 0x10, 0x0, 0x0, 0x0, 0x0, 0xaf,
    0xff, 0xff, 0x80, 0x5f, 0xff, 0xff, 0xfe, 0x72,
    0x0, 0x0, 0x13, 0x5d, 0xff, 0xff, 0xf8, 0x0,
    0xcf, 0xff, 0xff, 0xff, 0xff, 0xff, 0xff, 0xff,
    0xff, 0xff, 0xff, 0x80, 0x2, 0xef, 0xff, 0xff,
    0xff, 0xff, 0xff, 0xff, 0xff, 0xff, 0xff, 0xf8,
    0x0, 0x2, 0xdf, 0xff, 0xff, 0xff, 0xff, 0xff,
    0xff, 0xff, 0xff, 0xff, 0x80, 0x0, 0x0, 0x7e,
    0xff, 0xff, 0xff, 0xff, 0xff, 0xff, 0xff, 0xff,
    0xf8, 0x0, 0x0, 0x0, 0x3, 0x7a, 0xcd, 0xee,
    0xed, 0xb8, 0xcf, 0xff, 0xff, 0x80, 0x0, 0x0,
    0x0, 0x0, 0x0, 0x0, 0x0, 0x0, 0xa, 0xff,
    0xff, 0xf8, 0x0, 0x0, 0x0, 0x0, 0x0, 0x0,
    0x0, 0x0, 0x0, 0xaf, 0xff, 0xff, 0x80, 0x0,
    0x0, 0x0, 0x0, 0x0, 0x0, 0x0, 0x0, 0xa,
    0xff, 0xff, 0xf8, 0x0, 0x0, 0x0, 0x0, 0x0,
    0x0, 0x0, 0x0, 0x0, 0xaf, 0xff, 0xff, 0x80,
    0x0, 0x0, 0x0, 0x0, 0x0, 0x0, 0x0, 0x0,
    0xa, 0xff, 0xff, 0xf8, 0x0, 0x0, 0x0, 0x0,
    0x0, 0x0, 0x0, 0x0, 0x0, 0xaf, 0xff, 0xff,
    0x80, 0x0, 0x0, 0x0, 0x0, 0x0, 0x0, 0x0,
    0x0, 0xa, 0xff, 0xff, 0xf8, 0x0, 0x0, 0x0,
    0x0, 0x0, 0x0, 0x0, 0x0, 0x0, 0xaf, 0xff,
    0xff, 0x80, 0x0, 0x0, 0x0, 0x0, 0x0, 0x0,
    0x0, 0x0, 0xa, 0xff, 0xff, 0xf8, 0x0, 0x0,
    0x0, 0x0, 0x0, 0x0, 0x0, 0x0, 0x0, 0xaf,
    0xff, 0xff, 0x80, 0x0, 0x0, 0x0, 0x0, 0x0,
    0x0, 0x0, 0x0, 0xa, 0xff, 0xff, 0xf8,

    /* U+0428 "Ш" */
    0x6f, 0xff, 0xff, 0xc0, 0x0, 0x0, 0x0, 0xe,
    0xff, 0xff, 0xf4, 0x0, 0x0, 0x0, 0x8, 0xff,
    0xff, 0xfa, 0x6f, 0xff, 0xff, 0xc0, 0x0, 0x0,
    0x0, 0xe, 0xff, 0xff, 0xf4, 0x0, 0x0, 0x0,
    0x8, 0xff, 0xff, 0xfa, 0x6f, 0xff, 0xff, 0xc0,
    0x0, 0x0, 0x0, 0xe, 0xff, 0xff, 0xf4, 0x0,
    0x0, 0x0, 0x8, 0xff, 0xff, 0xfa, 0x6f, 0xff,
    0xff, 0xc0, 0x0, 0x0, 0x0, 0xe, 0xff, 0xff,
    0xf4, 0x0, 0x0, 0x0, 0x8, 0xff, 0xff, 0xfa,
    0x6f, 0xff, 0xff, 0xc0, 0x0, 0x0, 0x0, 0xe,
    0xff, 0xff, 0xf4, 0x0, 0x0, 0x0, 0x8, 0xff,
    0xff, 0xfa, 0x6f, 0xff, 0xff, 0xc0, 0x0, 0x0,
    0x0, 0xe, 0xff, 0xff, 0xf4, 0x0, 0x0, 0x0,
    0x8, 0xff, 0xff, 0xfa, 0x6f, 0xff, 0xff, 0xc0,
    0x0, 0x0, 0x0, 0xe, 0xff, 0xff, 0xf4, 0x0,
    0x0, 0x0, 0x8, 0xff, 0xff, 0xfa, 0x6f, 0xff,
    0xff, 0xc0, 0x0, 0x0, 0x0, 0xe, 0xff, 0xff,
    0xf4, 0x0, 0x0, 0x0, 0x8, 0xff, 0xff, 0xfa,
    0x6f, 0xff, 0xff, 0xc0, 0x0, 0x0, 0x0, 0xe,
    0xff, 0xff, 0xf4, 0x0, 0x0, 0x0, 0x8, 0xff,
    0xff, 0xfa, 0x6f, 0xff, 0xff, 0xc0, 0x0, 0x0,
    0x0, 0xe, 0xff, 0xff, 0xf4, 0x0, 0x0, 0x0,
    0x8, 0xff, 0xff, 0xfa, 0x6f, 0xff, 0xff, 0xc0,
    0x0, 0x0, 0x0, 0xe, 0xff, 0xff, 0xf4, 0x0,
    0x0, 0x0, 0x8, 0xff, 0xff, 0xfa, 0x6f, 0xff,
    0xff, 0xc0, 0x0, 0x0, 0x0, 0xe, 0xff, 0xff,
    0xf4, 0x0, 0x0, 0x0, 0x8, 0xff, 0xff, 0xfa,
    0x6f, 0xff, 0xff, 0xc0, 0x0, 0x0, 0x0, 0xe,
    0xff, 0xff, 0xf4, 0x0, 0x0, 0x0, 0x8, 0xff,
    0xff, 0xfa, 0x6f, 0xff, 0xff, 0xc0, 0x0, 0x0,
    0x0, 0xe, 0xff, 0xff, 0xf4, 0x0, 0x0, 0x0,
    0x8, 0xff, 0xff, 0xfa, 0x6f, 0xff, 0xff, 0xc0,
    0x0, 0x0, 0x0, 0xe, 0xff, 0xff, 0xf4, 0x0,
    0x0, 0x0, 0x8, 0xff, 0xff, 0xfa, 0x6f, 0xff,
    0xff, 0xc0, 0x0, 0x0, 0x0, 0xe, 0xff, 0xff,
    0xf4, 0x0, 0x0, 0x0, 0x8, 0xff, 0xff, 0xfa,
    0x6f, 0xff, 0xff, 0xc0, 0x0, 0x0, 0x0, 0xe,
    0xff, 0xff, 0xf4, 0x0, 0x0, 0x0, 0x8, 0xff,
    0xff, 0xfa, 0x6f, 0xff, 0xff, 0xc0, 0x0, 0x0,
    0x0, 0xe, 0xff, 0xff, 0xf4, 0x0, 0x0, 0x0,
    0x8, 0xff, 0xff, 0xfa, 0x6f, 0xff, 0xff, 0xc0,
    0x0, 0x0, 0x0, 0xe, 0xff, 0xff, 0xf4, 0x0,
    0x0, 0x0, 0x8, 0xff, 0xff, 0xfa, 0x6f, 0xff,
    0xff, 0xc0, 0x0, 0x0, 0x0, 0xe, 0xff, 0xff,
    0xf4, 0x0, 0x0, 0x0, 0x8, 0xff, 0xff, 0xfa,
    0x6f, 0xff, 0xff, 0xc0, 0x0, 0x0, 0x0, 0xe,
    0xff, 0xff, 0xf4, 0x0, 0x0, 0x0, 0x8, 0xff,
    0xff, 0xfa, 0x6f, 0xff, 0xff, 0xc0, 0x0, 0x0,
    0x0, 0xe, 0xff, 0xff, 0xf4, 0x0, 0x0, 0x0,
    0x8, 0xff, 0xff, 0xfa, 0x6f, 0xff, 0xff, 0xc0,
    0x0, 0x0, 0x0, 0xe, 0xff, 0xff, 0xf4, 0x0,
    0x0, 0x0, 0x8, 0xff, 0xff, 0xfa, 0x6f, 0xff,
    0xff, 0xc0, 0x0, 0x0, 0x0, 0xe, 0xff, 0xff,
    0xf4, 0x0, 0x0, 0x0, 0x8, 0xff, 0xff, 0xfa,
    0x6f, 0xff, 0xff, 0xc0, 0x0, 0x0, 0x0, 0xe,
    0xff, 0xff, 0xf4, 0x0, 0x0, 0x0, 0x8, 0xff,
    0xff, 0xfa, 0x6f, 0xff, 0xff, 0xfe, 0xee, 0xee,
    0xee, 0xef, 0xff, 0xff, 0xfe, 0xee, 0xee, 0xee,
    0xef, 0xff, 0xff, 0xfa, 0x6f, 0xff, 0xff, 0xff,
    0xff, 0xff, 0xff, 0xff, 0xff, 0xff, 0xff, 0xff,
    0xff, 0xff, 0xff, 0xff, 0xff, 0xfa, 0x6f, 0xff,
    0xff, 0xff, 0xff, 0xff, 0xff, 0xff, 0xff, 0xff,
    0xff, 0xff, 0xff, 0xff, 0xff, 0xff, 0xff, 0xfa,
    0x6f, 0xff, 0xff, 0xff, 0xff, 0xff, 0xff, 0xff,
    0xff, 0xff, 0xff, 0xff, 0xff, 0xff, 0xff, 0xff,
    0xff, 0xfa, 0x6f, 0xff, 0xff, 0xff, 0xff, 0xff,
    0xff, 0xff, 0xff, 0xff, 0xff, 0xff, 0xff, 0xff,
    0xff, 0xff, 0xff, 0xfa,

    /* U+0429 "Щ" */
    0x6f, 0xff, 0xff, 0xc0, 0x0, 0x0, 0x0, 0xe,
    0xff, 0xff, 0xf4, 0x0, 0x0, 0x0, 0x8, 0xff,
    0xff, 0xfa, 0x0, 0x0, 0x6f, 0xff, 0xff, 0xc0,
    0x0, 0x0, 0x0, 0xe, 0xff, 0xff, 0xf4, 0x0,
    0x0, 0x0, 0x8, 0xff, 0xff, 0xfa, 0x0, 0x0,
    0x6f, 0xff, 0xff, 0xc0, 0x0, 0x0, 0x0, 0xe,
    0xff, 0xff, 0xf4, 0x0, 0x0, 0x0, 0x8, 0xff,
    0xff, 0xfa, 0x0, 0x0, 0x6f, 0xff, 0xff, 0xc0,
    0x0, 0x0, 0x0, 0xe, 0xff, 0xff, 0xf4, 0x0,
    0x0, 0x0, 0x8, 0xff, 0xff, 0xfa, 0x0, 0x0,
    0x6f, 0xff, 0xff, 0xc0, 0x0, 0x0, 0x0, 0xe,
    0xff, 0xff, 0xf4, 0x0, 0x0, 0x0, 0x8, 0xff,
    0xff, 0xfa, 0x0, 0x0, 0x6f, 0xff, 0xff, 0xc0,
    0x0, 0x0, 0x0, 0xe, 0xff, 0xff, 0xf4, 0x0,
    0x0, 0x0, 0x8, 0xff, 0xff, 0xfa, 0x0, 0x0,
    0x6f, 0xff, 0xff, 0xc0, 0x0, 0x0, 0x0, 0xe,
    0xff, 0xff, 0xf4, 0x0, 0x0, 0x0, 0x8, 0xff,
    0xff, 0xfa, 0x0, 0x0, 0x6f, 0xff, 0xff, 0xc0,
    0x0, 0x0, 0x0, 0xe, 0xff, 0xff, 0xf4, 0x0,
    0x0, 0x0, 0x8, 0xff, 0xff, 0xfa, 0x0, 0x0,
    0x6f, 0xff, 0xff, 0xc0, 0x0, 0x0, 0x0, 0xe,
    0xff, 0xff, 0xf4, 0x0, 0x0, 0x0, 0x8, 0xff,
    0xff, 0xfa, 0x0, 0x0, 0x6f, 0xff, 0xff, 0xc0,
    0x0, 0x0, 0x0, 0xe, 0xff, 0xff, 0xf4, 0x0,
    0x0, 0x0, 0x8, 0xff, 0xff, 0xfa, 0x0, 0x0,
    0x6f, 0xff, 0xff, 0xc0, 0x0, 0x0, 0x0, 0xe,
    0xff, 0xff, 0xf4, 0x0, 0x0, 0x0, 0x8, 0xff,
    0xff, 0xfa, 0x0, 0x0, 0x6f, 0xff, 0xff, 0xc0,
    0x0, 0x0, 0x0, 0xe, 0xff, 0xff, 0xf4, 0x0,
    0x0, 0x0, 0x8, 0xff, 0xff, 0xfa, 0x0, 0x0,
    0x6f, 0xff, 0xff, 0xc0, 0x0, 0x0, 0x0, 0xe,
    0xff, 0xff, 0xf4, 0x0, 0x0, 0x0, 0x8, 0xff,
    0xff, 0xfa, 0x0, 0x0, 0x6f, 0xff, 0xff, 0xc0,
    0x0, 0x0, 0x0, 0xe, 0xff, 0xff, 0xf4, 0x0,
    0x0, 0x0, 0x8, 0xff, 0xff, 0xfa, 0x0, 0x0,
    0x6f, 0xff, 0xff, 0xc0, 0x0, 0x0, 0x0, 0xe,
    0xff, 0xff, 0xf4, 0x0, 0x0, 0x0, 0x8, 0xff,
    0xff, 0xfa, 0x0, 0x0, 0x6f, 0xff, 0xff, 0xc0,
    0x0, 0x0, 0x0, 0xe, 0xff, 0xff, 0xf4, 0x0,
    0x0, 0x0, 0x8, 0xff, 0xff, 0xfa, 0x0, 0x0,
    0x6f, 0xff, 0xff, 0xc0, 0x0, 0x0, 0x0, 0xe,
    0xff, 0xff, 0xf4, 0x0, 0x0, 0x0, 0x8, 0xff,
    0xff, 0xfa, 0x0, 0x0, 0x6f, 0xff, 0xff, 0xc0,
    0x0, 0x0, 0x0, 0xe, 0xff, 0xff, 0xf4, 0x0,
    0x0, 0x0, 0x8, 0xff, 0xff, 0xfa, 0x0, 0x0,
    0x6f, 0xff, 0xff, 0xc0, 0x0, 0x0, 0x0, 0xe,
    0xff, 0xff, 0xf4, 0x0, 0x0, 0x0, 0x8, 0xff,
    0xff, 0xfa, 0x0, 0x0, 0x6f, 0xff, 0xff, 0xc0,
    0x0, 0x0, 0x0, 0xe, 0xff, 0xff, 0xf4, 0x0,
    0x0, 0x0, 0x8, 0xff, 0xff, 0xfa, 0x0, 0x0,
    0x6f, 0xff, 0xff, 0xc0, 0x0, 0x0, 0x0, 0xe,
    0xff, 0xff, 0xf4, 0x0, 0x0, 0x0, 0x8, 0xff,
    0xff, 0xfa, 0x0, 0x0, 0x6f, 0xff, 0xff, 0xc0,
    0x0, 0x0, 0x0, 0xe, 0xff, 0xff, 0xf4, 0x0,
    0x0, 0x0, 0x8, 0xff, 0xff, 0xfa, 0x0, 0x0,
    0x6f, 0xff, 0xff, 0xc0, 0x0, 0x0, 0x0, 0xe,
    0xff, 0xff, 0xf4, 0x0, 0x0, 0x0, 0x8, 0xff,
    0xff, 0xfa, 0x0, 0x0, 0x6f, 0xff, 0xff, 0xc0,
    0x0, 0x0, 0x0, 0xe, 0xff, 0xff, 0xf4, 0x0,
    0x0, 0x0, 0x8, 0xff, 0xff, 0xfa, 0x0, 0x0,
    0x6f, 0xff, 0xff, 0xc0, 0x0, 0x0, 0x0, 0xe,
    0xff, 0xff, 0xf4, 0x0, 0x0, 0x0, 0x8, 0xff,
    0xff, 0xfa, 0x0, 0x0, 0x6f, 0xff, 0xff, 0xeb,
    0xbb, 0xbb, 0xbb, 0xbf, 0xff, 0xff, 0xfc, 0xbb,
    0xbb, 0xbb, 0xbd, 0xff, 0xff, 0xfe, 0xbb, 0xb6,
    0x6f, 0xff, 0xff, 0xff, 0xff, 0xff, 0xff, 0xff,
    0xff, 0xff, 0xff, 0xff, 0xff, 0xff, 0xff, 0xff,
    0xff, 0xff, 0xff, 0xf8, 0x6f, 0xff, 0xff, 0xff,
    0xff, 0xff, 0xff, 0xff, 0xff, 0xff, 0xff, 0xff,
    0xff, 0xff, 0xff, 0xff, 0xff, 0xff, 0xff, 0xf8,
    0x6f, 0xff, 0xff, 0xff, 0xff, 0xff, 0xff, 0xff,
    0xff, 0xff, 0xff, 0xff, 0xff, 0xff, 0xff, 0xff,
    0xff, 0xff, 0xff, 0xf7, 0x6f, 0xff, 0xff, 0xff,
    0xff, 0xff, 0xff, 0xff, 0xff, 0xff, 0xff, 0xff,
    0xff, 0xff, 0xff, 0xff, 0xff, 0xff, 0xff, 0xf7,
    0x0, 0x0, 0x0, 0x0, 0x0, 0x0, 0x0, 0x0,
    0x0, 0x0, 0x0, 0x0, 0x0, 0x0, 0x0, 0x0,
    0x4, 0xff, 0xff, 0xf6, 0x0, 0x0, 0x0, 0x0,
    0x0, 0x0, 0x0, 0x0, 0x0, 0x0, 0x0, 0x0,
    0x0, 0x0, 0x0, 0x0, 0x4, 0xff, 0xff, 0xf6,
    0x0, 0x0, 0x0, 0x0, 0x0, 0x0, 0x0, 0x0,
    0x0, 0x0, 0x0, 0x0, 0x0, 0x0, 0x0, 0x0,
    0x4, 0xff, 0xff, 0xf5, 0x0, 0x0, 0x0, 0x0,
    0x0, 0x0, 0x0, 0x0, 0x0, 0x0, 0x0, 0x0,
    0x0, 0x0, 0x0, 0x0, 0x4, 0xff, 0xff, 0xf5,
    0x0, 0x0, 0x0, 0x0, 0x0, 0x0, 0x0, 0x0,
    0x0, 0x0, 0x0, 0x0, 0x0, 0x0, 0x0, 0x0,
    0x4, 0xff, 0xff, 0xf4, 0x0, 0x0, 0x0, 0x0,
    0x0, 0x0, 0x0, 0x0, 0x0, 0x0, 0x0, 0x0,
    0x0, 0x0, 0x0, 0x0, 0x4, 0xff, 0xff, 0xf4,
    0x0, 0x0, 0x0, 0x0, 0x0, 0x0, 0x0, 0x0,
    0x0, 0x0, 0x0, 0x0, 0x0, 0x0, 0x0, 0x0,
    0x4, 0xff, 0xff, 0xf3, 0x0, 0x0, 0x0, 0x0,
    0x0, 0x0, 0x0, 0x0, 0x0, 0x0, 0x0, 0x0,
    0x0, 0x0, 0x0, 0x0, 0x2, 0x88, 0x88, 0x81,

    /* U+042A "Ъ" */
    0x8f, 0xff, 0xff, 0xff, 0xff, 0xff, 0xff, 0xf0,
    0x0, 0x0, 0x0, 0x0, 0x0, 0x0, 0x0, 0x0,
    0x8f, 0xff, 0xff, 0xff, 0xff, 0xff, 0xff, 0xf0,
    0x0, 0x0, 0x0, 0x0, 0x0, 0x0, 0x0, 0x0,
    0x8f, 0xff, 0xff, 0xff, 0xff, 0xff, 0xff, 0xf0,
    0x0, 0x0, 0x0, 0x0, 0x0, 0x0, 0x0, 0x0,
    0x8f, 0xff, 0xff, 0xff, 0xff, 0xff, 0xff, 0xf0,
    0x0, 0x0, 0x0, 0x0, 0x0, 0x0, 0x0, 0x0,
    0x5b, 0xbb, 0xbb, 0xbb, 0xcf, 0xff, 0xff, 0xf0,
    0x0, 0x0, 0x0, 0x0, 0x0, 0x0, 0x0, 0x0,
    0x0, 0x0, 0x0, 0x0, 0x3f, 0xff, 0xff, 0xf0,
    0x0, 0x0, 0x0, 0x0, 0x0, 0x0, 0x0, 0x0,
    0x0, 0x0, 0x0, 0x0, 0x3f, 0xff, 0xff, 0xf0,
    0x0, 0x0, 0x0, 0x0, 0x0, 0x0, 0x0, 0x0,
    0x0, 0x0, 0x0, 0x0, 0x3f, 0xff, 0xff, 0xf0,
    0x0, 0x0, 0x0, 0x0, 0x0, 0x0, 0x0, 0x0,
    0x0, 0x0, 0x0, 0x0, 0x3f, 0xff, 0xff, 0xf0,
    0x0, 0x0, 0x0, 0x0, 0x0, 0x0, 0x0, 0x0,
    0x0, 0x0, 0x0, 0x0, 0x3f, 0xff, 0xff, 0xf0,
    0x0, 0x0, 0x0, 0x0, 0x0, 0x0, 0x0, 0x0,
    0x0, 0x0, 0x0, 0x0, 0x3f, 0xff, 0xff, 0xf0,
    0x0, 0x0, 0x0, 0x0, 0x0, 0x0, 0x0, 0x0,
    0x0, 0x0, 0x0, 0x0, 0x3f, 0xff, 0xff, 0xff,
    0xff, 0xff, 0xfe, 0xc9, 0x50, 0x0, 0x0, 0x0,
    0x0, 0x0, 0x0, 0x0, 0x3f, 0xff, 0xff, 0xff,
    0xff, 0xff, 0xff, 0xff, 0xfe, 0x70, 0x0, 0x0,
    0x0, 0x0, 0x0, 0x0, 0x3f, 0xff, 0xff, 0xff,
    0xff, 0xff, 0xff, 0xff, 0xff, 0xfd, 0x20, 0x0,
    0x0, 0x0, 0x0, 0x0, 0x3f, 0xff, 0xff, 0xff,
    0xff, 0xff, 0xff, 0xff, 0xff, 0xff, 0xe1, 0x0,
    0x0, 0x0, 0x0, 0x0, 0x3f, 0xff, 0xff, 0xfe,
    0xee, 0xee, 0xef, 0xff, 0xff, 0xff, 0xfc, 0x0,
    0x0, 0x0, 0x0, 0x0, 0x3f, 0xff, 0xff, 0xf0,
    0x0, 0x0, 0x1, 0x6e, 0xff, 0xff, 0xff, 0x40,
    0x0, 0x0, 0x0, 0x0, 0x3f, 0xff, 0xff, 0xf0,
    0x0, 0x0, 0x0, 0x1, 0xef, 0xff, 0xff, 0xb0,
    0x0, 0x0, 0x0, 0x0, 0x3f, 0xff, 0xff, 0xf0,
    0x0, 0x0, 0x0, 0x0, 0x6f, 0xff, 0xff, 0xf0,
    0x0, 0x0, 0x0, 0x0, 0x3f, 0xff, 0xff, 0xf0,
    0x0, 0x0, 0x0, 0x0, 0x1f, 0xff, 0xff, 0xf1,
    0x0, 0x0, 0x0, 0x0, 0x3f, 0xff, 0xff, 0xf0,
    0x0, 0x0, 0x0, 0x0, 0xf, 0xff, 0xff, 0xf1,
    0x0, 0x0, 0x0, 0x0, 0x3f, 0xff, 0xff, 0xf0,
    0x0, 0x0, 0x0, 0x0, 0x2f, 0xff, 0xff, 0xf0,
    0x0, 0x0, 0x0, 0x0, 0x3f, 0xff, 0xff, 0xf0,
    0x0, 0x0, 0x0, 0x0, 0x7f, 0xff, 0xff, 0xe0,
    0x0, 0x0, 0x0, 0x0, 0x3f, 0xff, 0xff, 0xf0,
    0x0, 0x0, 0x0, 0x3, 0xff, 0xff, 0xff, 0xa0,
    0x0, 0x0, 0x0, 0x0, 0x3f, 0xff, 0xff, 0xf0,
    0x0, 0x0, 0x1, 0x7f, 0xff, 0xff, 0xff, 0x30,
    0x0, 0x0, 0x0, 0x0, 0x3f, 0xff, 0xff, 0xfe,
    0xee, 0xee, 0xef, 0xff, 0xff, 0xff, 0xfa, 0x0,
    0x0, 0x0, 0x0, 0x0, 0x3f, 0xff, 0xff, 0xff,
    0xff, 0xff, 0xff, 0xff, 0xff, 0xff, 0xd0, 0x0,
    0x0, 0x0, 0x0, 0x0, 0x3f, 0xff, 0xff, 0xff,
    0xff, 0xff, 0xff, 0xff, 0xff, 0xfb, 0x10, 0x0,
    0x0, 0x0, 0x0, 0x0, 0x3f, 0xff, 0xff, 0xff,
    0xff, 0xff, 0xff, 0xff, 0xfe, 0x60, 0x0, 0x0,
    0x0, 0x0, 0x0, 0x0, 0x3f, 0xff, 0xff, 0xff,
    0xff, 0xff, 0xfe, 0xc9, 0x40, 0x0, 0x0, 0x0,

    /* U+042B "Ы" */
    0x4f, 0xff, 0xff, 0xe0, 0x0, 0x0, 0x0, 0x0,
    0x0, 0x0, 0x0, 0x0, 0x5, 0xff, 0xff, 0xfd,
    0x4f, 0xff, 0xff, 0xe0, 0x0, 0x0, 0x0, 0x0,
    0x0, 0x0, 0x0, 0x0, 0x5, 0xff, 0xff, 0xfd,
    0x4f, 0xff, 0xff, 0xe0, 0x0, 0x0, 0x0, 0x0,
    0x0, 0x0, 0x0, 0x0, 0x5, 0xff, 0xff, 0xfd,
    0x4f, 0xff, 0xff, 0xe0, 0x0, 0x0, 0x0, 0x0,
    0x0, 0x0, 0x0, 0x0, 0x5, 0xff, 0xff, 0xfd,
    0x4f, 0xff, 0xff, 0xe0, 0x0, 0x0, 0x0, 0x0,
    0x0, 0x0, 0x0, 0x0, 0x5, 0xff, 0xff, 0xfd,
    0x4f, 0xff, 0xff, 0xe0, 0x0, 0x0, 0x0, 0x0,
    0x0, 0x0, 0x0, 0x0, 0x5, 0xff, 0xff, 0xfd,
    0x4f, 0xff, 0xff, 0xe0, 0x0, 0x0, 0x0, 0x0,
    0x0, 0x0, 0x0, 0x0, 0x5, 0xff, 0xff, 0xfd,
    0x4f, 0xff, 0xff, 0xe0, 0x0, 0x0, 0x0, 0x0,
    0x0, 0x0, 0x0, 0x0, 0x5, 0xff, 0xff, 0xfd,
    0x4f, 0xff, 0xff, 0xe0, 0x0, 0x0, 0x0, 0x0,
    0x0, 0x0, 0x0, 0x0, 0x5, 0xff, 0xff, 0xfd,
    0x4f, 0xff, 0xff, 0xe0, 0x0, 0x0, 0x0, 0x0,
    0x0, 0x0, 0x0, 0x0, 0x5, 0xff, 0xff, 0xfd,
    0x4f, 0xff, 0xff, 0xe0, 0x0, 0x0, 0x0, 0x0,
    0x0, 0x0, 0x0, 0x0, 0x5, 0xff, 0xff, 0xfd,
    0x4f, 0xff, 0xff, 0xff, 0xff, 0xff, 0xfe, 0xc9,
    0x40, 0x0, 0x0, 0x0, 0x5, 0xff, 0xff, 0xfd,
    0x4f, 0xff, 0xff, 0xff, 0xff, 0xff, 0xff, 0xff,
    0xfe, 0x70, 0x0, 0x0, 0x5, 0xff, 0xff, 0xfd,
    0x4f, 0xff, 0xff, 0xff, 0xff, 0xff, 0xff, 0xff,
    0xff, 0xfc, 0x10, 0x0, 0x5, 0xff, 0xff, 0xfd,
    0x4f, 0xff, 0xff, 0xff, 0xff, 0xff, 0xff, 0xff,
    0xff, 0xff, 0xd1, 0x0, 0x5, 0xff, 0xff, 0xfd,
    0x4f, 0xff, 0xff, 0xfe, 0xee, 0xee, 0xef, 0xff,
    0xff, 0xff, 0xfb, 0x0, 0x5, 0xff, 0xff, 0xfd,
    0x4f, 0xff, 0xff, 0xe0, 0x0, 0x0, 0x1, 0x7e,
    0xff, 0xff, 0xff, 0x30, 0x5, 0xff, 0xff, 0xfd,
    0x4f, 0xff, 0xff, 0xe0, 0x0, 0x0, 0x0, 0x2,
    0xff, 0xff, 0xff, 0x90, 0x5, 0xff, 0xff, 0xfd,
    0x4f, 0xff, 0xff, 0xe0, 0x0, 0x0, 0x0, 0x0,
    0x7f, 0xff, 0xff, 0xd0, 0x5, 0xff, 0xff, 0xfd,
    0x4f, 0xff, 0xff, 0xe0, 0x0, 0x0, 0x0, 0x0,
    0x2f, 0xff, 0xff, 0xf0, 0x5, 0xff, 0xff, 0xfd,
    0x4f, 0xff, 0xff, 0xe0, 0x0, 0x0, 0x0, 0x0,
    0x1f, 0xff, 0xff, 0xf0, 0x5, 0xff, 0xff, 0xfd,
    0x4f, 0xff, 0xff, 0xe0, 0x0, 0x0, 0x0, 0x0,
    0x3f, 0xff, 0xff, 0xf0, 0x5, 0xff, 0xff, 0xfd,
    0x4f, 0xff, 0xff, 0xe0, 0x0, 0x0, 0x0, 0x0,
    0x9f, 0xff, 0xff, 0xd0, 0x5, 0xff, 0xff, 0xfd,
    0x4f, 0xff, 0xff, 0xe0, 0x0, 0x0, 0x0, 0x3,
    0xff, 0xff, 0xff, 0x80, 0x5, 0xff, 0xff, 0xfd,
    0x4f, 0xff, 0xff, 0xe0, 0x0, 0x0, 0x1, 0x7f,
    0xff, 0xff, 0xff, 0x20, 0x5, 0xff, 0xff, 0xfd,
    0x4f, 0xff, 0xff, 0xfe, 0xee, 0xee, 0xff, 0xff,
    0xff, 0xff, 0xf9, 0x0, 0x5, 0xff, 0xff, 0xfd,
    0x4f, 0xff, 0xff, 0xff, 0xff, 0xff, 0xff, 0xff,
    0xff, 0xff, 0xc0, 0x0, 0x5, 0xff, 0xff, 0xfd,
    0x4f, 0xff, 0xff, 0xff, 0xff, 0xff, 0xff, 0xff,
    0xff, 0xfb, 0x0, 0x0, 0x5, 0xff, 0xff, 0xfd,
    0x4f, 0xff, 0xff, 0xff, 0xff, 0xff, 0xff, 0xff,
    0xfd, 0x50, 0x0, 0x0, 0x5, 0xff, 0xff, 0xfd,
    0x4f, 0xff, 0xff, 0xff, 0xff, 0xff, 0xfe, 0xc8,
    0x40, 0x0, 0x0, 0x0, 0x5, 0xff, 0xff, 0xfd,

    /* U+042C "Ь" */
    0x6f, 0xff, 0xff, 0xc0, 0x0, 0x0, 0x0, 0x0,
    0x0, 0x0, 0x0, 0x6, 0xff, 0xff, 0xfc, 0x0,
    0x0, 0x0, 0x0, 0x0, 0x0, 0x0, 0x0, 0x6f,
    0xff, 0xff, 0xc0, 0x0, 0x0, 0x0, 0x0, 0x0,
    0x0, 0x0, 0x6, 0xff, 0xff, 0xfc, 0x0, 0x0,
    0x0, 0x0, 0x0, 0x0, 0x0, 0x0, 0x6f, 0xff,
    0xff, 0xc0, 0x0, 0x0, 0x0, 0x0, 0x0, 0x0,
    0x0, 0x6, 0xff, 0xff, 0xfc, 0x0, 0x0, 0x0,
    0x0, 0x0, 0x0, 0x0, 0x0, 0x6f, 0xff, 0xff,
    0xc0, 0x0, 0x0, 0x0, 0x0, 0x0, 0x0, 0x0,
    0x6, 0xff, 0xff, 0xfc, 0x0, 0x0, 0x0, 0x0,
    0x0, 0x0, 0x0, 0x0, 0x6f, 0xff, 0xff, 0xc0,
    0x0, 0x0, 0x0, 0x0, 0x0, 0x0, 0x0, 0x6,
    0xff, 0xff, 0xfc, 0x0, 0x0, 0x0, 0x0, 0x0,
    0x0, 0x0, 0x0, 0x6f, 0xff, 0xff, 0xc0, 0x0,
    0x0, 0x0, 0x0, 0x0, 0x0, 0x0, 0x6, 0xff,
    0xff, 0xff, 0xff, 0xff, 0xff, 0xec, 0x94, 0x0,
    0x0, 0x0, 0x6f, 0xff, 0xff, 0xff, 0xff, 0xff,
    0xff, 0xff, 0xfe, 0x60, 0x0, 0x6, 0xff, 0xff,
    0xff, 0xff, 0xff, 0xff, 0xff, 0xff, 0xff, 0xb1,
    0x0, 0x6f, 0xff, 0xff, 0xff, 0xff, 0xff, 0xff,
    0xff, 0xff, 0xff, 0xd0, 0x6, 0xff, 0xff, 0xff,
    0xee, 0xee, 0xef, 0xff, 0xff, 0xff, 0xff, 0x90,
    0x6f, 0xff, 0xff, 0xc0, 0x0, 0x0, 0x1, 0x7f,
    0xff, 0xff, 0xff, 0x26, 0xff, 0xff, 0xfc, 0x0,
    0x0, 0x0, 0x0, 0x3f, 0xff, 0xff, 0xf8, 0x6f,
    0xff, 0xff, 0xc0, 0x0, 0x0, 0x0, 0x0, 0x8f,
    0xff, 0xff, 0xc6, 0xff, 0xff, 0xfc, 0x0, 0x0,
    0x0, 0x0, 0x3, 0xff, 0xff, 0xff, 0x6f, 0xff,
    0xff, 0xc0, 0x0, 0x0, 0x0, 0x0, 0x2f, 0xff,
    0xff, 0xf6, 0xff, 0xff, 0xfc, 0x0, 0x0, 0x0,
    0x0, 0x4, 0xff, 0xff, 0xfe, 0x6f, 0xff, 0xff,
    0xc0, 0x0, 0x0, 0x0, 0x0, 0xaf, 0xff, 0xff,
    0xc6, 0xff, 0xff, 0xfc, 0x0, 0x0, 0x0, 0x0,
    0x4f, 0xff, 0xff, 0xf7, 0x6f, 0xff, 0xff, 0xc0,
    0x0, 0x0, 0x2, 0x8f, 0xff, 0xff, 0xff, 0x16,
    0xff, 0xff, 0xff, 0xee, 0xee, 0xef, 0xff, 0xff,
    0xff, 0xff, 0x80, 0x6f, 0xff, 0xff, 0xff, 0xff,
    0xff, 0xff, 0xff, 0xff, 0xff, 0xb0, 0x6, 0xff,
    0xff, 0xff, 0xff, 0xff, 0xff, 0xff, 0xff, 0xff,
    0xa0, 0x0, 0x6f, 0xff, 0xff, 0xff, 0xff, 0xff,
    0xff, 0xff, 0xfd, 0x50, 0x0, 0x6, 0xff, 0xff,
    0xff, 0xff, 0xff, 0xff, 0xec, 0x83, 0x0, 0x0,
    0x0,

    /* U+042D "Э" */
    0x0, 0x0, 0x0, 0x5, 0x9c, 0xef, 0xfe, 0xd9,
    0x50, 0x0, 0x0, 0x0, 0x0, 0x0, 0x0, 0x8f,
    0xff, 0xff, 0xff, 0xff, 0xff, 0xe6, 0x0, 0x0,
    0x0, 0x0, 0x2, 0xdf, 0xff, 0xff, 0xff, 0xff,
    0xff, 0xff, 0xfb, 0x10, 0x0, 0x0, 0x2, 0xef,
    0xff, 0xff, 0xff, 0xff, 0xff, 0xff, 0xff, 0xfd,
    0x10, 0x0, 0x0, 0xdf, 0xff, 0xff, 0xff, 0xfe,
    0xef, 0xff, 0xff, 0xff, 0xfc, 0x0, 0x0, 0x8f,
    0xff, 0xff, 0xfb, 0x40, 0x0, 0x5, 0xcf, 0xff,
    0xff, 0xf7, 0x0, 0xf, 0xff, 0xff, 0xf9, 0x0,
    0x0, 0x0, 0x0, 0xaf, 0xff, 0xff, 0xe0, 0x5,
    0xff, 0xff, 0xfe, 0x0, 0x0, 0x0, 0x0, 0x0,
    0xef, 0xff, 0xff, 0x60, 0x9f, 0xff, 0xff, 0x90,
    0x0, 0x0, 0x0, 0x0, 0x7, 0xff, 0xff, 0xfc,
    0xa, 0xee, 0xee, 0xe5, 0x0, 0x0, 0x0, 0x0,
    0x0, 0x1f, 0xff, 0xff, 0xf0, 0x0, 0x0, 0x0,
    0x0, 0x0, 0x0, 0x0, 0x0, 0x0, 0xdf, 0xff,
    0xff, 0x30, 0x0, 0x0, 0x0, 0x0, 0x0, 0x0,
    0x0, 0x0, 0xb, 0xff, 0xff, 0xf6, 0x0, 0x0,
    0x0, 0x0, 0xf, 0xff, 0xff, 0xff, 0xff, 0xff,
    0xff, 0xff, 0x70, 0x0, 0x0, 0x0, 0x0, 0xff,
    0xff, 0xff, 0xff, 0xff, 0xff, 0xff, 0xf8, 0x0,
    0x0, 0x0, 0x0, 0xf, 0xff, 0xff, 0xff, 0xff,
    0xff, 0xff, 0xff, 0x80, 0x0, 0x0, 0x0, 0x0,
    0xff, 0xff, 0xff, 0xff, 0xff, 0xff, 0xff, 0xf8,
    0x0, 0x0, 0x0, 0x0, 0xe, 0xee, 0xee, 0xee,
    0xee, 0xff, 0xff, 0xff, 0x80, 0x0, 0x0, 0x0,
    0x0, 0x0, 0x0, 0x0, 0x0, 0x9, 0xff, 0xff,
    0xf7, 0x0, 0x0, 0x0, 0x0, 0x0, 0x0, 0x0,
    0x0, 0x0, 0xbf, 0xff, 0xff, 0x65, 0x77, 0x77,
    0x72, 0x0, 0x0, 0x0, 0x0, 0x0, 0xd, 0xff,
    0xff, 0xf4, 0xaf, 0xff, 0xff, 0x70, 0x0, 0x0,
    0x0, 0x0, 0x1, 0xff, 0xff, 0xff, 0x17, 0xff,
    0xff, 0xfb, 0x0, 0x0, 0x0, 0x0, 0x0, 0x6f,
    0xff, 0xff, 0xc0, 0x3f, 0xff, 0xff, 0xf2, 0x0,
    0x0, 0x0, 0x0, 0xd, 0xff, 0xff, 0xf7, 0x0,
    0xdf, 0xff, 0xff, 0xc0, 0x0, 0x0, 0x0, 0x9,
    0xff, 0xff, 0xff, 0x10, 0x5, 0xff, 0xff, 0xff,
    0xd5, 0x0, 0x0, 0x3b, 0xff, 0xff, 0xff, 0x70,
    0x0, 0xb, 0xff, 0xff, 0xff, 0xff, 0xed, 0xff,
    0xff, 0xff, 0xff, 0xc0, 0x0, 0x0, 0x1d, 0xff,
    0xff, 0xff, 0xff, 0xff, 0xff, 0xff, 0xff, 0xe1,
    0x0, 0x0, 0x0, 0x1b, 0xff, 0xff, 0xff, 0xff,
    0xff, 0xff, 0xff, 0xc1, 0x0, 0x0, 0x0, 0x0,
    0x6, 0xef, 0xff, 0xff, 0xff, 0xff, 0xfe, 0x70,
    0x0, 0x0, 0x0, 0x0, 0x0, 0x0, 0x49, 0xce,
    0xff, 0xfd, 0xa5, 0x0, 0x0, 0x0, 0x0,

    /* U+042E "Ю" */
    0x1f, 0xff, 0xff, 0xf1, 0x0, 0x0, 0x0, 0x0,
    0x0, 0x38, 0xce, 0xff, 0xec, 0x94, 0x0, 0x0,
    0x0, 0x0, 0x1f, 0xff, 0xff, 0xf1, 0x0, 0x0,
    0x0, 0x0, 0x3c, 0xff, 0xff, 0xff, 0xff, 0xff,
    0xe6, 0x0, 0x0, 0x0, 0x1f, 0xff, 0xff, 0xf1,
    0x0, 0x0, 0x0, 0x8, 0xff, 0xff, 0xff, 0xff,
    0xff, 0xff, 0xff, 0xb1, 0x0, 0x0, 0x1f, 0xff,
    0xff, 0xf1, 0x0, 0x0, 0x0, 0xaf, 0xff, 0xff,
    0xff, 0xff, 0xff, 0xff, 0xff, 0xfd, 0x10, 0x0,
    0x1f, 0xff, 0xff, 0xf1, 0x0, 0x0, 0x9, 0xff,
    0xff, 0xff, 0xff, 0xff, 0xff, 0xff, 0xff, 0xff,
    0xc0, 0x0, 0x1f, 0xff, 0xff, 0xf1, 0x0, 0x0,
    0x4f, 0xff, 0xff, 0xff, 0x82, 0x0, 0x26, 0xef,
    0xff, 0xff, 0xf8, 0x0, 0x1f, 0xff, 0xff, 0xf1,
    0x0, 0x0, 0xdf, 0xff, 0xff, 0xe3, 0x0, 0x0,
    0x0, 0x1c, 0xff, 0xff, 0xff, 0x20, 0x1f, 0xff,
    0xff, 0xf1, 0x0, 0x5, 0xff, 0xff, 0xff, 0x40,
    0x0, 0x0, 0x0, 0x1, 0xef, 0xff, 0xff, 0x90,
    0x1f, 0xff, 0xff, 0xf1, 0x0, 0xb, 0xff, 0xff,
    0xfb, 0x0, 0x0, 0x0, 0x0, 0x0, 0x6f, 0xff,
    0xff, 0xf0, 0x1f, 0xff, 0xff, 0xf1, 0x0, 0xf,
    0xff, 0xff, 0xf4, 0x0, 0x0, 0x0, 0x0, 0x0,
    0xf, 0xff, 0xff, 0xf4, 0x1f, 0xff, 0xff, 0xf1,
    0x0, 0x3f, 0xff, 0xff, 0xf0, 0x0, 0x0, 0x0,
    0x0, 0x0, 0xb, 0xff, 0xff, 0xf7, 0x1f, 0xff,
    0xff, 0xf1, 0x0, 0x6f, 0xff, 0xff, 0xd0, 0x0,
    0x0, 0x0, 0x0, 0x0, 0x8, 0xff, 0xff, 0xfa,
    0x1f, 0xff, 0xff, 0xfb, 0xbb, 0xdf, 0xff, 0xff,
    0xb0, 0x0, 0x0, 0x0, 0x0, 0x0, 0x7, 0xff,
    0xff, 0xfc, 0x1f, 0xff, 0xff, 0xff, 0xff, 0xff,
    0xff, 0xff, 0xa0, 0x0, 0x0, 0x0, 0x0, 0x0,
    0x6, 0xff, 0xff, 0xfd, 0x1f, 0xff, 0xff, 0xff,
    0xff, 0xff, 0xff, 0xff, 0xa0, 0x0, 0x0, 0x0,
    0x0, 0x0, 0x5, 0xff, 0xff, 0xfd, 0x1f, 0xff,
    0xff, 0xff, 0xff, 0xff, 0xff, 0xff, 0xa0, 0x0,
    0x0, 0x0, 0x0, 0x0, 0x5, 0xff, 0xff, 0xfd,
    0x1f, 0xff, 0xff, 0xff, 0xff, 0xff, 0xff, 0xff,
    0xa0, 0x0, 0x0, 0x0, 0x0, 0x0, 0x6, 0xff,
    0xff, 0xfd, 0x1f, 0xff, 0xff, 0xf1, 0x0, 0x7f,
    0xff, 0xff, 0xb0, 0x0, 0x0, 0x0, 0x0, 0x0,
    0x7, 0xff, 0xff, 0xfc, 0x1f, 0xff, 0xff, 0xf1,
    0x0, 0x6f, 0xff, 0xff, 0xd0, 0x0, 0x0, 0x0,
    0x0, 0x0, 0x9, 0xff, 0xff, 0xfa, 0x1f, 0xff,
    0xff, 0xf1, 0x0, 0x3f, 0xff, 0xff, 0xf0, 0x0,
    0x0, 0x0, 0x0, 0x0, 0xc, 0xff, 0xff, 0xf8,
    0x1f, 0xff, 0xff, 0xf1, 0x0, 0xf, 0xff, 0xff,
    0xf5, 0x0, 0x0, 0x0, 0x0, 0x0, 0xf, 0xff,
    0xff, 0xf4, 0x1f, 0xff, 0xff, 0xf1, 0x0, 0xb,
    0xff, 0xff, 0xfb, 0x0, 0x0, 0x0, 0x0, 0x0,
    0x6f, 0xff, 0xff, 0xf0, 0x1f, 0xff, 0xff, 0xf1,
    0x0, 0x5, 0xff, 0xff, 0xff, 0x40, 0x0, 0x0,
    0x0, 0x1, 0xef, 0xff, 0xff, 0x90, 0x1f, 0xff,
    0xff, 0xf1, 0x0, 0x0, 0xdf, 0xff, 0xff, 0xe3,
    0x0, 0x0, 0x0, 0x1c, 0xff, 0xff, 0xff, 0x20,
    0x1f, 0xff, 0xff, 0xf1, 0x0, 0x0, 0x4f, 0xff,
    0xff, 0xff, 0x82, 0x0, 0x16, 0xef, 0xff, 0xff,
    0xf9, 0x0, 0x1f, 0xff, 0xff, 0xf1, 0x0, 0x0,
    0x9, 0xff, 0xff, 0xff, 0xff, 0xff, 0xff, 0xff,
    0xff, 0xff, 0xd0, 0x0, 0x1f, 0xff, 0xff, 0xf1,
    0x0, 0x0, 0x0, 0xaf, 0xff, 0xff, 0xff, 0xff,
    0xff, 0xff, 0xff, 0xfe, 0x20, 0x0, 0x1f, 0xff,
    0xff, 0xf1, 0x0, 0x0, 0x0, 0x8, 0xff, 0xff,
    0xff, 0xff, 0xff, 0xff, 0xff, 0xc1, 0x0, 0x0,
    0x1f, 0xff, 0xff, 0xf1, 0x0, 0x0, 0x0, 0x0,
    0x3c, 0xff, 0xff, 0xff, 0xff, 0xff, 0xe6, 0x0,
    0x0, 0x0, 0x1f, 0xff, 0xff, 0xf1, 0x0, 0x0,
    0x0, 0x0, 0x0, 0x38, 0xce, 0xff, 0xec, 0x94,
    0x0, 0x0, 0x0, 0x0,

    /* U+042F "Я" */
    0x0, 0x0, 0x0, 0x1, 0x6a, 0xde, 0xff, 0xff,
    0xff, 0xff, 0xff, 0xf9, 0x0, 0x0, 0x1, 0x9f,
    0xff, 0xff, 0xff, 0xff, 0xff, 0xff, 0xff, 0xf9,
    0x0, 0x0, 0x3e, 0xff, 0xff, 0xff, 0xff, 0xff,
    0xff, 0xff, 0xff, 0xf9, 0x0, 0x2, 0xef, 0xff,
    0xff, 0xff, 0xff, 0xff, 0xff, 0xff, 0xff, 0xf9,
    0x0, 0xb, 0xff, 0xff, 0xff, 0xff, 0xfe, 0xee,
    0xef, 0xff, 0xff, 0xf9, 0x0, 0x3f, 0xff, 0xff,
    0xfe, 0x61, 0x0, 0x0, 0x9, 0xff, 0xff, 0xf9,
    0x0, 0x8f, 0xff, 0xff, 0xf3, 0x0, 0x0, 0x0,
    0x9, 0xff, 0xff, 0xf9, 0x0, 0xcf, 0xff, 0xff,
    0x90, 0x0, 0x0, 0x0, 0x9, 0xff, 0xff, 0xf9,
    0x0, 0xdf, 0xff, 0xff, 0x50, 0x0, 0x0, 0x0,
    0x9, 0xff, 0xff, 0xf9, 0x0, 0xdf, 0xff, 0xff,
    0x40, 0x0, 0x0, 0x0, 0x9, 0xff, 0xff, 0xf9,
    0x0, 0xcf, 0xff, 0xff, 0x50, 0x0, 0x0, 0x0,
    0x9, 0xff, 0xff, 0xf9, 0x0, 0x9f, 0xff, 0xff,
    0x80, 0x0, 0x0, 0x0, 0x9, 0xff, 0xff, 0xf9,
    0x0, 0x5f, 0xff, 0xff, 0xe0, 0x0, 0x0, 0x0,
    0x9, 0xff, 0xff, 0xf9, 0x0, 0xd, 0xff, 0xff,
    0xfc, 0x10, 0x0, 0x0, 0x9, 0xff, 0xff, 0xf9,
    0x0, 0x4, 0xff, 0xff, 0xff, 0xfc, 0xa9, 0x99,
    0x9d, 0xff, 0xff, 0xf9, 0x0, 0x0, 0x5f, 0xff,
    0xff, 0xff, 0xff, 0xff, 0xff, 0xff, 0xff, 0xf9,
    0x0, 0x0, 0x3, 0xdf, 0xff, 0xff, 0xff, 0xff,
    0xff, 0xff, 0xff, 0xf9, 0x0, 0x0, 0x0, 0x8f,
    0xff, 0xff, 0xff, 0xff, 0xff, 0xff, 0xff, 0xf9,
    0x0, 0x0, 0x1, 0xff, 0xff, 0xff, 0xff, 0xff,
    0xff, 0xff, 0xff, 0xf9, 0x0, 0x0, 0x8, 0xff,
    0xff, 0xff, 0x20, 0x0, 0x9, 0xff, 0xff, 0xf9,
    0x0, 0x0, 0x1f, 0xff, 0xff, 0xfa, 0x0, 0x0,
    0x9, 0xff, 0xff, 0xf9, 0x0, 0x0, 0x8f, 0xff,
    0xff, 0xf2, 0x0, 0x0, 0x9, 0xff, 0xff, 0xf9,
    0x0, 0x0, 0xef, 0xff, 0xff, 0xa0, 0x0, 0x0,
    0x9, 0xff, 0xff, 0xf9, 0x0, 0x7, 0xff, 0xff,
    0xff, 0x20, 0x0, 0x0, 0x9, 0xff, 0xff, 0xf9,
    0x0, 0xe, 0xff, 0xff, 0xfa, 0x0, 0x0, 0x0,
    0x9, 0xff, 0xff, 0xf9, 0x0, 0x7f, 0xff, 0xff,
    0xf3, 0x0, 0x0, 0x0, 0x9, 0xff, 0xff, 0xf9,
    0x0, 0xef, 0xff, 0xff, 0xb0, 0x0, 0x0, 0x0,
    0x9, 0xff, 0xff, 0xf9, 0x7, 0xff, 0xff, 0xff,
    0x30, 0x0, 0x0, 0x0, 0x9, 0xff, 0xff, 0xf9,
    0xe, 0xff, 0xff, 0xfb, 0x0, 0x0, 0x0, 0x0,
    0x9, 0xff, 0xff, 0xf9, 0x6f, 0xff, 0xff, 0xf3,
    0x0, 0x0, 0x0, 0x0, 0x9, 0xff, 0xff, 0xf9,

    /* U+0430 "а" */
    0x0, 0x0, 0x1, 0x7b, 0xef, 0xff, 0xc9, 0x40,
    0x0, 0x0, 0x0, 0x0, 0x19, 0xff, 0xff, 0xff,
    0xff, 0xff, 0xc2, 0x0, 0x0, 0x0, 0x2e, 0xff,
    0xff, 0xff, 0xff, 0xff, 0xff, 0xf3, 0x0, 0x0,
    0x1e, 0xff, 0xff, 0xff, 0xff, 0xff, 0xff, 0xff,
    0xe1, 0x0, 0x8, 0xff, 0xff, 0xff, 0x95, 0x59,
    0xff, 0xff, 0xff, 0x80, 0x0, 0xef, 0xff, 0xff,
    0x40, 0x0, 0x6, 0xff, 0xff, 0xfe, 0x0, 0x1f,
    0xff, 0xff, 0xd0, 0x0, 0x0, 0xe, 0xff, 0xff,
    0xf1, 0x0, 0x0, 0x0, 0x0, 0x0, 0x0, 0x0,
    0xbf, 0xff, 0xff, 0x30, 0x0, 0x0, 0x0, 0x0,
    0x0, 0x0, 0xb, 0xff, 0xff, 0xf3, 0x0, 0x0,
    0x0, 0x59, 0xce, 0xff, 0xff, 0xff, 0xff, 0xff,
    0x30, 0x0, 0x7, 0xef, 0xff, 0xff, 0xff, 0xff,
    0xff, 0xff, 0xf3, 0x0, 0xb, 0xff, 0xff, 0xff,
    0xff, 0xff, 0xff, 0xff, 0xff, 0x30, 0x9, 0xff,
    0xff, 0xff, 0xc7, 0x66, 0x6d, 0xff, 0xff, 0xf3,
    0x1, 0xff, 0xff, 0xff, 0x50, 0x0, 0x0, 0xbf,
    0xff, 0xff, 0x30, 0x6f, 0xff, 0xff, 0x90, 0x0,
    0x0, 0xb, 0xff, 0xff, 0xf3, 0x9, 0xff, 0xff,
    0xf5, 0x0, 0x0, 0x0, 0xbf, 0xff, 0xff, 0x30,
    0xaf, 0xff, 0xff, 0x50, 0x0, 0x0, 0xe, 0xff,
    0xff, 0xf3, 0x8, 0xff, 0xff, 0xfc, 0x0, 0x0,
    0x1b, 0xff, 0xff, 0xff, 0x30, 0x4f, 0xff, 0xff,
    0xfe, 0x98, 0xaf, 0xff, 0xff, 0xff, 0xf3, 0x0,
    0xcf, 0xff, 0xff, 0xff, 0xff, 0xff, 0xff, 0xff,
    0xff, 0x40, 0x2, 0xef, 0xff, 0xff, 0xff, 0xff,
    0xfd, 0xff, 0xff, 0xf6, 0x0, 0x2, 0xcf, 0xff,
    0xff, 0xff, 0xf6, 0x5f, 0xff, 0xff, 0x90, 0x0,
    0x0, 0x5a, 0xef, 0xfd, 0x92, 0x1, 0xff, 0xff,
    0xfe, 0x0,

    /* U+0431 "б" */
    0x0, 0x0, 0x0, 0x0, 0x0, 0x0, 0x0, 0x2f,
    0xff, 0xfa, 0x0, 0x0, 0x0, 0x0, 0x0, 0x0,
    0x0, 0x0, 0xbf, 0xff, 0xf9, 0x0, 0x0, 0x0,
    0x0, 0x0, 0x0, 0x15, 0xaf, 0xff, 0xff, 0xf6,
    0x0, 0x0, 0x0, 0x0, 0x0, 0x6c, 0xff, 0xff,
    0xff, 0xff, 0xf1, 0x0, 0x0, 0x0, 0x0, 0x5e,
    0xff, 0xff, 0xff, 0xff, 0xff, 0x50, 0x0, 0x0,
    0x0, 0x8, 0xff, 0xff, 0xff, 0xff, 0xff, 0xe5,
    0x0, 0x0, 0x0, 0x0, 0x7f, 0xff, 0xff, 0xff,
    0xff, 0xb6, 0x0, 0x0, 0x0, 0x0, 0x4, 0xff,
    0xff, 0xff, 0xc7, 0x30, 0x0, 0x0, 0x0, 0x0,
    0x0, 0xd, 0xff, 0xff, 0xc3, 0x0, 0x0, 0x0,
    0x0, 0x0, 0x0, 0x0, 0x5f, 0xff, 0xfb, 0x0,
    0x0, 0x0, 0x0, 0x0, 0x0, 0x0, 0x0, 0xcf,
    0xff, 0xd0, 0x0, 0x0, 0x0, 0x0, 0x0, 0x0,
    0x0, 0x2, 0xff, 0xff, 0x60, 0x4, 0x8a, 0xa9,
    0x73, 0x0, 0x0, 0x0, 0x6, 0xff, 0xff, 0x5,
    0xdf, 0xff, 0xff, 0xff, 0xc3, 0x0, 0x0, 0xa,
    0xff, 0xfc, 0xaf, 0xff, 0xff, 0xff, 0xff, 0xff,
    0x70, 0x0, 0xd, 0xff, 0xff, 0xff, 0xff, 0xff,
    0xff, 0xff, 0xff, 0xf6, 0x0, 0xf, 0xff, 0xff,
    0xff, 0xff, 0xff, 0xff, 0xff, 0xff, 0xff, 0x20,
    0x1f, 0xff, 0xff, 0xff, 0xc4, 0x0, 0x29, 0xff,
    0xff, 0xff, 0x90, 0x2f, 0xff, 0xff, 0xfc, 0x0,
    0x0, 0x0, 0x7f, 0xff, 0xff, 0xf0, 0x3f, 0xff,
    0xff, 0xf4, 0x0, 0x0, 0x0, 0xd, 0xff, 0xff,
    0xf4, 0x4f, 0xff, 0xff, 0xe0, 0x0, 0x0, 0x0,
    0x8, 0xff, 0xff, 0xf7, 0x4f, 0xff, 0xff, 0xb0,
    0x0, 0x0, 0x0, 0x5, 0xff, 0xff, 0xf9, 0x4f,
    0xff, 0xff, 0xa0, 0x0, 0x0, 0x0, 0x4, 0xff,
    0xff, 0xfa, 0x3f, 0xff, 0xff, 0xa0, 0x0, 0x0,
    0x0, 0x4, 0xff, 0xff, 0xfa, 0x2f, 0xff, 0xff,
    0xb0, 0x0, 0x0, 0x0, 0x5, 0xff, 0xff, 0xf9,
    0xf, 0xff, 0xff, 0xd0, 0x0, 0x0, 0x0, 0x7,
    0xff, 0xff, 0xf7, 0xb, 0xff, 0xff, 0xf2, 0x0,
    0x0, 0x0, 0xc, 0xff, 0xff, 0xf4, 0x6, 0xff,
    0xff, 0xfa, 0x0, 0x0, 0x0, 0x4f, 0xff, 0xff,
    0xf0, 0x0, 0xef, 0xff, 0xff, 0x90, 0x0, 0x4,
    0xef, 0xff, 0xff, 0x80, 0x0, 0x6f, 0xff, 0xff,
    0xff, 0xcb, 0xdf, 0xff, 0xff, 0xfe, 0x10, 0x0,
    0xb, 0xff, 0xff, 0xff, 0xff, 0xff, 0xff, 0xff,
    0xf5, 0x0, 0x0, 0x0, 0xbf, 0xff, 0xff, 0xff,
    0xff, 0xff, 0xff, 0x60, 0x0, 0x0, 0x0, 0x7,
    0xff, 0xff, 0xff, 0xff, 0xff, 0xc3, 0x0, 0x0,
    0x0, 0x0, 0x0, 0x16, 0xbe, 0xff, 0xec, 0x93,
    0x0, 0x0, 0x0,

    /* U+0432 "в" */
    0x5f, 0xff, 0xff, 0xff, 0xff, 0xfe, 0xda, 0x61,
    0x0, 0x0, 0x5, 0xff, 0xff, 0xff, 0xff, 0xff,
    0xff, 0xff, 0xf8, 0x0, 0x0, 0x5f, 0xff, 0xff,
    0xff, 0xff, 0xff, 0xff, 0xff, 0xfc, 0x0, 0x5,
    0xff, 0xff, 0xff, 0xff, 0xff, 0xff, 0xff, 0xff,
    0xf8, 0x0, 0x5f, 0xff, 0xff, 0xda, 0xaa, 0xbd,
    0xff, 0xff, 0xff, 0xf0, 0x5, 0xff, 0xff, 0xf9,
    0x0, 0x0, 0x6, 0xff, 0xff, 0xff, 0x30, 0x5f,
    0xff, 0xff, 0x90, 0x0, 0x0, 0xc, 0xff, 0xff,
    0xf4, 0x5, 0xff, 0xff, 0xf9, 0x0, 0x0, 0x0,
    0xaf, 0xff, 0xff, 0x20, 0x5f, 0xff, 0xff, 0x90,
    0x0, 0x0, 0xd, 0xff, 0xff, 0xc0, 0x5, 0xff,
    0xff, 0xf9, 0x0, 0x0, 0x29, 0xff, 0xff, 0xf2,
    0x0, 0x5f, 0xff, 0xff, 0xff, 0xff, 0xff, 0xff,
    0xff, 0xc2, 0x0, 0x5, 0xff, 0xff, 0xff, 0xff,
    0xff, 0xff, 0xff, 0xe6, 0x10, 0x0, 0x5f, 0xff,
    0xff, 0xff, 0xff, 0xff, 0xff, 0xff, 0xff, 0x60,
    0x5, 0xff, 0xff, 0xff, 0xff, 0xff, 0xff, 0xff,
    0xff, 0xff, 0x60, 0x5f, 0xff, 0xff, 0x90, 0x0,
    0x0, 0x6, 0xff, 0xff, 0xff, 0x5, 0xff, 0xff,
    0xf9, 0x0, 0x0, 0x0, 0x9, 0xff, 0xff, 0xf5,
    0x5f, 0xff, 0xff, 0x90, 0x0, 0x0, 0x0, 0x8f,
    0xff, 0xff, 0x65, 0xff, 0xff, 0xf9, 0x0, 0x0,
    0x0, 0x1e, 0xff, 0xff, 0xf5, 0x5f, 0xff, 0xff,
    0xea, 0xaa, 0xaa, 0xcf, 0xff, 0xff, 0xff, 0x25,
    0xff, 0xff, 0xff, 0xff, 0xff, 0xff, 0xff, 0xff,
    0xff, 0xb0, 0x5f, 0xff, 0xff, 0xff, 0xff, 0xff,
    0xff, 0xff, 0xff, 0xe1, 0x5, 0xff, 0xff, 0xff,
    0xff, 0xff, 0xff, 0xff, 0xff, 0xb1, 0x0, 0x5f,
    0xff, 0xff, 0xff, 0xff, 0xff, 0xfe, 0xb8, 0x20,
    0x0, 0x0,

    /* U+0433 "г" */
    0xcf, 0xff, 0xff, 0xff, 0xff, 0xff, 0xff, 0xf6,
    0xcf, 0xff, 0xff, 0xff, 0xff, 0xff, 0xff, 0xf6,
    0xcf, 0xff, 0xff, 0xff, 0xff, 0xff, 0xff, 0xf6,
    0xcf, 0xff, 0xff, 0xff, 0xff, 0xff, 0xff, 0xf6,
    0xcf, 0xff, 0xff, 0xcb, 0xbb, 0xbb, 0xbb, 0xb4,
    0xcf, 0xff, 0xff, 0x20, 0x0, 0x0, 0x0, 0x0,
    0xcf, 0xff, 0xff, 0x20, 0x0, 0x0, 0x0, 0x0,
    0xcf, 0xff, 0xff, 0x20, 0x0, 0x0, 0x0, 0x0,
    0xcf, 0xff, 0xff, 0x20, 0x0, 0x0, 0x0, 0x0,
    0xcf, 0xff, 0xff, 0x20, 0x0, 0x0, 0x0, 0x0,
    0xcf, 0xff, 0xff, 0x20, 0x0, 0x0, 0x0, 0x0,
    0xcf, 0xff, 0xff, 0x20, 0x0, 0x0, 0x0, 0x0,
    0xcf, 0xff, 0xff, 0x20, 0x0, 0x0, 0x0, 0x0,
    0xcf, 0xff, 0xff, 0x20, 0x0, 0x0, 0x0, 0x0,
    0xcf, 0xff, 0xff, 0x20, 0x0, 0x0, 0x0, 0x0,
    0xcf, 0xff, 0xff, 0x20, 0x0, 0x0, 0x0, 0x0,
    0xcf, 0xff, 0xff, 0x20, 0x0, 0x0, 0x0, 0x0,
    0xcf, 0xff, 0xff, 0x20, 0x0, 0x0, 0x0, 0x0,
    0xcf, 0xff, 0xff, 0x20, 0x0, 0x0, 0x0, 0x0,
    0xcf, 0xff, 0xff, 0x20, 0x0, 0x0, 0x0, 0x0,
    0xcf, 0xff, 0xff, 0x20, 0x0, 0x0, 0x0, 0x0,
    0xcf, 0xff, 0xff, 0x20, 0x0, 0x0, 0x0, 0x0,
    0xcf, 0xff, 0xff, 0x20, 0x0, 0x0, 0x0, 0x0,

    /* U+0434 "д" */
    0x0, 0x0, 0x0, 0xbf, 0xff, 0xff, 0xff, 0xff,
    0xff, 0xff, 0xff, 0x90, 0x0, 0x0, 0x0, 0x0,
    0xbf, 0xff, 0xff, 0xff, 0xff, 0xff, 0xff, 0xff,
    0x90, 0x0, 0x0, 0x0, 0x0, 0xcf, 0xff, 0xff,
    0xff, 0xff, 0xff, 0xff, 0xff, 0x90, 0x0, 0x0,
    0x0, 0x0, 0xcf, 0xff, 0xff, 0xff, 0xff, 0xff,
    0xff, 0xff, 0x90, 0x0, 0x0, 0x0, 0x0, 0xdf,
    0xff, 0xff, 0xdd, 0xdd, 0xef, 0xff, 0xff, 0x90,
    0x0, 0x0, 0x0, 0x0, 0xdf, 0xff, 0xff, 0x10,
    0x0, 0x4f, 0xff, 0xff, 0x90, 0x0, 0x0, 0x0,
    0x0, 0xdf, 0xff, 0xff, 0x0, 0x0, 0x4f, 0xff,
    0xff, 0x90, 0x0, 0x0, 0x0, 0x0, 0xef, 0xff,
    0xff, 0x0, 0x0, 0x4f, 0xff, 0xff, 0x90, 0x0,
    0x0, 0x0, 0x0, 0xef, 0xff, 0xff, 0x0, 0x0,
    0x4f, 0xff, 0xff, 0x90, 0x0, 0x0, 0x0, 0x0,
    0xff, 0xff, 0xfe, 0x0, 0x0, 0x4f, 0xff, 0xff,
    0x90, 0x0, 0x0, 0x0, 0x0, 0xff, 0xff, 0xfd,
    0x0, 0x0, 0x4f, 0xff, 0xff, 0x90, 0x0, 0x0,
    0x0, 0x2, 0xff, 0xff, 0xfb, 0x0, 0x0, 0x4f,
    0xff, 0xff, 0x90, 0x0, 0x0, 0x0, 0x5, 0xff,
    0xff, 0xf8, 0x0, 0x0, 0x4f, 0xff, 0xff, 0x90,
    0x0, 0x0, 0x0, 0x9, 0xff, 0xff, 0xf5, 0x0,
    0x0, 0x4f, 0xff, 0xff, 0x90, 0x0, 0x0, 0x0,
    0xe, 0xff, 0xff, 0xf1, 0x0, 0x0, 0x4f, 0xff,
    0xff, 0x90, 0x0, 0x0, 0x0, 0x5f, 0xff, 0xff,
    0xb0, 0x0, 0x0, 0x4f, 0xff, 0xff, 0x90, 0x0,
    0x0, 0x1, 0xef, 0xff, 0xff, 0x50, 0x0, 0x0,
    0x4f, 0xff, 0xff, 0x90, 0x0, 0x0, 0xb, 0xff,
    0xff, 0xfd, 0x0, 0x0, 0x0, 0x4f, 0xff, 0xff,
    0x90, 0x0, 0x3b, 0xdf, 0xff, 0xff, 0xfd, 0xbb,
    0xbb, 0xbb, 0xcf, 0xff, 0xff, 0xeb, 0xb8, 0x5f,
    0xff, 0xff, 0xff, 0xff, 0xff, 0xff, 0xff, 0xff,
    0xff, 0xff, 0xff, 0xfc, 0x5f, 0xff, 0xff, 0xff,
    0xff, 0xff, 0xff, 0xff, 0xff, 0xff, 0xff, 0xff,
    0xfc, 0x5f, 0xff, 0xff, 0xff, 0xff, 0xff, 0xff,
    0xff, 0xff, 0xff, 0xff, 0xff, 0xfc, 0x5f, 0xff,
    0xff, 0xff, 0xff, 0xff, 0xff, 0xff, 0xff, 0xff,
    0xff, 0xff, 0xfc, 0x5f, 0xff, 0xff, 0xb0, 0x0,
    0x0, 0x0, 0x0, 0x0, 0x2, 0xff, 0xff, 0xfc,
    0x5f, 0xff, 0xff, 0xb0, 0x0, 0x0, 0x0, 0x0,
    0x0, 0x2, 0xff, 0xff, 0xfc, 0x5f, 0xff, 0xff,
    0xb0, 0x0, 0x0, 0x0, 0x0, 0x0, 0x2, 0xff,
    0xff, 0xfc, 0x5f, 0xff, 0xff, 0xb0, 0x0, 0x0,
    0x0, 0x0, 0x0, 0x2, 0xff, 0xff, 0xfc, 0x5f,
    0xff, 0xff, 0xb0, 0x0, 0x0, 0x0, 0x0, 0x0,
    0x2, 0xff, 0xff, 0xfc, 0x5f, 0xff, 0xff, 0xb0,
    0x0, 0x0, 0x0, 0x0, 0x0, 0x2, 0xff, 0xff,
    0xfc, 0x5f, 0xff, 0xff, 0xb0, 0x0, 0x0, 0x0,
    0x0, 0x0, 0x2, 0xff, 0xff, 0xfc,

    /* U+0435 "е" */
    0x0, 0x0, 0x0, 0x28, 0xce, 0xff, 0xeb, 0x61,
    0x0, 0x0, 0x0, 0x0, 0x1, 0xaf, 0xff, 0xff,
    0xff, 0xff, 0xf7, 0x0, 0x0, 0x0, 0x2, 0xef,
    0xff, 0xff, 0xff, 0xff, 0xff, 0xfa, 0x0, 0x0,
    0x1, 0xef, 0xff, 0xff, 0xff, 0xff, 0xff, 0xff,
    0xf8, 0x0, 0x0, 0xbf, 0xff, 0xff, 0xfe, 0xbb,
    0xff, 0xff, 0xff, 0xf3, 0x0, 0x4f, 0xff, 0xff,
    0xf6, 0x0, 0x0, 0x8f, 0xff, 0xff, 0xa0, 0xb,
    0xff, 0xff, 0xf8, 0x0, 0x0, 0x0, 0xbf, 0xff,
    0xff, 0x0, 0xff, 0xff, 0xff, 0x0, 0x0, 0x0,
    0x5, 0xff, 0xff, 0xf4, 0x4f, 0xff, 0xff, 0xb0,
    0x0, 0x0, 0x0, 0x3f, 0xff, 0xff, 0x76, 0xff,
    0xff, 0xff, 0xff, 0xff, 0xff, 0xff, 0xff, 0xff,
    0xf9, 0x8f, 0xff, 0xff, 0xff, 0xff, 0xff, 0xff,
    0xff, 0xff, 0xff, 0x98, 0xff, 0xff, 0xff, 0xff,
    0xff, 0xff, 0xff, 0xff, 0xff, 0xf9, 0x8f, 0xff,
    0xff, 0xff, 0xff, 0xff, 0xff, 0xff, 0xff, 0xff,
    0x97, 0xff, 0xff, 0xf7, 0x0, 0x0, 0x0, 0x0,
    0x0, 0x0, 0x0, 0x5f, 0xff, 0xff, 0xb0, 0x0,
    0x0, 0x0, 0x0, 0x0, 0x0, 0x1, 0xff, 0xff,
    0xff, 0x20, 0x0, 0x0, 0x0, 0x0, 0x10, 0x0,
    0xb, 0xff, 0xff, 0xfc, 0x0, 0x0, 0x0, 0x0,
    0x8e, 0x10, 0x0, 0x4f, 0xff, 0xff, 0xfc, 0x30,
    0x0, 0x3, 0xbf, 0xfd, 0x0, 0x0, 0xaf, 0xff,
    0xff, 0xff, 0xdb, 0xbe, 0xff, 0xff, 0xfb, 0x0,
    0x1, 0xdf, 0xff, 0xff, 0xff, 0xff, 0xff, 0xff,
    0xff, 0xa0, 0x0, 0x1, 0xcf, 0xff, 0xff, 0xff,
    0xff, 0xff, 0xff, 0xa0, 0x0, 0x0, 0x0, 0x7f,
    0xff, 0xff, 0xff, 0xff, 0xfe, 0x50, 0x0, 0x0,
    0x0, 0x0, 0x6, 0xad, 0xff, 0xfd, 0xa5, 0x0,
    0x0, 0x0,

    /* U+0436 "ж" */
    0xc, 0xff, 0xff, 0xff, 0x70, 0x0, 0x0, 0xe,
    0xff, 0xff, 0xf0, 0x0, 0x0, 0x4, 0xff, 0xff,
    0xff, 0xe1, 0x2, 0xff, 0xff, 0xff, 0xf1, 0x0,
    0x0, 0xe, 0xff, 0xff, 0xf0, 0x0, 0x0, 0xd,
    0xff, 0xff, 0xff, 0x50, 0x0, 0x8f, 0xff, 0xff,
    0xf8, 0x0, 0x0, 0xe, 0xff, 0xff, 0xf0, 0x0,
    0x0, 0x5f, 0xff, 0xff, 0xfb, 0x0, 0x0, 0xd,
    0xff, 0xff, 0xff, 0x10, 0x0, 0xe, 0xff, 0xff,
    0xf0, 0x0, 0x0, 0xdf, 0xff, 0xff, 0xf1, 0x0,
    0x0, 0x4, 0xff, 0xff, 0xff, 0x90, 0x0, 0xe,
    0xff, 0xff, 0xf0, 0x0, 0x6, 0xff, 0xff, 0xff,
    0x70, 0x0, 0x0, 0x0, 0x9f, 0xff, 0xff, 0xf2,
    0x0, 0xe, 0xff, 0xff, 0xf0, 0x0, 0xe, 0xff,
    0xff, 0xfc, 0x0, 0x0, 0x0, 0x0, 0x1e, 0xff,
    0xff, 0xfa, 0x0, 0xe, 0xff, 0xff, 0xf0, 0x0,
    0x7f, 0xff, 0xff, 0xf3, 0x0, 0x0, 0x0, 0x0,
    0x5, 0xff, 0xff, 0xff, 0x20, 0xe, 0xff, 0xff,
    0xf0, 0x0, 0xef, 0xff, 0xff, 0x80, 0x0, 0x0,
    0x0, 0x0, 0x0, 0xbf, 0xff, 0xff, 0xa0, 0xe,
    0xff, 0xff, 0xf0, 0x7, 0xff, 0xff, 0xfd, 0x0,
    0x0, 0x0, 0x0, 0x0, 0x0, 0x1f, 0xff, 0xff,
    0xff, 0xff, 0xff, 0xff, 0xff, 0xff, 0xff, 0xff,
    0xf4, 0x0, 0x0, 0x0, 0x0, 0x0, 0x0, 0x7,
    0xff, 0xff, 0xff, 0xff, 0xff, 0xff, 0xff, 0xff,
    0xff, 0xff, 0xa0, 0x0, 0x0, 0x0, 0x0, 0x0,
    0x0, 0x5, 0xff, 0xff, 0xff, 0xff, 0xff, 0xff,
    0xff, 0xff, 0xff, 0xff, 0xa0, 0x0, 0x0, 0x0,
    0x0, 0x0, 0x0, 0xe, 0xff, 0xff, 0xff, 0xff,
    0xff, 0xff, 0xff, 0xff, 0xff, 0xff, 0xf4, 0x0,
    0x0, 0x0, 0x0, 0x0, 0x0, 0x8f, 0xff, 0xff,
    0xff, 0xff, 0xff, 0xff, 0xff, 0xff, 0xff, 0xff,
    0xfd, 0x0, 0x0, 0x0, 0x0, 0x0, 0x2, 0xff,
    0xff, 0xff, 0xb9, 0x9f, 0xff, 0xff, 0xf9, 0x9a,
    0xff, 0xff, 0xff, 0x70, 0x0, 0x0, 0x0, 0x0,
    0xb, 0xff, 0xff, 0xfe, 0x0, 0xe, 0xff, 0xff,
    0xf0, 0x0, 0xcf, 0xff, 0xff, 0xf1, 0x0, 0x0,
    0x0, 0x0, 0x4f, 0xff, 0xff, 0xf6, 0x0, 0xe,
    0xff, 0xff, 0xf0, 0x0, 0x4f, 0xff, 0xff, 0xfa,
    0x0, 0x0, 0x0, 0x0, 0xdf, 0xff, 0xff, 0xd0,
    0x0, 0xe, 0xff, 0xff, 0xf0, 0x0, 0xb, 0xff,
    0xff, 0xff, 0x30, 0x0, 0x0, 0x7, 0xff, 0xff,
    0xff, 0x50, 0x0, 0xe, 0xff, 0xff, 0xf0, 0x0,
    0x3, 0xff, 0xff, 0xff, 0xc0, 0x0, 0x0, 0x1f,
    0xff, 0xff, 0xfd, 0x0, 0x0, 0xe, 0xff, 0xff,
    0xf0, 0x0, 0x0, 0xaf, 0xff, 0xff, 0xf6, 0x0,
    0x0, 0xaf, 0xff, 0xff, 0xf4, 0x0, 0x0, 0xe,
    0xff, 0xff, 0xf0, 0x0, 0x0, 0x2f, 0xff, 0xff,
    0xfe, 0x10, 0x4, 0xff, 0xff, 0xff, 0xc0, 0x0,
    0x0, 0xe, 0xff, 0xff, 0xf0, 0x0, 0x0, 0x9,
    0xff, 0xff, 0xff, 0x90, 0xd, 0xff, 0xff, 0xff,
    0x30, 0x0, 0x0, 0xe, 0xff, 0xff, 0xf0, 0x0,
    0x0, 0x1, 0xff, 0xff, 0xff, 0xf3,

    /* U+0437 "з" */
    0x0, 0x0, 0x4, 0x9c, 0xff, 0xfe, 0xc9, 0x40,
    0x0, 0x0, 0x0, 0x4, 0xdf, 0xff, 0xff, 0xff,
    0xff, 0xfd, 0x40, 0x0, 0x0, 0x6f, 0xff, 0xff,
    0xff, 0xff, 0xff, 0xff, 0xf5, 0x0, 0x4, 0xff,
    0xff, 0xff, 0xff, 0xff, 0xff, 0xff, 0xff, 0x20,
    0xd, 0xff, 0xff, 0xff, 0xa6, 0x7a, 0xff, 0xff,
    0xff, 0x90, 0x1f, 0xff, 0xff, 0xf2, 0x0, 0x0,
    0x7f, 0xff, 0xff, 0xd0, 0x2c, 0xcc, 0xcc, 0x90,
    0x0, 0x0, 0x1f, 0xff, 0xff, 0xe0, 0x0, 0x0,
    0x0, 0x0, 0x0, 0x0, 0x1f, 0xff, 0xff, 0xc0,
    0x0, 0x0, 0x0, 0x0, 0x0, 0x0, 0x9f, 0xff,
    0xff, 0x60, 0x0, 0x0, 0x0, 0x2b, 0xbb, 0xbe,
    0xff, 0xff, 0xfb, 0x0, 0x0, 0x0, 0x0, 0x3f,
    0xff, 0xff, 0xff, 0xff, 0x90, 0x0, 0x0, 0x0,
    0x0, 0x4f, 0xff, 0xff, 0xff, 0xfe, 0x60, 0x0,
    0x0, 0x0, 0x0, 0x3f, 0xff, 0xff, 0xff, 0xff,
    0xfb, 0x0, 0x0, 0x0, 0x0, 0x1, 0x11, 0x14,
    0xbf, 0xff, 0xff, 0x90, 0x0, 0x0, 0x0, 0x0,
    0x0, 0x0, 0xe, 0xff, 0xff, 0xf0, 0x0, 0x0,
    0x0, 0x0, 0x0, 0x0, 0xa, 0xff, 0xff, 0xf3,
    0x8f, 0xff, 0xff, 0x60, 0x0, 0x0, 0xb, 0xff,
    0xff, 0xf4, 0x6f, 0xff, 0xff, 0xd1, 0x0, 0x0,
    0x3f, 0xff, 0xff, 0xf2, 0x2f, 0xff, 0xff, 0xff,
    0x96, 0x6a, 0xff, 0xff, 0xff, 0xd0, 0x8, 0xff,
    0xff, 0xff, 0xff, 0xff, 0xff, 0xff, 0xff, 0x50,
    0x0, 0xaf, 0xff, 0xff, 0xff, 0xff, 0xff, 0xff,
    0xf7, 0x0, 0x0, 0x6, 0xef, 0xff, 0xff, 0xff,
    0xff, 0xfd, 0x40, 0x0, 0x0, 0x0, 0x5, 0x9d,
    0xff, 0xfe, 0xc8, 0x30, 0x0, 0x0,

    /* U+0438 "и" */
    0xbf, 0xff, 0xff, 0x30, 0x0, 0x0, 0xa, 0xff,
    0xff, 0xf8, 0xbf, 0xff, 0xff, 0x30, 0x0, 0x0,
    0x2f, 0xff, 0xff, 0xf8, 0xbf, 0xff, 0xff, 0x30,
    0x0, 0x0, 0xaf, 0xff, 0xff, 0xf8, 0xbf, 0xff,
    0xff, 0x30, 0x0, 0x3, 0xff, 0xff, 0xff, 0xf8,
    0xbf, 0xff, 0xff, 0x30, 0x0, 0xb, 0xff, 0xff,
    0xff, 0xf8, 0xbf, 0xff, 0xff, 0x30, 0x0, 0x3f,
    0xff, 0xff, 0xff, 0xf8, 0xbf, 0xff, 0xff, 0x30,
    0x0, 0xbf, 0xff, 0xff, 0xff, 0xf8, 0xbf, 0xff,
    0xff, 0x30, 0x3, 0xff, 0xff, 0xff, 0xff, 0xf8,
    0xbf, 0xff, 0xff, 0x30, 0xc, 0xff, 0xff, 0xff,
    0xff, 0xf8, 0xbf, 0xff, 0xff, 0x30, 0x4f, 0xff,
    0xf8, 0xff, 0xff, 0xf8, 0xbf, 0xff, 0xff, 0x30,
    0xcf, 0xff, 0x96, 0xff, 0xff, 0xf8, 0xbf, 0xff,
    0xff, 0x34, 0xff, 0xff, 0x16, 0xff, 0xff, 0xf8,
    0xbf, 0xff, 0xff, 0x3c, 0xff, 0xf9, 0x6, 0xff,
    0xff, 0xf8, 0xbf, 0xff, 0xff, 0x8f, 0xff, 0xf1,
    0x6, 0xff, 0xff, 0xf8, 0xbf, 0xff, 0xff, 0xff,
    0xff, 0x80, 0x6, 0xff, 0xff, 0xf8, 0xbf, 0xff,
    0xff, 0xff, 0xff, 0x10, 0x6, 0xff, 0xff, 0xf8,
    0xbf, 0xff, 0xff, 0xff, 0xf8, 0x0, 0x6, 0xff,
    0xff, 0xf8, 0xbf, 0xff, 0xff, 0xff, 0xf1, 0x0,
    0x6, 0xff, 0xff, 0xf8, 0xbf, 0xff, 0xff, 0xff,
    0x80, 0x0, 0x6, 0xff, 0xff, 0xf8, 0xbf, 0xff,
    0xff, 0xfe, 0x0, 0x0, 0x6, 0xff, 0xff, 0xf8,
    0xbf, 0xff, 0xff, 0xf7, 0x0, 0x0, 0x6, 0xff,
    0xff, 0xf8, 0xbf, 0xff, 0xff, 0xe0, 0x0, 0x0,
    0x6, 0xff, 0xff, 0xf8, 0xbf, 0xff, 0xff, 0x70,
    0x0, 0x0, 0x6, 0xff, 0xff, 0xf8,

    /* U+0439 "й" */
    0x0, 0x8, 0x88, 0x80, 0x0, 0x0, 0x8, 0x88,
    0x81, 0x0, 0x0, 0xf, 0xff, 0xf4, 0x0, 0x0,
    0x4f, 0xff, 0xf1, 0x0, 0x0, 0xb, 0xff, 0xfe,
    0x40, 0x4, 0xdf, 0xff, 0xc0, 0x0, 0x0, 0x3,
    0xff, 0xff, 0xff, 0xff, 0xff, 0xff, 0x40, 0x0,
    0x0, 0x0, 0x6f, 0xff, 0xff, 0xff, 0xff, 0xf7,
    0x0, 0x0, 0x0, 0x0, 0x3, 0xbf, 0xff, 0xff,
    0xfb, 0x30, 0x0, 0x0, 0x0, 0x0, 0x0, 0x0,
    0x35, 0x53, 0x0, 0x0, 0x0, 0x0, 0x0, 0x0,
    0x0, 0x0, 0x0, 0x0, 0x0, 0x0, 0x0, 0x0,
    0x0, 0x0, 0x0, 0x0, 0x0, 0x0, 0x0, 0x0,
    0x0, 0x0, 0xbf, 0xff, 0xff, 0x30, 0x0, 0x0,
    0xa, 0xff, 0xff, 0xf8, 0xbf, 0xff, 0xff, 0x30,
    0x0, 0x0, 0x2f, 0xff, 0xff, 0xf8, 0xbf, 0xff,
    0xff, 0x30, 0x0, 0x0, 0xaf, 0xff, 0xff, 0xf8,
    0xbf, 0xff, 0xff, 0x30, 0x0, 0x3, 0xff, 0xff,
    0xff, 0xf8, 0xbf, 0xff, 0xff, 0x30, 0x0, 0xb,
    0xff, 0xff, 0xff, 0xf8, 0xbf, 0xff, 0xff, 0x30,
    0x0, 0x3f, 0xff, 0xff, 0xff, 0xf8, 0xbf, 0xff,
    0xff, 0x30, 0x0, 0xbf, 0xff, 0xff, 0xff, 0xf8,
    0xbf, 0xff, 0xff, 0x30, 0x3, 0xff, 0xff, 0xff,
    0xff, 0xf8, 0xbf, 0xff, 0xff, 0x30, 0xc, 0xff,
    0xff, 0xff, 0xff, 0xf8, 0xbf, 0xff, 0xff, 0x30,
    0x4f, 0xff, 0xf8, 0xff, 0xff, 0xf8, 0xbf, 0xff,
    0xff, 0x30, 0xcf, 0xff, 0x96, 0xff, 0xff, 0xf8,
    0xbf, 0xff, 0xff, 0x34, 0xff, 0xff, 0x16, 0xff,
    0xff, 0xf8, 0xbf, 0xff, 0xff, 0x3c, 0xff, 0xf9,
    0x6, 0xff, 0xff, 0xf8, 0xbf, 0xff, 0xff, 0x8f,
    0xff, 0xf1, 0x6, 0xff, 0xff, 0xf8, 0xbf, 0xff,
    0xff, 0xff, 0xff, 0x80, 0x6, 0xff, 0xff, 0xf8,
    0xbf, 0xff, 0xff, 0xff, 0xff, 0x10, 0x6, 0xff,
    0xff, 0xf8, 0xbf, 0xff, 0xff, 0xff, 0xf8, 0x0,
    0x6, 0xff, 0xff, 0xf8, 0xbf, 0xff, 0xff, 0xff,
    0xf1, 0x0, 0x6, 0xff, 0xff, 0xf8, 0xbf, 0xff,
    0xff, 0xff, 0x80, 0x0, 0x6, 0xff, 0xff, 0xf8,
    0xbf, 0xff, 0xff, 0xfe, 0x0, 0x0, 0x6, 0xff,
    0xff, 0xf8, 0xbf, 0xff, 0xff, 0xf7, 0x0, 0x0,
    0x6, 0xff, 0xff, 0xf8, 0xbf, 0xff, 0xff, 0xe0,
    0x0, 0x0, 0x6, 0xff, 0xff, 0xf8, 0xbf, 0xff,
    0xff, 0x70, 0x0, 0x0, 0x6, 0xff, 0xff, 0xf8,

    /* U+043A "к" */
    0x5f, 0xff, 0xff, 0x90, 0x0, 0x0, 0xb, 0xff,
    0xff, 0xff, 0xb0, 0x5f, 0xff, 0xff, 0x90, 0x0,
    0x0, 0x4f, 0xff, 0xff, 0xff, 0x10, 0x5f, 0xff,
    0xff, 0x90, 0x0, 0x0, 0xcf, 0xff, 0xff, 0xf6,
    0x0, 0x5f, 0xff, 0xff, 0x90, 0x0, 0x5, 0xff,
    0xff, 0xff, 0xb0, 0x0, 0x5f, 0xff, 0xff, 0x90,
    0x0, 0xd, 0xff, 0xff, 0xff, 0x10, 0x0, 0x5f,
    0xff, 0xff, 0x90, 0x0, 0x6f, 0xff, 0xff, 0xf6,
    0x0, 0x0, 0x5f, 0xff, 0xff, 0x90, 0x0, 0xef,
    0xff, 0xff, 0xb0, 0x0, 0x0, 0x5f, 0xff, 0xff,
    0x90, 0x7, 0xff, 0xff, 0xff, 0x20, 0x0, 0x0,
    0x5f, 0xff, 0xff, 0x90, 0xe, 0xff, 0xff, 0xf7,
    0x0, 0x0, 0x0, 0x5f, 0xff, 0xff, 0xff, 0xff,
    0xff, 0xff, 0xc0, 0x0, 0x0, 0x0, 0x5f, 0xff,
    0xff, 0xff, 0xff, 0xff, 0xff, 0x20, 0x0, 0x0,
    0x0, 0x5f, 0xff, 0xff, 0xff, 0xff, 0xff, 0xff,
    0x20, 0x0, 0x0, 0x0, 0x5f, 0xff, 0xff, 0xff,
    0xff, 0xff, 0xff, 0xc0, 0x0, 0x0, 0x0, 0x5f,
    0xff, 0xff, 0xff, 0xff, 0xff, 0xff, 0xf6, 0x0,
    0x0, 0x0, 0x5f, 0xff, 0xff, 0xd9, 0x9f, 0xff,
    0xff, 0xff, 0x20, 0x0, 0x0, 0x5f, 0xff, 0xff,
    0x90, 0x7, 0xff, 0xff, 0xff, 0xb0, 0x0, 0x0,
    0x5f, 0xff, 0xff, 0x90, 0x0, 0xef, 0xff, 0xff,
    0xf6, 0x0, 0x0, 0x5f, 0xff, 0xff, 0x90, 0x0,
    0x5f, 0xff, 0xff, 0xff, 0x10, 0x0, 0x5f, 0xff,
    0xff, 0x90, 0x0, 0xc, 0xff, 0xff, 0xff, 0xb0,
    0x0, 0x5f, 0xff, 0xff, 0x90, 0x0, 0x3, 0xff,
    0xff, 0xff, 0xf6, 0x0, 0x5f, 0xff, 0xff, 0x90,
    0x0, 0x0, 0xaf, 0xff, 0xff, 0xff, 0x10, 0x5f,
    0xff, 0xff, 0x90, 0x0, 0x0, 0x1f, 0xff, 0xff,
    0xff, 0xb0, 0x5f, 0xff, 0xff, 0x90, 0x0, 0x0,
    0x7, 0xff, 0xff, 0xff, 0xf6,

    /* U+043B "л" */
    0x0, 0x0, 0x2f, 0xff, 0xff, 0xff, 0xff, 0xff,
    0xff, 0xff, 0xf8, 0x0, 0x0, 0x3f, 0xff, 0xff,
    0xff, 0xff, 0xff, 0xff, 0xff, 0xf8, 0x0, 0x0,
    0x4f, 0xff, 0xff, 0xff, 0xff, 0xff, 0xff, 0xff,
    0xf8, 0x0, 0x0, 0x4f, 0xff, 0xff, 0xff, 0xff,
    0xff, 0xff, 0xff, 0xf8, 0x0, 0x0, 0x5f, 0xff,
    0xff, 0xdb, 0xbb, 0xbd, 0xff, 0xff, 0xf8, 0x0,
    0x0, 0x6f, 0xff, 0xff, 0x50, 0x0, 0x5, 0xff,
    0xff, 0xf8, 0x0, 0x0, 0x6f, 0xff, 0xff, 0x40,
    0x0, 0x5, 0xff, 0xff, 0xf8, 0x0, 0x0, 0x7f,
    0xff, 0xff, 0x40, 0x0, 0x5, 0xff, 0xff, 0xf8,
    0x0, 0x0, 0x8f, 0xff, 0xff, 0x30, 0x0, 0x5,
    0xff, 0xff, 0xf8, 0x0, 0x0, 0x8f, 0xff, 0xff,
    0x20, 0x0, 0x5, 0xff, 0xff, 0xf8, 0x0, 0x0,
    0x9f, 0xff, 0xff, 0x10, 0x0, 0x5, 0xff, 0xff,
    0xf8, 0x0, 0x0, 0xaf, 0xff, 0xff, 0x0, 0x0,
    0x5, 0xff, 0xff, 0xf8, 0x0, 0x0, 0xbf, 0xff,
    0xff, 0x0, 0x0, 0x5, 0xff, 0xff, 0xf8, 0x0,
    0x0, 0xdf, 0xff, 0xfe, 0x0, 0x0, 0x5, 0xff,
    0xff, 0xf8, 0x0, 0x0, 0xff, 0xff, 0xfc, 0x0,
    0x0, 0x5, 0xff, 0xff, 0xf8, 0x0, 0x4, 0xff,
    0xff, 0xf9, 0x0, 0x0, 0x5, 0xff, 0xff, 0xf8,
    0x0, 0xb, 0xff, 0xff, 0xf6, 0x0, 0x0, 0x5,
    0xff, 0xff, 0xf8, 0x0, 0x7f, 0xff, 0xff, 0xf2,
    0x0, 0x0, 0x5, 0xff, 0xff, 0xf8, 0x7f, 0xff,
    0xff, 0xff, 0xc0, 0x0, 0x0, 0x5, 0xff, 0xff,
    0xf8, 0x8f, 0xff, 0xff, 0xff, 0x50, 0x0, 0x0,
    0x5, 0xff, 0xff, 0xf8, 0x8f, 0xff, 0xff, 0xfb,
    0x0, 0x0, 0x0, 0x5, 0xff, 0xff, 0xf8, 0x8f,
    0xff, 0xff, 0xc0, 0x0, 0x0, 0x0, 0x5, 0xff,
    0xff, 0xf8, 0x8f, 0xfe, 0xb5, 0x0, 0x0, 0x0,
    0x0, 0x5, 0xff, 0xff, 0xf8,

    /* U+043C "м" */
    0x5f, 0xff, 0xff, 0xff, 0x30, 0x0, 0x0, 0x0,
    0x0, 0x9, 0xff, 0xff, 0xff, 0xf0, 0x5f, 0xff,
    0xff, 0xff, 0x90, 0x0, 0x0, 0x0, 0x0, 0xe,
    0xff, 0xff, 0xff, 0xf0, 0x5f, 0xff, 0xff, 0xff,
    0xe0, 0x0, 0x0, 0x0, 0x0, 0x5f, 0xff, 0xff,
    0xff, 0xf0, 0x5f, 0xff, 0xff, 0xff, 0xf4, 0x0,
    0x0, 0x0, 0x0, 0xbf, 0xff, 0xff, 0xff, 0xf0,
    0x5f, 0xff, 0xff, 0xff, 0xfa, 0x0, 0x0, 0x0,
    0x1, 0xff, 0xff, 0xff, 0xff, 0xf0, 0x5f, 0xff,
    0xff, 0xff, 0xff, 0x10, 0x0, 0x0, 0x6, 0xff,
    0xff, 0xff, 0xff, 0xf0, 0x5f, 0xff, 0xff, 0xff,
    0xff, 0x60, 0x0, 0x0, 0xc, 0xff, 0xff, 0xff,
    0xff, 0xf0, 0x5f, 0xff, 0xff, 0xff, 0xff, 0xc0,
    0x0, 0x0, 0x2f, 0xff, 0xff, 0xff, 0xff, 0xf0,
    0x5f, 0xff, 0xff, 0xff, 0xff, 0xf2, 0x0, 0x0,
    0x8f, 0xff, 0xff, 0xff, 0xff, 0xf0, 0x5f, 0xff,
    0xff, 0xdf, 0xff, 0xf8, 0x0, 0x0, 0xef, 0xff,
    0xdd, 0xff, 0xff, 0xf0, 0x5f, 0xff, 0xff, 0x9e,
    0xff, 0xfe, 0x0, 0x4, 0xff, 0xff, 0x7d, 0xff,
    0xff, 0xf0, 0x5f, 0xff, 0xff, 0x98, 0xff, 0xff,
    0x40, 0xa, 0xff, 0xff, 0x1d, 0xff, 0xff, 0xf0,
    0x5f, 0xff, 0xff, 0x92, 0xff, 0xff, 0xa0, 0xf,
    0xff, 0xfb, 0xd, 0xff, 0xff, 0xf0, 0x5f, 0xff,
    0xff, 0x90, 0xcf, 0xff, 0xf0, 0x6f, 0xff, 0xf5,
    0xd, 0xff, 0xff, 0xf0, 0x5f, 0xff, 0xff, 0x90,
    0x6f, 0xff, 0xf5, 0xcf, 0xff, 0xf0, 0xd, 0xff,
    0xff, 0xf0, 0x5f, 0xff, 0xff, 0x90, 0xf, 0xff,
    0xfd, 0xff, 0xff, 0x90, 0xd, 0xff, 0xff, 0xf0,
    0x5f, 0xff, 0xff, 0x90, 0xa, 0xff, 0xff, 0xff,
    0xff, 0x30, 0xd, 0xff, 0xff, 0xf0, 0x5f, 0xff,
    0xff, 0x90, 0x4, 0xff, 0xff, 0xff, 0xfd, 0x0,
    0xd, 0xff, 0xff, 0xf0, 0x5f, 0xff, 0xff, 0x90,
    0x0, 0xef, 0xff, 0xff, 0xf7, 0x0, 0xd, 0xff,
    0xff, 0xf0, 0x5f, 0xff, 0xff, 0x90, 0x0, 0x8f,
    0xff, 0xff, 0xf1, 0x0, 0xd, 0xff, 0xff, 0xf0,
    0x5f, 0xff, 0xff, 0x90, 0x0, 0x2f, 0xff, 0xff,
    0xb0, 0x0, 0xd, 0xff, 0xff, 0xf0, 0x5f, 0xff,
    0xff, 0x90, 0x0, 0xc, 0xff, 0xff, 0x50, 0x0,
    0xd, 0xff, 0xff, 0xf0, 0x5f, 0xff, 0xff, 0x90,
    0x0, 0x6, 0xff, 0xff, 0x0, 0x0, 0xd, 0xff,
    0xff, 0xf0,

    /* U+043D "н" */
    0xbf, 0xff, 0xff, 0x30, 0x0, 0x0, 0x7, 0xff,
    0xff, 0xf8, 0xbf, 0xff, 0xff, 0x30, 0x0, 0x0,
    0x7, 0xff, 0xff, 0xf8, 0xbf, 0xff, 0xff, 0x30,
    0x0, 0x0, 0x7, 0xff, 0xff, 0xf8, 0xbf, 0xff,
    0xff, 0x30, 0x0, 0x0, 0x7, 0xff, 0xff, 0xf8,
    0xbf, 0xff, 0xff, 0x30, 0x0, 0x0, 0x7, 0xff,
    0xff, 0xf8, 0xbf, 0xff, 0xff, 0x30, 0x0, 0x0,
    0x7, 0xff, 0xff, 0xf8, 0xbf, 0xff, 0xff, 0x30,
    0x0, 0x0, 0x7, 0xff, 0xff, 0xf8, 0xbf, 0xff,
    0xff, 0x30, 0x0, 0x0, 0x7, 0xff, 0xff, 0xf8,
    0xbf, 0xff, 0xff, 0x30, 0x0, 0x0, 0x7, 0xff,
    0xff, 0xf8, 0xbf, 0xff, 0xff, 0xba, 0xaa, 0xaa,
    0xad, 0xff, 0xff, 0xf8, 0xbf, 0xff, 0xff, 0xff,
    0xff, 0xff, 0xff, 0xff, 0xff, 0xf8, 0xbf, 0xff,
    0xff, 0xff, 0xff, 0xff, 0xff, 0xff, 0xff, 0xf8,
    0xbf, 0xff, 0xff, 0xff, 0xff, 0xff, 0xff, 0xff,
    0xff, 0xf8, 0xbf, 0xff, 0xff, 0xff, 0xff, 0xff,
    0xff, 0xff, 0xff, 0xf8, 0xbf, 0xff, 0xff, 0x30,
    0x0, 0x0, 0x7, 0xff, 0xff, 0xf8, 0xbf, 0xff,
    0xff, 0x30, 0x0, 0x0, 0x7, 0xff, 0xff, 0xf8,
    0xbf, 0xff, 0xff, 0x30, 0x0, 0x0, 0x7, 0xff,
    0xff, 0xf8, 0xbf, 0xff, 0xff, 0x30, 0x0, 0x0,
    0x7, 0xff, 0xff, 0xf8, 0xbf, 0xff, 0xff, 0x30,
    0x0, 0x0, 0x7, 0xff, 0xff, 0xf8, 0xbf, 0xff,
    0xff, 0x30, 0x0, 0x0, 0x7, 0xff, 0xff, 0xf8,
    0xbf, 0xff, 0xff, 0x30, 0x0, 0x0, 0x7, 0xff,
    0xff, 0xf8, 0xbf, 0xff, 0xff, 0x30, 0x0, 0x0,
    0x7, 0xff, 0xff, 0xf8, 0xbf, 0xff, 0xff, 0x30,
    0x0, 0x0, 0x7, 0xff, 0xff, 0xf8,

    /* U+043E "о" */
    0x0, 0x0, 0x0, 0x38, 0xce, 0xff, 0xeb, 0x71,
    0x0, 0x0, 0x0, 0x0, 0x0, 0x2b, 0xff, 0xff,
    0xff, 0xff, 0xff, 0x80, 0x0, 0x0, 0x0, 0x4,
    0xef, 0xff, 0xff, 0xff, 0xff, 0xff, 0xfc, 0x10,
    0x0, 0x0, 0x2f, 0xff, 0xff, 0xff, 0xff, 0xff,
    0xff, 0xff, 0xd0, 0x0, 0x0, 0xdf, 0xff, 0xff,
    0xfe, 0xbb, 0xff, 0xff, 0xff, 0xf9, 0x0, 0x6,
    0xff, 0xff, 0xff, 0x60, 0x0, 0xa, 0xff, 0xff,
    0xff, 0x20, 0xd, 0xff, 0xff, 0xf6, 0x0, 0x0,
    0x0, 0xbf, 0xff, 0xff, 0x90, 0x2f, 0xff, 0xff,
    0xe0, 0x0, 0x0, 0x0, 0x3f, 0xff, 0xff, 0xe0,
    0x6f, 0xff, 0xff, 0x90, 0x0, 0x0, 0x0, 0xe,
    0xff, 0xff, 0xf1, 0x8f, 0xff, 0xff, 0x60, 0x0,
    0x0, 0x0, 0xa, 0xff, 0xff, 0xf4, 0x9f, 0xff,
    0xff, 0x40, 0x0, 0x0, 0x0, 0x9, 0xff, 0xff,
    0xf5, 0xaf, 0xff, 0xff, 0x40, 0x0, 0x0, 0x0,
    0x8, 0xff, 0xff, 0xf6, 0x9f, 0xff, 0xff, 0x40,
    0x0, 0x0, 0x0, 0x9, 0xff, 0xff, 0xf5, 0x8f,
    0xff, 0xff, 0x60, 0x0, 0x0, 0x0, 0xa, 0xff,
    0xff, 0xf4, 0x6f, 0xff, 0xff, 0x90, 0x0, 0x0,
    0x0, 0xd, 0xff, 0xff, 0xf1, 0x2f, 0xff, 0xff,
    0xd0, 0x0, 0x0, 0x0, 0x2f, 0xff, 0xff, 0xe0,
    0xd, 0xff, 0xff, 0xf6, 0x0, 0x0, 0x0, 0xbf,
    0xff, 0xff, 0x90, 0x6, 0xff, 0xff, 0xff, 0x50,
    0x0, 0x9, 0xff, 0xff, 0xff, 0x20, 0x0, 0xdf,
    0xff, 0xff, 0xfe, 0xbc, 0xff, 0xff, 0xff, 0xf9,
    0x0, 0x0, 0x2f, 0xff, 0xff, 0xff, 0xff, 0xff,
    0xff, 0xff, 0xd0, 0x0, 0x0, 0x3, 0xef, 0xff,
    0xff, 0xff, 0xff, 0xff, 0xfd, 0x10, 0x0, 0x0,
    0x0, 0x2b, 0xff, 0xff, 0xff, 0xff, 0xff, 0x80,
    0x0, 0x0, 0x0, 0x0, 0x0, 0x28, 0xce, 0xff,
    0xeb, 0x71, 0x0, 0x0, 0x0,

    /* U+043F "п" */
    0xbf, 0xff, 0xff, 0xff, 0xff, 0xff, 0xff, 0xff,
    0xff, 0xf8, 0xbf, 0xff, 0xff, 0xff, 0xff, 0xff,
    0xff, 0xff, 0xff, 0xf8, 0xbf, 0xff, 0xff, 0xff,
    0xff, 0xff, 0xff, 0xff, 0xff, 0xf8, 0xbf, 0xff,
    0xff, 0xff, 0xff, 0xff, 0xff, 0xff, 0xff, 0xf8,
    0xbf, 0xff, 0xff, 0xcb, 0xbb, 0xbb, 0xbd, 0xff,
    0xff, 0xf8, 0xbf, 0xff, 0xff, 0x30, 0x0, 0x0,
    0x6, 0xff, 0xff, 0xf8, 0xbf, 0xff, 0xff, 0x30,
    0x0, 0x0, 0x6, 0xff, 0xff, 0xf8, 0xbf, 0xff,
    0xff, 0x30, 0x0, 0x0, 0x6, 0xff, 0xff, 0xf8,
    0xbf, 0xff, 0xff, 0x30, 0x0, 0x0, 0x6, 0xff,
    0xff, 0xf8, 0xbf, 0xff, 0xff, 0x30, 0x0, 0x0,
    0x6, 0xff, 0xff, 0xf8, 0xbf, 0xff, 0xff, 0x30,
    0x0, 0x0, 0x6, 0xff, 0xff, 0xf8, 0xbf, 0xff,
    0xff, 0x30, 0x0, 0x0, 0x6, 0xff, 0xff, 0xf8,
    0xbf, 0xff, 0xff, 0x30, 0x0, 0x0, 0x6, 0xff,
    0xff, 0xf8, 0xbf, 0xff, 0xff, 0x30, 0x0, 0x0,
    0x6, 0xff, 0xff, 0xf8, 0xbf, 0xff, 0xff, 0x30,
    0x0, 0x0, 0x6, 0xff, 0xff, 0xf8, 0xbf, 0xff,
    0xff, 0x30, 0x0, 0x0, 0x6, 0xff, 0xff, 0xf8,
    0xbf, 0xff, 0xff, 0x30, 0x0, 0x0, 0x6, 0xff,
    0xff, 0xf8, 0xbf, 0xff, 0xff, 0x30, 0x0, 0x0,
    0x6, 0xff, 0xff, 0xf8, 0xbf, 0xff, 0xff, 0x30,
    0x0, 0x0, 0x6, 0xff, 0xff, 0xf8, 0xbf, 0xff,
    0xff, 0x30, 0x0, 0x0, 0x6, 0xff, 0xff, 0xf8,
    0xbf, 0xff, 0xff, 0x30, 0x0, 0x0, 0x6, 0xff,
    0xff, 0xf8, 0xbf, 0xff, 0xff, 0x30, 0x0, 0x0,
    0x6, 0xff, 0xff, 0xf8, 0xbf, 0xff, 0xff, 0x30,
    0x0, 0x0, 0x6, 0xff, 0xff, 0xf8,

    /* U+0440 "р" */
    0xbf, 0xff, 0xfd, 0x0, 0x5b, 0xef, 0xfc, 0x81,
    0x0, 0x0, 0xb, 0xff, 0xff, 0xe1, 0xcf, 0xff,
    0xff, 0xff, 0xf7, 0x0, 0x0, 0xbf, 0xff, 0xff,
    0xdf, 0xff, 0xff, 0xff, 0xff, 0xf8, 0x0, 0xb,
    0xff, 0xff, 0xff, 0xff, 0xff, 0xff, 0xff, 0xff,
    0xf4, 0x0, 0xbf, 0xff, 0xff, 0xff, 0xec, 0xcf,
    0xff, 0xff, 0xff, 0xd0, 0xb, 0xff, 0xff, 0xff,
    0x60, 0x0, 0x9, 0xff, 0xff, 0xff, 0x40, 0xbf,
    0xff, 0xff, 0x70, 0x0, 0x0, 0xb, 0xff, 0xff,
    0xfa, 0xb, 0xff, 0xff, 0xf3, 0x0, 0x0, 0x0,
    0x3f, 0xff, 0xff, 0xe0, 0xbf, 0xff, 0xff, 0x30,
    0x0, 0x0, 0x0, 0xff, 0xff, 0xff, 0xb, 0xff,
    0xff, 0xf3, 0x0, 0x0, 0x0, 0xc, 0xff, 0xff,
    0xf2, 0xbf, 0xff, 0xff, 0x30, 0x0, 0x0, 0x0,
    0xbf, 0xff, 0xff, 0x3b, 0xff, 0xff, 0xf3, 0x0,
    0x0, 0x0, 0xa, 0xff, 0xff, 0xf4, 0xbf, 0xff,
    0xff, 0x30, 0x0, 0x0, 0x0, 0xbf, 0xff, 0xff,
    0x3b, 0xff, 0xff, 0xf3, 0x0, 0x0, 0x0, 0xc,
    0xff, 0xff, 0xf2, 0xbf, 0xff, 0xff, 0x30, 0x0,
    0x0, 0x0, 0xff, 0xff, 0xff, 0xb, 0xff, 0xff,
    0xf3, 0x0, 0x0, 0x0, 0x3f, 0xff, 0xff, 0xd0,
    0xbf, 0xff, 0xff, 0x70, 0x0, 0x0, 0xb, 0xff,
    0xff, 0xf9, 0xb, 0xff, 0xff, 0xff, 0x70, 0x0,
    0x8, 0xff, 0xff, 0xff, 0x30, 0xbf, 0xff, 0xff,
    0xff, 0xec, 0xbe, 0xff, 0xff, 0xff, 0xc0, 0xb,
    0xff, 0xff, 0xff, 0xff, 0xff, 0xff, 0xff, 0xff,
    0xf3, 0x0, 0xbf, 0xff, 0xff, 0xff, 0xff, 0xff,
    0xff, 0xff, 0xf6, 0x0, 0xb, 0xff, 0xff, 0xf4,
    0xcf, 0xff, 0xff, 0xff, 0xf6, 0x0, 0x0, 0xbf,
    0xff, 0xff, 0x30, 0x5b, 0xef, 0xfc, 0x81, 0x0,
    0x0, 0xb, 0xff, 0xff, 0xf3, 0x0, 0x0, 0x0,
    0x0, 0x0, 0x0, 0x0, 0xbf, 0xff, 0xff, 0x30,
    0x0, 0x0, 0x0, 0x0, 0x0, 0x0, 0xb, 0xff,
    0xff, 0xf3, 0x0, 0x0, 0x0, 0x0, 0x0, 0x0,
    0x0, 0xbf, 0xff, 0xff, 0x30, 0x0, 0x0, 0x0,
    0x0, 0x0, 0x0, 0xb, 0xff, 0xff, 0xf3, 0x0,
    0x0, 0x0, 0x0, 0x0, 0x0, 0x0, 0xbf, 0xff,
    0xff, 0x30, 0x0, 0x0, 0x0, 0x0, 0x0, 0x0,
    0xb, 0xff, 0xff, 0xf3, 0x0, 0x0, 0x0, 0x0,
    0x0, 0x0, 0x0, 0xbf, 0xff, 0xff, 0x30, 0x0,
    0x0, 0x0, 0x0, 0x0, 0x0, 0xb, 0xff, 0xff,
    0xf3, 0x0, 0x0, 0x0, 0x0, 0x0, 0x0, 0x0,

    /* U+0441 "с" */
    0x0, 0x0, 0x0, 0x4a, 0xdf, 0xff, 0xda, 0x50,
    0x0, 0x0, 0x0, 0x0, 0x3d, 0xff, 0xff, 0xff,
    0xff, 0xfd, 0x30, 0x0, 0x0, 0x6, 0xff, 0xff,
    0xff, 0xff, 0xff, 0xff, 0xf5, 0x0, 0x0, 0x4f,
    0xff, 0xff, 0xff, 0xff, 0xff, 0xff, 0xff, 0x30,
    0x1, 0xef, 0xff, 0xff, 0xfc, 0xbd, 0xff, 0xff,
    0xff, 0xd0, 0x8, 0xff, 0xff, 0xfd, 0x20, 0x0,
    0x4e, 0xff, 0xff, 0xf4, 0xe, 0xff, 0xff, 0xf3,
    0x0, 0x0, 0x5, 0xff, 0xff, 0xf8, 0x3f, 0xff,
    0xff, 0xb0, 0x0, 0x0, 0x0, 0xef, 0xff, 0xfb,
    0x6f, 0xff, 0xff, 0x70, 0x0, 0x0, 0x0, 0x8a,
    0xaa, 0xa7, 0x8f, 0xff, 0xff, 0x50, 0x0, 0x0,
    0x0, 0x0, 0x0, 0x0, 0x9f, 0xff, 0xff, 0x40,
    0x0, 0x0, 0x0, 0x0, 0x0, 0x0, 0xaf, 0xff,
    0xff, 0x40, 0x0, 0x0, 0x0, 0x0, 0x0, 0x0,
    0x9f, 0xff, 0xff, 0x40, 0x0, 0x0, 0x0, 0x0,
    0x0, 0x0, 0x8f, 0xff, 0xff, 0x50, 0x0, 0x0,
    0x0, 0x0, 0x0, 0x0, 0x6f, 0xff, 0xff, 0x70,
    0x0, 0x0, 0x0, 0x11, 0x11, 0x11, 0x3f, 0xff,
    0xff, 0xb0, 0x0, 0x0, 0x0, 0xdf, 0xff, 0xfb,
    0xe, 0xff, 0xff, 0xf2, 0x0, 0x0, 0x3, 0xff,
    0xff, 0xf9, 0x7, 0xff, 0xff, 0xfd, 0x20, 0x0,
    0x3d, 0xff, 0xff, 0xf5, 0x0, 0xef, 0xff, 0xff,
    0xfc, 0xbd, 0xff, 0xff, 0xff, 0xd0, 0x0, 0x4f,
    0xff, 0xff, 0xff, 0xff, 0xff, 0xff, 0xff, 0x30,
    0x0, 0x6, 0xff, 0xff, 0xff, 0xff, 0xff, 0xff,
    0xf5, 0x0, 0x0, 0x0, 0x3d, 0xff, 0xff, 0xff,
    0xff, 0xfc, 0x30, 0x0, 0x0, 0x0, 0x0, 0x49,
    0xdf, 0xff, 0xd9, 0x40, 0x0, 0x0,

    /* U+0442 "т" */
    0x5f, 0xff, 0xff, 0xff, 0xff, 0xff, 0xff, 0xff,
    0xff, 0xff, 0xb5, 0xff, 0xff, 0xff, 0xff, 0xff,
    0xff, 0xff, 0xff, 0xff, 0xfb, 0x5f, 0xff, 0xff,
    0xff, 0xff, 0xff, 0xff, 0xff, 0xff, 0xff, 0xb5,
    0xff, 0xff, 0xff, 0xff, 0xff, 0xff, 0xff, 0xff,
    0xff, 0xfb, 0x3a, 0xaa, 0xaa, 0xac, 0xff, 0xff,
    0xfe, 0xaa, 0xaa, 0xaa, 0x70, 0x0, 0x0, 0x0,
    0x5f, 0xff, 0xff, 0x90, 0x0, 0x0, 0x0, 0x0,
    0x0, 0x0, 0x5, 0xff, 0xff, 0xf9, 0x0, 0x0,
    0x0, 0x0, 0x0, 0x0, 0x0, 0x5f, 0xff, 0xff,
    0x90, 0x0, 0x0, 0x0, 0x0, 0x0, 0x0, 0x5,
    0xff, 0xff, 0xf9, 0x0, 0x0, 0x0, 0x0, 0x0,
    0x0, 0x0, 0x5f, 0xff, 0xff, 0x90, 0x0, 0x0,
    0x0, 0x0, 0x0, 0x0, 0x5, 0xff, 0xff, 0xf9,
    0x0, 0x0, 0x0, 0x0, 0x0, 0x0, 0x0, 0x5f,
    0xff, 0xff, 0x90, 0x0, 0x0, 0x0, 0x0, 0x0,
    0x0, 0x5, 0xff, 0xff, 0xf9, 0x0, 0x0, 0x0,
    0x0, 0x0, 0x0, 0x0, 0x5f, 0xff, 0xff, 0x90,
    0x0, 0x0, 0x0, 0x0, 0x0, 0x0, 0x5, 0xff,
    0xff, 0xf9, 0x0, 0x0, 0x0, 0x0, 0x0, 0x0,
    0x0, 0x5f, 0xff, 0xff, 0x90, 0x0, 0x0, 0x0,
    0x0, 0x0, 0x0, 0x5, 0xff, 0xff, 0xf9, 0x0,
    0x0, 0x0, 0x0, 0x0, 0x0, 0x0, 0x5f, 0xff,
    0xff, 0x90, 0x0, 0x0, 0x0, 0x0, 0x0, 0x0,
    0x5, 0xff, 0xff, 0xf9, 0x0, 0x0, 0x0, 0x0,
    0x0, 0x0, 0x0, 0x5f, 0xff, 0xff, 0x90, 0x0,
    0x0, 0x0, 0x0, 0x0, 0x0, 0x5, 0xff, 0xff,
    0xf9, 0x0, 0x0, 0x0, 0x0, 0x0, 0x0, 0x0,
    0x5f, 0xff, 0xff, 0x90, 0x0, 0x0, 0x0, 0x0,
    0x0, 0x0, 0x5, 0xff, 0xff, 0xf9, 0x0, 0x0,
    0x0, 0x0,

    /* U+0443 "у" */
    0xcf, 0xff, 0xff, 0x90, 0x0, 0x0, 0x0, 0x6f,
    0xff, 0xff, 0xe0, 0x6f, 0xff, 0xff, 0xd0, 0x0,
    0x0, 0x0, 0xaf, 0xff, 0xff, 0x90, 0x1f, 0xff,
    0xff, 0xf2, 0x0, 0x0, 0x0, 0xff, 0xff, 0xff,
    0x40, 0xb, 0xff, 0xff, 0xf7, 0x0, 0x0, 0x4,
    0xff, 0xff, 0xfe, 0x0, 0x6, 0xff, 0xff, 0xfb,
    0x0, 0x0, 0x8, 0xff, 0xff, 0xf9, 0x0, 0x1,
    0xff, 0xff, 0xff, 0x0, 0x0, 0xd, 0xff, 0xff,
    0xf3, 0x0, 0x0, 0xbf, 0xff, 0xff, 0x50, 0x0,
    0x2f, 0xff, 0xff, 0xe0, 0x0, 0x0, 0x5f, 0xff,
    0xff, 0x90, 0x0, 0x6f, 0xff, 0xff, 0x80, 0x0,
    0x0, 0xf, 0xff, 0xff, 0xe0, 0x0, 0xbf, 0xff,
    0xff, 0x30, 0x0, 0x0, 0xa, 0xff, 0xff, 0xf2,
    0x0, 0xff, 0xff, 0xfd, 0x0, 0x0, 0x0, 0x5,
    0xff, 0xff, 0xf7, 0x4, 0xff, 0xff, 0xf8, 0x0,
    0x0, 0x0, 0x0, 0xff, 0xff, 0xfc, 0x9, 0xff,
    0xff, 0xf3, 0x0, 0x0, 0x0, 0x0, 0xaf, 0xff,
    0xff, 0x1d, 0xff, 0xff, 0xd0, 0x0, 0x0, 0x0,
    0x0, 0x5f, 0xff, 0xff, 0x8f, 0xff, 0xff, 0x80,
    0x0, 0x0, 0x0, 0x0, 0xf, 0xff, 0xff, 0xff,
    0xff, 0xff, 0x20, 0x0, 0x0, 0x0, 0x0, 0xa,
    0xff, 0xff, 0xff, 0xff, 0xfd, 0x0, 0x0, 0x0,
    0x0, 0x0, 0x4, 0xff, 0xff, 0xff, 0xff, 0xf8,
    0x0, 0x0, 0x0, 0x0, 0x0, 0x0, 0xef, 0xff,
    0xff, 0xff, 0xf2, 0x0, 0x0, 0x0, 0x0, 0x0,
    0x0, 0x9f, 0xff, 0xff, 0xff, 0xd0, 0x0, 0x0,
    0x0, 0x0, 0x0, 0x0, 0x4f, 0xff, 0xff, 0xff,
    0x70, 0x0, 0x0, 0x0, 0x0, 0x0, 0x0, 0xe,
    0xff, 0xff, 0xff, 0x20, 0x0, 0x0, 0x0, 0x0,
    0x0, 0x0, 0x9, 0xff, 0xff, 0xfc, 0x0, 0x0,
    0x0, 0x0, 0x0, 0x0, 0x0, 0x4, 0xff, 0xff,
    0xf7, 0x0, 0x0, 0x0, 0x0, 0x0, 0x0, 0x0,
    0x5, 0xff, 0xff, 0xf1, 0x0, 0x0, 0x0, 0x0,
    0x0, 0x0, 0x0, 0xb, 0xff, 0xff, 0xc0, 0x0,
    0x0, 0x0, 0x0, 0x0, 0x0, 0x0, 0x2f, 0xff,
    0xff, 0x70, 0x0, 0x0, 0x0, 0x0, 0x0, 0x0,
    0x2, 0xdf, 0xff, 0xff, 0x10, 0x0, 0x0, 0x0,
    0x0, 0x0, 0x6c, 0xdf, 0xff, 0xff, 0xfa, 0x0,
    0x0, 0x0, 0x0, 0x0, 0x0, 0x8f, 0xff, 0xff,
    0xff, 0xf3, 0x0, 0x0, 0x0, 0x0, 0x0, 0x0,
    0x8f, 0xff, 0xff, 0xff, 0x80, 0x0, 0x0, 0x0,
    0x0, 0x0, 0x0, 0x8f, 0xff, 0xff, 0xf8, 0x0,
    0x0, 0x0, 0x0, 0x0, 0x0, 0x0, 0x5d, 0xff,
    0xea, 0x30, 0x0, 0x0, 0x0, 0x0, 0x0, 0x0,

    /* U+0444 "ф" */
    0x0, 0x0, 0x0, 0x0, 0x0, 0xa, 0xff, 0xff,
    0xf4, 0x0, 0x0, 0x0, 0x0, 0x0, 0x0, 0x0,
    0x0, 0x0, 0x0, 0x0, 0xaf, 0xff, 0xff, 0x40,
    0x0, 0x0, 0x0, 0x0, 0x0, 0x0, 0x0, 0x0,
    0x0, 0x0, 0xa, 0xff, 0xff, 0xf4, 0x0, 0x0,
    0x0, 0x0, 0x0, 0x0, 0x0, 0x0, 0x0, 0x0,
    0x0, 0xaf, 0xff, 0xff, 0x40, 0x0, 0x0, 0x0,
    0x0, 0x0, 0x0, 0x0, 0x0, 0x0, 0x0, 0xa,
    0xff, 0xff, 0xf4, 0x0, 0x0, 0x0, 0x0, 0x0,
    0x0, 0x0, 0x0, 0x0, 0x0, 0x0, 0xaf, 0xff,
    0xff, 0x40, 0x0, 0x0, 0x0, 0x0, 0x0, 0x0,
    0x0, 0x0, 0x0, 0x0, 0xa, 0xff, 0xff, 0xf4,
    0x0, 0x0, 0x0, 0x0, 0x0, 0x0, 0x0, 0x0,
    0x0, 0x0, 0x0, 0xaf, 0xff, 0xff, 0x40, 0x0,
    0x0, 0x0, 0x0, 0x0, 0x0, 0x0, 0x0, 0x0,
    0x0, 0xa, 0xff, 0xff, 0xf4, 0x0, 0x0, 0x0,
    0x0, 0x0, 0x0, 0x0, 0x0, 0x5b, 0xef, 0xeb,
    0xdf, 0xff, 0xff, 0xbd, 0xff, 0xd9, 0x30, 0x0,
    0x0, 0x0, 0x1, 0xcf, 0xff, 0xff, 0xff, 0xff,
    0xff, 0xff, 0xff, 0xff, 0xff, 0x90, 0x0, 0x0,
    0x1, 0xdf, 0xff, 0xff, 0xff, 0xff, 0xff, 0xff,
    0xff, 0xff, 0xff, 0xff, 0xa0, 0x0, 0x0, 0xaf,
    0xff, 0xff, 0xff, 0xff, 0xff, 0xff, 0xff, 0xff,
    0xff, 0xff, 0xff, 0x50, 0x0, 0x3f, 0xff, 0xff,
    0xff, 0xcb, 0xff, 0xff, 0xff, 0xdb, 0xdf, 0xff,
    0xff, 0xfe, 0x0, 0x9, 0xff, 0xff, 0xfe, 0x20,
    0xa, 0xff, 0xff, 0xf4, 0x0, 0x6f, 0xff, 0xff,
    0xf5, 0x0, 0xef, 0xff, 0xff, 0x40, 0x0, 0xaf,
    0xff, 0xff, 0x40, 0x0, 0xaf, 0xff, 0xff, 0xa0,
    0x2f, 0xff, 0xff, 0xd0, 0x0, 0xa, 0xff, 0xff,
    0xf4, 0x0, 0x3, 0xff, 0xff, 0xfe, 0x5, 0xff,
    0xff, 0xf9, 0x0, 0x0, 0xaf, 0xff, 0xff, 0x40,
    0x0, 0xe, 0xff, 0xff, 0xf1, 0x7f, 0xff, 0xff,
    0x70, 0x0, 0xa, 0xff, 0xff, 0xf4, 0x0, 0x0,
    0xcf, 0xff, 0xff, 0x39, 0xff, 0xff, 0xf5, 0x0,
    0x0, 0xaf, 0xff, 0xff, 0x40, 0x0, 0xa, 0xff,
    0xff, 0xf4, 0x9f, 0xff, 0xff, 0x40, 0x0, 0xa,
    0xff, 0xff, 0xf4, 0x0, 0x0, 0xaf, 0xff, 0xff,
    0x49, 0xff, 0xff, 0xf5, 0x0, 0x0, 0xaf, 0xff,
    0xff, 0x40, 0x0, 0xa, 0xff, 0xff, 0xf4, 0x8f,
    0xff, 0xff, 0x50, 0x0, 0xa, 0xff, 0xff, 0xf4,
    0x0, 0x0, 0xbf, 0xff, 0xff, 0x47, 0xff, 0xff,
    0xf7, 0x0, 0x0, 0xaf, 0xff, 0xff, 0x40, 0x0,
    0xd, 0xff, 0xff, 0xf2, 0x4f, 0xff, 0xff, 0xb0,
    0x0, 0xa, 0xff, 0xff, 0xf4, 0x0, 0x1, 0xff,
    0xff, 0xff, 0x1, 0xff, 0xff, 0xff, 0x20, 0x0,
    0xaf, 0xff, 0xff, 0x40, 0x0, 0x7f, 0xff, 0xff,
    0xc0, 0xb, 0xff, 0xff, 0xfd, 0x10, 0xa, 0xff,
    0xff, 0xf4, 0x0, 0x4f, 0xff, 0xff, 0xf7, 0x0,
    0x4f, 0xff, 0xff, 0xff, 0xcb, 0xff, 0xff, 0xff,
    0xdb, 0xdf, 0xff, 0xff, 0xff, 0x10, 0x0, 0xcf,
    0xff, 0xff, 0xff, 0xff, 0xff, 0xff, 0xff, 0xff,
    0xff, 0xff, 0xff, 0x70, 0x0, 0x2, 0xef, 0xff,
    0xff, 0xff, 0xff, 0xff, 0xff, 0xff, 0xff, 0xff,
    0xff, 0xb0, 0x0, 0x0, 0x2, 0xdf, 0xff, 0xff,
    0xff, 0xff, 0xff, 0xff, 0xff, 0xff, 0xff, 0xa0,
    0x0, 0x0, 0x0, 0x0, 0x6b, 0xef, 0xec, 0xdf,
    0xff, 0xff, 0xbd, 0xff, 0xea, 0x40, 0x0, 0x0,
    0x0, 0x0, 0x0, 0x0, 0x0, 0xa, 0xff, 0xff,
    0xf4, 0x0, 0x0, 0x0, 0x0, 0x0, 0x0, 0x0,
    0x0, 0x0, 0x0, 0x0, 0xaf, 0xff, 0xff, 0x40,
    0x0, 0x0, 0x0, 0x0, 0x0, 0x0, 0x0, 0x0,
    0x0, 0x0, 0xa, 0xff, 0xff, 0xf4, 0x0, 0x0,
    0x0, 0x0, 0x0, 0x0, 0x0, 0x0, 0x0, 0x0,
    0x0, 0xaf, 0xff, 0xff, 0x40, 0x0, 0x0, 0x0,
    0x0, 0x0, 0x0, 0x0, 0x0, 0x0, 0x0, 0xa,
    0xff, 0xff, 0xf4, 0x0, 0x0, 0x0, 0x0, 0x0,
    0x0, 0x0, 0x0, 0x0, 0x0, 0x0, 0xaf, 0xff,
    0xff, 0x40, 0x0, 0x0, 0x0, 0x0, 0x0, 0x0,
    0x0, 0x0, 0x0, 0x0, 0xa, 0xff, 0xff, 0xf4,
    0x0, 0x0, 0x0, 0x0, 0x0, 0x0, 0x0, 0x0,
    0x0, 0x0, 0x0, 0xaf, 0xff, 0xff, 0x40, 0x0,
    0x0, 0x0, 0x0, 0x0, 0x0, 0x0, 0x0, 0x0,
    0x0, 0xa, 0xff, 0xff, 0xf4, 0x0, 0x0, 0x0,
    0x0, 0x0, 0x0,

    /* U+0445 "х" */
    0x1e, 0xff, 0xff, 0xf5, 0x0, 0x0, 0x0, 0xcf,
    0xff, 0xff, 0x80, 0x6, 0xff, 0xff, 0xfd, 0x0,
    0x0, 0x5, 0xff, 0xff, 0xfe, 0x0, 0x0, 0xdf,
    0xff, 0xff, 0x50, 0x0, 0xd, 0xff, 0xff, 0xf6,
    0x0, 0x0, 0x5f, 0xff, 0xff, 0xd0, 0x0, 0x6f,
    0xff, 0xff, 0xd0, 0x0, 0x0, 0xc, 0xff, 0xff,
    0xf6, 0x0, 0xef, 0xff, 0xff, 0x40, 0x0, 0x0,
    0x3, 0xff, 0xff, 0xfe, 0x7, 0xff, 0xff, 0xfb,
    0x0, 0x0, 0x0, 0x0, 0xaf, 0xff, 0xff, 0x8f,
    0xff, 0xff, 0xf2, 0x0, 0x0, 0x0, 0x0, 0x1f,
    0xff, 0xff, 0xff, 0xff, 0xff, 0x90, 0x0, 0x0,
    0x0, 0x0, 0x8, 0xff, 0xff, 0xff, 0xff, 0xff,
    0x10, 0x0, 0x0, 0x0, 0x0, 0x0, 0xef, 0xff,
    0xff, 0xff, 0xf7, 0x0, 0x0, 0x0, 0x0, 0x0,
    0x0, 0x6f, 0xff, 0xff, 0xff, 0xe0, 0x0, 0x0,
    0x0, 0x0, 0x0, 0x0, 0x2f, 0xff, 0xff, 0xff,
    0xa0, 0x0, 0x0, 0x0, 0x0, 0x0, 0x0, 0xaf,
    0xff, 0xff, 0xff, 0xf3, 0x0, 0x0, 0x0, 0x0,
    0x0, 0x3, 0xff, 0xff, 0xff, 0xff, 0xfc, 0x0,
    0x0, 0x0, 0x0, 0x0, 0xc, 0xff, 0xff, 0xff,
    0xff, 0xff, 0x50, 0x0, 0x0, 0x0, 0x0, 0x5f,
    0xff, 0xff, 0xef, 0xff, 0xff, 0xd0, 0x0, 0x0,
    0x0, 0x0, 0xef, 0xff, 0xff, 0x4c, 0xff, 0xff,
    0xf7, 0x0, 0x0, 0x0, 0x7, 0xff, 0xff, 0xfb,
    0x3, 0xff, 0xff, 0xfe, 0x10, 0x0, 0x0, 0x1f,
    0xff, 0xff, 0xf3, 0x0, 0xaf, 0xff, 0xff, 0x90,
    0x0, 0x0, 0x9f, 0xff, 0xff, 0xa0, 0x0, 0x2f,
    0xff, 0xff, 0xf2, 0x0, 0x2, 0xff, 0xff, 0xff,
    0x20, 0x0, 0x9, 0xff, 0xff, 0xfa, 0x0, 0xb,
    0xff, 0xff, 0xf9, 0x0, 0x0, 0x1, 0xff, 0xff,
    0xff, 0x30, 0x4f, 0xff, 0xff, 0xf1, 0x0, 0x0,
    0x0, 0x8f, 0xff, 0xff, 0xc0,

    /* U+0446 "ц" */
    0xbf, 0xff, 0xff, 0x30, 0x0, 0x0, 0x6, 0xff,
    0xff, 0xf8, 0x0, 0xb, 0xff, 0xff, 0xf3, 0x0,
    0x0, 0x0, 0x6f, 0xff, 0xff, 0x80, 0x0, 0xbf,
    0xff, 0xff, 0x30, 0x0, 0x0, 0x6, 0xff, 0xff,
    0xf8, 0x0, 0xb, 0xff, 0xff, 0xf3, 0x0, 0x0,
    0x0, 0x6f, 0xff, 0xff, 0x80, 0x0, 0xbf, 0xff,
    0xff, 0x30, 0x0, 0x0, 0x6, 0xff, 0xff, 0xf8,
    0x0, 0xb, 0xff, 0xff, 0xf3, 0x0, 0x0, 0x0,
    0x6f, 0xff, 0xff, 0x80, 0x0, 0xbf, 0xff, 0xff,
    0x30, 0x0, 0x0, 0x6, 0xff, 0xff, 0xf8, 0x0,
    0xb, 0xff, 0xff, 0xf3, 0x0, 0x0, 0x0, 0x6f,
    0xff, 0xff, 0x80, 0x0, 0xbf, 0xff, 0xff, 0x30,
    0x0, 0x0, 0x6, 0xff, 0xff, 0xf8, 0x0, 0xb,
    0xff, 0xff, 0xf3, 0x0, 0x0, 0x0, 0x6f, 0xff,
    0xff, 0x80, 0x0, 0xbf, 0xff, 0xff, 0x30, 0x0,
    0x0, 0x6, 0xff, 0xff, 0xf8, 0x0, 0xb, 0xff,
    0xff, 0xf3, 0x0, 0x0, 0x0, 0x6f, 0xff, 0xff,
    0x80, 0x0, 0xbf, 0xff, 0xff, 0x30, 0x0, 0x0,
    0x6, 0xff, 0xff, 0xf8, 0x0, 0xb, 0xff, 0xff,
    0xf3, 0x0, 0x0, 0x0, 0x6f, 0xff, 0xff, 0x80,
    0x0, 0xbf, 0xff, 0xff, 0x30, 0x0, 0x0, 0x6,
    0xff, 0xff, 0xf8, 0x0, 0xb, 0xff, 0xff, 0xf3,
    0x0, 0x0, 0x0, 0x6f, 0xff, 0xff, 0x80, 0x0,
    0xbf, 0xff, 0xff, 0x30, 0x0, 0x0, 0x6, 0xff,
    0xff, 0xf8, 0x0, 0xb, 0xff, 0xff, 0xf3, 0x0,
    0x0, 0x0, 0x6f, 0xff, 0xff, 0x80, 0x0, 0xbf,
    0xff, 0xff, 0xcb, 0xbb, 0xbb, 0xbd, 0xff, 0xff,
    0xfd, 0xbb, 0x9b, 0xff, 0xff, 0xff, 0xff, 0xff,
    0xff, 0xff, 0xff, 0xff, 0xff, 0xfd, 0xbf, 0xff,
    0xff, 0xff, 0xff, 0xff, 0xff, 0xff, 0xff, 0xff,
    0xff, 0xcb, 0xff, 0xff, 0xff, 0xff, 0xff, 0xff,
    0xff, 0xff, 0xff, 0xff, 0xfc, 0xbf, 0xff, 0xff,
    0xff, 0xff, 0xff, 0xff, 0xff, 0xff, 0xff, 0xff,
    0xb0, 0x0, 0x0, 0x0, 0x0, 0x0, 0x0, 0x0,
    0x0, 0xff, 0xff, 0xfa, 0x0, 0x0, 0x0, 0x0,
    0x0, 0x0, 0x0, 0x0, 0xf, 0xff, 0xff, 0xa0,
    0x0, 0x0, 0x0, 0x0, 0x0, 0x0, 0x0, 0x0,
    0xff, 0xff, 0xf9, 0x0, 0x0, 0x0, 0x0, 0x0,
    0x0, 0x0, 0x0, 0xf, 0xff, 0xff, 0x90, 0x0,
    0x0, 0x0, 0x0, 0x0, 0x0, 0x0, 0x0, 0xff,
    0xff, 0xf8, 0x0, 0x0, 0x0, 0x0, 0x0, 0x0,
    0x0, 0x0, 0xf, 0xff, 0xff, 0x80, 0x0, 0x0,
    0x0, 0x0, 0x0, 0x0, 0x0, 0x0, 0x88, 0x88,
    0x83,

    /* U+0447 "ч" */
    0x3f, 0xff, 0xff, 0xb0, 0x0, 0x0, 0x0, 0xef,
    0xff, 0xff, 0x3f, 0xff, 0xff, 0xb0, 0x0, 0x0,
    0x0, 0xef, 0xff, 0xff, 0x3f, 0xff, 0xff, 0xb0,
    0x0, 0x0, 0x0, 0xef, 0xff, 0xff, 0x3f, 0xff,
    0xff, 0xb0, 0x0, 0x0, 0x0, 0xef, 0xff, 0xff,
    0x3f, 0xff, 0xff, 0xb0, 0x0, 0x0, 0x0, 0xef,
    0xff, 0xff, 0x3f, 0xff, 0xff, 0xb0, 0x0, 0x0,
    0x0, 0xef, 0xff, 0xff, 0x3f, 0xff, 0xff, 0xb0,
    0x0, 0x0, 0x0, 0xef, 0xff, 0xff, 0x2f, 0xff,
    0xff, 0xb0, 0x0, 0x0, 0x0, 0xef, 0xff, 0xff,
    0x1f, 0xff, 0xff, 0xd0, 0x0, 0x0, 0x0, 0xef,
    0xff, 0xff, 0xf, 0xff, 0xff, 0xf1, 0x0, 0x0,
    0x0, 0xef, 0xff, 0xff, 0xb, 0xff, 0xff, 0xfc,
    0x10, 0x0, 0x0, 0xff, 0xff, 0xff, 0x5, 0xff,
    0xff, 0xff, 0xfd, 0xbb, 0xcf, 0xff, 0xff, 0xff,
    0x0, 0xcf, 0xff, 0xff, 0xff, 0xff, 0xff, 0xff,
    0xff, 0xff, 0x0, 0x1d, 0xff, 0xff, 0xff, 0xff,
    0xff, 0xff, 0xff, 0xff, 0x0, 0x0, 0x9f, 0xff,
    0xff, 0xff, 0xff, 0xff, 0xff, 0xff, 0x0, 0x0,
    0x1, 0x6a, 0xde, 0xff, 0xec, 0xff, 0xff, 0xff,
    0x0, 0x0, 0x0, 0x0, 0x0, 0x0, 0x0, 0xef,
    0xff, 0xff, 0x0, 0x0, 0x0, 0x0, 0x0, 0x0,
    0x0, 0xef, 0xff, 0xff, 0x0, 0x0, 0x0, 0x0,
    0x0, 0x0, 0x0, 0xef, 0xff, 0xff, 0x0, 0x0,
    0x0, 0x0, 0x0, 0x0, 0x0, 0xef, 0xff, 0xff,
    0x0, 0x0, 0x0, 0x0, 0x0, 0x0, 0x0, 0xef,
    0xff, 0xff, 0x0, 0x0, 0x0, 0x0, 0x0, 0x0,
    0x0, 0xef, 0xff, 0xff, 0x0, 0x0, 0x0, 0x0,
    0x0, 0x0, 0x0, 0xef, 0xff, 0xff,

    /* U+0448 "ш" */
    0xbf, 0xff, 0xff, 0x30, 0x0, 0x0, 0xbf, 0xff,
    0xff, 0x40, 0x0, 0x0, 0xaf, 0xff, 0xff, 0x4b,
    0xff, 0xff, 0xf3, 0x0, 0x0, 0xb, 0xff, 0xff,
    0xf4, 0x0, 0x0, 0xa, 0xff, 0xff, 0xf4, 0xbf,
    0xff, 0xff, 0x30, 0x0, 0x0, 0xbf, 0xff, 0xff,
    0x40, 0x0, 0x0, 0xaf, 0xff, 0xff, 0x4b, 0xff,
    0xff, 0xf3, 0x0, 0x0, 0xb, 0xff, 0xff, 0xf4,
    0x0, 0x0, 0xa, 0xff, 0xff, 0xf4, 0xbf, 0xff,
    0xff, 0x30, 0x0, 0x0, 0xbf, 0xff, 0xff, 0x40,
    0x0, 0x0, 0xaf, 0xff, 0xff, 0x4b, 0xff, 0xff,
    0xf3, 0x0, 0x0, 0xb, 0xff, 0xff, 0xf4, 0x0,
    0x0, 0xa, 0xff, 0xff, 0xf4, 0xbf, 0xff, 0xff,
    0x30, 0x0, 0x0, 0xbf, 0xff, 0xff, 0x40, 0x0,
    0x0, 0xaf, 0xff, 0xff, 0x4b, 0xff, 0xff, 0xf3,
    0x0, 0x0, 0xb, 0xff, 0xff, 0xf4, 0x0, 0x0,
    0xa, 0xff, 0xff, 0xf4, 0xbf, 0xff, 0xff, 0x30,
    0x0, 0x0, 0xbf, 0xff, 0xff, 0x40, 0x0, 0x0,
    0xaf, 0xff, 0xff, 0x4b, 0xff, 0xff, 0xf3, 0x0,
    0x0, 0xb, 0xff, 0xff, 0xf4, 0x0, 0x0, 0xa,
    0xff, 0xff, 0xf4, 0xbf, 0xff, 0xff, 0x30, 0x0,
    0x0, 0xbf, 0xff, 0xff, 0x40, 0x0, 0x0, 0xaf,
    0xff, 0xff, 0x4b, 0xff, 0xff, 0xf3, 0x0, 0x0,
    0xb, 0xff, 0xff, 0xf4, 0x0, 0x0, 0xa, 0xff,
    0xff, 0xf4, 0xbf, 0xff, 0xff, 0x30, 0x0, 0x0,
    0xbf, 0xff, 0xff, 0x40, 0x0, 0x0, 0xaf, 0xff,
    0xff, 0x4b, 0xff, 0xff, 0xf3, 0x0, 0x0, 0xb,
    0xff, 0xff, 0xf4, 0x0, 0x0, 0xa, 0xff, 0xff,
    0xf4, 0xbf, 0xff, 0xff, 0x30, 0x0, 0x0, 0xbf,
    0xff, 0xff, 0x40, 0x0, 0x0, 0xaf, 0xff, 0xff,
    0x4b, 0xff, 0xff, 0xf3, 0x0, 0x0, 0xb, 0xff,
    0xff, 0xf4, 0x0, 0x0, 0xa, 0xff, 0xff, 0xf4,
    0xbf, 0xff, 0xff, 0x30, 0x0, 0x0, 0xbf, 0xff,
    0xff, 0x40, 0x0, 0x0, 0xaf, 0xff, 0xff, 0x4b,
    0xff, 0xff, 0xf3, 0x0, 0x0, 0xb, 0xff, 0xff,
    0xf4, 0x0, 0x0, 0xa, 0xff, 0xff, 0xf4, 0xbf,
    0xff, 0xff, 0xcb, 0xbb, 0xbb, 0xef, 0xff, 0xff,
    0xcb, 0xbb, 0xbb, 0xef, 0xff, 0xff, 0x4b, 0xff,
    0xff, 0xff, 0xff, 0xff, 0xff, 0xff, 0xff, 0xff,
    0xff, 0xff, 0xff, 0xff, 0xff, 0xf4, 0xbf, 0xff,
    0xff, 0xff, 0xff, 0xff, 0xff, 0xff, 0xff, 0xff,
    0xff, 0xff, 0xff, 0xff, 0xff, 0x4b, 0xff, 0xff,
    0xff, 0xff, 0xff, 0xff, 0xff, 0xff, 0xff, 0xff,
    0xff, 0xff, 0xff, 0xff, 0xf4, 0xbf, 0xff, 0xff,
    0xff, 0xff, 0xff, 0xff, 0xff, 0xff, 0xff, 0xff,
    0xff, 0xff, 0xff, 0xff, 0x40,

    /* U+0449 "щ" */
    0xcf, 0xff, 0xff, 0x20, 0x0, 0x0, 0xbf, 0xff,
    0xff, 0x30, 0x0, 0x0, 0xaf, 0xff, 0xff, 0x30,
    0x0, 0xc, 0xff, 0xff, 0xf2, 0x0, 0x0, 0xb,
    0xff, 0xff, 0xf3, 0x0, 0x0, 0xa, 0xff, 0xff,
    0xf3, 0x0, 0x0, 0xcf, 0xff, 0xff, 0x20, 0x0,
    0x0, 0xbf, 0xff, 0xff, 0x30, 0x0, 0x0, 0xaf,
    0xff, 0xff, 0x30, 0x0, 0xc, 0xff, 0xff, 0xf2,
    0x0, 0x0, 0xb, 0xff, 0xff, 0xf3, 0x0, 0x0,
    0xa, 0xff, 0xff, 0xf3, 0x0, 0x0, 0xcf, 0xff,
    0xff, 0x20, 0x0, 0x0, 0xbf, 0xff, 0xff, 0x30,
    0x0, 0x0, 0xaf, 0xff, 0xff, 0x30, 0x0, 0xc,
    0xff, 0xff, 0xf2, 0x0, 0x0, 0xb, 0xff, 0xff,
    0xf3, 0x0, 0x0, 0xa, 0xff, 0xff, 0xf3, 0x0,
    0x0, 0xcf, 0xff, 0xff, 0x20, 0x0, 0x0, 0xbf,
    0xff, 0xff, 0x30, 0x0, 0x0, 0xaf, 0xff, 0xff,
    0x30, 0x0, 0xc, 0xff, 0xff, 0xf2, 0x0, 0x0,
    0xb, 0xff, 0xff, 0xf3, 0x0, 0x0, 0xa, 0xff,
    0xff, 0xf3, 0x0, 0x0, 0xcf, 0xff, 0xff, 0x20,
    0x0, 0x0, 0xbf, 0xff, 0xff, 0x30, 0x0, 0x0,
    0xaf, 0xff, 0xff, 0x30, 0x0, 0xc, 0xff, 0xff,
    0xf2, 0x0, 0x0, 0xb, 0xff, 0xff, 0xf3, 0x0,
    0x0, 0xa, 0xff, 0xff, 0xf3, 0x0, 0x0, 0xcf,
    0xff, 0xff, 0x20, 0x0, 0x0, 0xbf, 0xff, 0xff,
    0x30, 0x0, 0x0, 0xaf, 0xff, 0xff, 0x30, 0x0,
    0xc, 0xff, 0xff, 0xf2, 0x0, 0x0, 0xb, 0xff,
    0xff, 0xf3, 0x0, 0x0, 0xa, 0xff, 0xff, 0xf3,
    0x0, 0x0, 0xcf, 0xff, 0xff, 0x20, 0x0, 0x0,
    0xbf, 0xff, 0xff, 0x30, 0x0, 0x0, 0xaf, 0xff,
    0xff, 0x30, 0x0, 0xc, 0xff, 0xff, 0xf2, 0x0,
    0x0, 0xb, 0xff, 0xff, 0xf3, 0x0, 0x0, 0xa,
    0xff, 0xff, 0xf3, 0x0, 0x0, 0xcf, 0xff, 0xff,
    0x20, 0x0, 0x0, 0xbf, 0xff, 0xff, 0x30, 0x0,
    0x0, 0xaf, 0xff, 0xff, 0x30, 0x0, 0xc, 0xff,
    0xff, 0xf2, 0x0, 0x0, 0xb, 0xff, 0xff, 0xf3,
    0x0, 0x0, 0xa, 0xff, 0xff, 0xf3, 0x0, 0x0,
    0xcf, 0xff, 0xff, 0x20, 0x0, 0x0, 0xbf, 0xff,
    0xff, 0x30, 0x0, 0x0, 0xaf, 0xff, 0xff, 0x30,
    0x0, 0xc, 0xff, 0xff, 0xf2, 0x0, 0x0, 0xb,
    0xff, 0xff, 0xf3, 0x0, 0x0, 0xa, 0xff, 0xff,
    0xf3, 0x0, 0x0, 0xcf, 0xff, 0xff, 0xba, 0xaa,
    0xaa, 0xef, 0xff, 0xff, 0xba, 0xaa, 0xaa, 0xef,
    0xff, 0xff, 0xca, 0xaa, 0x7c, 0xff, 0xff, 0xff,
    0xff, 0xff, 0xff, 0xff, 0xff, 0xff, 0xff, 0xff,
    0xff, 0xff, 0xff, 0xff, 0xff, 0xfa, 0xcf, 0xff,
    0xff, 0xff, 0xff, 0xff, 0xff, 0xff, 0xff, 0xff,
    0xff, 0xff, 0xff, 0xff, 0xff, 0xff, 0xff, 0x9c,
    0xff, 0xff, 0xff, 0xff, 0xff, 0xff, 0xff, 0xff,
    0xff, 0xff, 0xff, 0xff, 0xff, 0xff, 0xff, 0xff,
    0xf9, 0xcf, 0xff, 0xff, 0xff, 0xff, 0xff, 0xff,
    0xff, 0xff, 0xff, 0xff, 0xff, 0xff, 0xff, 0xff,
    0xff, 0xff, 0x80, 0x0, 0x0, 0x0, 0x0, 0x0,
    0x0, 0x0, 0x0, 0x0, 0x0, 0x0, 0x0, 0x0,
    0x3, 0xff, 0xff, 0xf8, 0x0, 0x0, 0x0, 0x0,
    0x0, 0x0, 0x0, 0x0, 0x0, 0x0, 0x0, 0x0,
    0x0, 0x0, 0x3f, 0xff, 0xff, 0x70, 0x0, 0x0,
    0x0, 0x0, 0x0, 0x0, 0x0, 0x0, 0x0, 0x0,
    0x0, 0x0, 0x0, 0x3, 0xff, 0xff, 0xf6, 0x0,
    0x0, 0x0, 0x0, 0x0, 0x0, 0x0, 0x0, 0x0,
    0x0, 0x0, 0x0, 0x0, 0x0, 0x3f, 0xff, 0xff,
    0x60, 0x0, 0x0, 0x0, 0x0, 0x0, 0x0, 0x0,
    0x0, 0x0, 0x0, 0x0, 0x0, 0x0, 0x3, 0xff,
    0xff, 0xf5, 0x0, 0x0, 0x0, 0x0, 0x0, 0x0,
    0x0, 0x0, 0x0, 0x0, 0x0, 0x0, 0x0, 0x0,
    0x3f, 0xff, 0xff, 0x50, 0x0, 0x0, 0x0, 0x0,
    0x0, 0x0, 0x0, 0x0, 0x0, 0x0, 0x0, 0x0,
    0x0, 0x1, 0x88, 0x88, 0x82,

    /* U+044A "ъ" */
    0x4f, 0xff, 0xff, 0xff, 0xff, 0xff, 0xf0, 0x0,
    0x0, 0x0, 0x0, 0x0, 0x0, 0x4, 0xff, 0xff,
    0xff, 0xff, 0xff, 0xff, 0x0, 0x0, 0x0, 0x0,
    0x0, 0x0, 0x0, 0x4f, 0xff, 0xff, 0xff, 0xff,
    0xff, 0xf0, 0x0, 0x0, 0x0, 0x0, 0x0, 0x0,
    0x4, 0xff, 0xff, 0xff, 0xff, 0xff, 0xff, 0x0,
    0x0, 0x0, 0x0, 0x0, 0x0, 0x0, 0x3b, 0xbb,
    0xbb, 0xbf, 0xff, 0xff, 0xf0, 0x0, 0x0, 0x0,
    0x0, 0x0, 0x0, 0x0, 0x0, 0x0, 0x0, 0xff,
    0xff, 0xff, 0x0, 0x0, 0x0, 0x0, 0x0, 0x0,
    0x0, 0x0, 0x0, 0x0, 0xf, 0xff, 0xff, 0xf0,
    0x0, 0x0, 0x0, 0x0, 0x0, 0x0, 0x0, 0x0,
    0x0, 0x0, 0xff, 0xff, 0xff, 0xff, 0xff, 0xff,
    0xda, 0x50, 0x0, 0x0, 0x0, 0x0, 0x0, 0xf,
    0xff, 0xff, 0xff, 0xff, 0xff, 0xff, 0xff, 0xe5,
    0x0, 0x0, 0x0, 0x0, 0x0, 0xff, 0xff, 0xff,
    0xff, 0xff, 0xff, 0xff, 0xff, 0xf8, 0x0, 0x0,
    0x0, 0x0, 0xf, 0xff, 0xff, 0xff, 0xff, 0xff,
    0xff, 0xff, 0xff, 0xf6, 0x0, 0x0, 0x0, 0x0,
    0xff, 0xff, 0xff, 0xbb, 0xbb, 0xbd, 0xff, 0xff,
    0xff, 0xf1, 0x0, 0x0, 0x0, 0xf, 0xff, 0xff,
    0xf0, 0x0, 0x0, 0x4, 0xff, 0xff, 0xff, 0x60,
    0x0, 0x0, 0x0, 0xff, 0xff, 0xff, 0x0, 0x0,
    0x0, 0x7, 0xff, 0xff, 0xfa, 0x0, 0x0, 0x0,
    0xf, 0xff, 0xff, 0xf0, 0x0, 0x0, 0x0, 0x2f,
    0xff, 0xff, 0xc0, 0x0, 0x0, 0x0, 0xff, 0xff,
    0xff, 0x0, 0x0, 0x0, 0x2, 0xff, 0xff, 0xfc,
    0x0, 0x0, 0x0, 0xf, 0xff, 0xff, 0xf0, 0x0,
    0x0, 0x0, 0x6f, 0xff, 0xff, 0xa0, 0x0, 0x0,
    0x0, 0xff, 0xff, 0xff, 0x0, 0x0, 0x0, 0x4f,
    0xff, 0xff, 0xf6, 0x0, 0x0, 0x0, 0xf, 0xff,
    0xff, 0xfa, 0xaa, 0xab, 0xdf, 0xff, 0xff, 0xff,
    0x10, 0x0, 0x0, 0x0, 0xff, 0xff, 0xff, 0xff,
    0xff, 0xff, 0xff, 0xff, 0xff, 0x60, 0x0, 0x0,
    0x0, 0xf, 0xff, 0xff, 0xff, 0xff, 0xff, 0xff,
    0xff, 0xff, 0x80, 0x0, 0x0, 0x0, 0x0, 0xff,
    0xff, 0xff, 0xff, 0xff, 0xff, 0xff, 0xfd, 0x50,
    0x0, 0x0, 0x0, 0x0, 0xf, 0xff, 0xff, 0xff,
    0xff, 0xff, 0xfd, 0x94, 0x0, 0x0, 0x0,

    /* U+044B "ы" */
    0x5f, 0xff, 0xff, 0x90, 0x0, 0x0, 0x0, 0x0,
    0x0, 0x0, 0x0, 0x0, 0xff, 0xff, 0xfe, 0x5f,
    0xff, 0xff, 0x90, 0x0, 0x0, 0x0, 0x0, 0x0,
    0x0, 0x0, 0x0, 0xff, 0xff, 0xfe, 0x5f, 0xff,
    0xff, 0x90, 0x0, 0x0, 0x0, 0x0, 0x0, 0x0,
    0x0, 0x0, 0xff, 0xff, 0xfe, 0x5f, 0xff, 0xff,
    0x90, 0x0, 0x0, 0x0, 0x0, 0x0, 0x0, 0x0,
    0x0, 0xff, 0xff, 0xfe, 0x5f, 0xff, 0xff, 0x90,
    0x0, 0x0, 0x0, 0x0, 0x0, 0x0, 0x0, 0x0,
    0xff, 0xff, 0xfe, 0x5f, 0xff, 0xff, 0x90, 0x0,
    0x0, 0x0, 0x0, 0x0, 0x0, 0x0, 0x0, 0xff,
    0xff, 0xfe, 0x5f, 0xff, 0xff, 0x90, 0x0, 0x0,
    0x0, 0x0, 0x0, 0x0, 0x0, 0x0, 0xff, 0xff,
    0xfe, 0x5f, 0xff, 0xff, 0xff, 0xff, 0xff, 0xec,
    0x82, 0x0, 0x0, 0x0, 0x0, 0xff, 0xff, 0xfe,
    0x5f, 0xff, 0xff, 0xff, 0xff, 0xff, 0xff, 0xff,
    0xb1, 0x0, 0x0, 0x0, 0xff, 0xff, 0xfe, 0x5f,
    0xff, 0xff, 0xff, 0xff, 0xff, 0xff, 0xff, 0xfe,
    0x30, 0x0, 0x0, 0xff, 0xff, 0xfe, 0x5f, 0xff,
    0xff, 0xff, 0xff, 0xff, 0xff, 0xff, 0xff, 0xe1,
    0x0, 0x0, 0xff, 0xff, 0xfe, 0x5f, 0xff, 0xff,
    0xeb, 0xbb, 0xbc, 0xff, 0xff, 0xff, 0xfa, 0x0,
    0x0, 0xff, 0xff, 0xfe, 0x5f, 0xff, 0xff, 0x90,
    0x0, 0x0, 0x9, 0xff, 0xff, 0xff, 0x10, 0x0,
    0xff, 0xff, 0xfe, 0x5f, 0xff, 0xff, 0x90, 0x0,
    0x0, 0x0, 0xdf, 0xff, 0xff, 0x40, 0x0, 0xff,
    0xff, 0xfe, 0x5f, 0xff, 0xff, 0x90, 0x0, 0x0,
    0x0, 0x8f, 0xff, 0xff, 0x60, 0x0, 0xff, 0xff,
    0xfe, 0x5f, 0xff, 0xff, 0x90, 0x0, 0x0, 0x0,
    0x8f, 0xff, 0xff, 0x60, 0x0, 0xff, 0xff, 0xfe,
    0x5f, 0xff, 0xff, 0x90, 0x0, 0x0, 0x0, 0xcf,
    0xff, 0xff, 0x40, 0x0, 0xff, 0xff, 0xfe, 0x5f,
    0xff, 0xff, 0x90, 0x0, 0x0, 0x8, 0xff, 0xff,
    0xff, 0x0, 0x0, 0xff, 0xff, 0xfe, 0x5f, 0xff,
    0xff, 0xda, 0xaa, 0xab, 0xef, 0xff, 0xff, 0xfa,
    0x0, 0x0, 0xff, 0xff, 0xfe, 0x5f, 0xff, 0xff,
    0xff, 0xff, 0xff, 0xff, 0xff, 0xff, 0xe1, 0x0,
    0x0, 0xff, 0xff, 0xfe, 0x5f, 0xff, 0xff, 0xff,
    0xff, 0xff, 0xff, 0xff, 0xfe, 0x30, 0x0, 0x0,
    0xff, 0xff, 0xfe, 0x5f, 0xff, 0xff, 0xff, 0xff,
    0xff, 0xff, 0xff, 0xb1, 0x0, 0x0, 0x0, 0xff,
    0xff, 0xfe, 0x5f, 0xff, 0xff, 0xff, 0xff, 0xff,
    0xec, 0x82, 0x0, 0x0, 0x0, 0x0, 0xff, 0xff,
    0xfe,

    /* U+044C "ь" */
    0x5f, 0xff, 0xff, 0x90, 0x0, 0x0, 0x0, 0x0,
    0x0, 0x0, 0x5, 0xff, 0xff, 0xf9, 0x0, 0x0,
    0x0, 0x0, 0x0, 0x0, 0x0, 0x5f, 0xff, 0xff,
    0x90, 0x0, 0x0, 0x0, 0x0, 0x0, 0x0, 0x5,
    0xff, 0xff, 0xf9, 0x0, 0x0, 0x0, 0x0, 0x0,
    0x0, 0x0, 0x5f, 0xff, 0xff, 0x90, 0x0, 0x0,
    0x0, 0x0, 0x0, 0x0, 0x5, 0xff, 0xff, 0xf9,
    0x0, 0x0, 0x0, 0x0, 0x0, 0x0, 0x0, 0x5f,
    0xff, 0xff, 0x90, 0x0, 0x0, 0x0, 0x0, 0x0,
    0x0, 0x5, 0xff, 0xff, 0xff, 0xff, 0xff, 0xfe,
    0xc8, 0x20, 0x0, 0x0, 0x5f, 0xff, 0xff, 0xff,
    0xff, 0xff, 0xff, 0xff, 0xb1, 0x0, 0x5, 0xff,
    0xff, 0xff, 0xff, 0xff, 0xff, 0xff, 0xff, 0xe3,
    0x0, 0x5f, 0xff, 0xff, 0xff, 0xff, 0xff, 0xff,
    0xff, 0xff, 0xe1, 0x5, 0xff, 0xff, 0xfe, 0xbb,
    0xbb, 0xcf, 0xff, 0xff, 0xff, 0xa0, 0x5f, 0xff,
    0xff, 0x90, 0x0, 0x0, 0x9, 0xff, 0xff, 0xff,
    0x15, 0xff, 0xff, 0xf9, 0x0, 0x0, 0x0, 0xd,
    0xff, 0xff, 0xf4, 0x5f, 0xff, 0xff, 0x90, 0x0,
    0x0, 0x0, 0x8f, 0xff, 0xff, 0x65, 0xff, 0xff,
    0xf9, 0x0, 0x0, 0x0, 0x8, 0xff, 0xff, 0xf6,
    0x5f, 0xff, 0xff, 0x90, 0x0, 0x0, 0x0, 0xcf,
    0xff, 0xff, 0x45, 0xff, 0xff, 0xf9, 0x0, 0x0,
    0x0, 0x8f, 0xff, 0xff, 0xf0, 0x5f, 0xff, 0xff,
    0xda, 0xaa, 0xab, 0xef, 0xff, 0xff, 0xfa, 0x5,
    0xff, 0xff, 0xff, 0xff, 0xff, 0xff, 0xff, 0xff,
    0xfe, 0x10, 0x5f, 0xff, 0xff, 0xff, 0xff, 0xff,
    0xff, 0xff, 0xfe, 0x30, 0x5, 0xff, 0xff, 0xff,
    0xff, 0xff, 0xff, 0xff, 0xfb, 0x10, 0x0, 0x5f,
    0xff, 0xff, 0xff, 0xff, 0xff, 0xec, 0x82, 0x0,
    0x0, 0x0,

    /* U+044D "э" */
    0x0, 0x0, 0x4, 0xad, 0xff, 0xfc, 0x93, 0x0,
    0x0, 0x0, 0x0, 0x3, 0xdf, 0xff, 0xff, 0xff,
    0xff, 0xc2, 0x0, 0x0, 0x0, 0x5f, 0xff, 0xff,
    0xff, 0xff, 0xff, 0xff, 0x40, 0x0, 0x4, 0xff,
    0xff, 0xff, 0xff, 0xff, 0xff, 0xff, 0xf3, 0x0,
    0xd, 0xff, 0xff, 0xff, 0xcb, 0xdf, 0xff, 0xff,
    0xfd, 0x0, 0x5f, 0xff, 0xff, 0xd2, 0x0, 0x4,
    0xff, 0xff, 0xff, 0x70, 0x9f, 0xff, 0xff, 0x20,
    0x0, 0x0, 0x5f, 0xff, 0xff, 0xd0, 0x9e, 0xee,
    0xec, 0x0, 0x0, 0x0, 0xd, 0xff, 0xff, 0xf2,
    0x0, 0x0, 0x0, 0x0, 0x0, 0x0, 0x9, 0xff,
    0xff, 0xf6, 0x0, 0x0, 0x0, 0x3, 0x99, 0x99,
    0x9c, 0xff, 0xff, 0xf8, 0x0, 0x0, 0x0, 0x5,
    0xff, 0xff, 0xff, 0xff, 0xff, 0xf9, 0x0, 0x0,
    0x0, 0x5, 0xff, 0xff, 0xff, 0xff, 0xff, 0xfa,
    0x0, 0x0, 0x0, 0x5, 0xff, 0xff, 0xff, 0xff,
    0xff, 0xf9, 0x0, 0x0, 0x0, 0x0, 0x0, 0x0,
    0x6, 0xff, 0xff, 0xf8, 0x8c, 0xcc, 0xca, 0x0,
    0x0, 0x0, 0x9, 0xff, 0xff, 0xf6, 0xaf, 0xff,
    0xff, 0x0, 0x0, 0x0, 0xd, 0xff, 0xff, 0xf2,
    0x7f, 0xff, 0xff, 0x60, 0x0, 0x0, 0x5f, 0xff,
    0xff, 0xd0, 0x2f, 0xff, 0xff, 0xf4, 0x0, 0x4,
    0xff, 0xff, 0xff, 0x60, 0xc, 0xff, 0xff, 0xff,
    0xdb, 0xdf, 0xff, 0xff, 0xfd, 0x0, 0x2, 0xff,
    0xff, 0xff, 0xff, 0xff, 0xff, 0xff, 0xf3, 0x0,
    0x0, 0x4f, 0xff, 0xff, 0xff, 0xff, 0xff, 0xff,
    0x40, 0x0, 0x0, 0x3, 0xdf, 0xff, 0xff, 0xff,
    0xff, 0xc2, 0x0, 0x0, 0x0, 0x0, 0x4, 0xad,
    0xff, 0xfd, 0x93, 0x0, 0x0, 0x0,

    /* U+044E "ю" */
    0x3f, 0xff, 0xff, 0xb0, 0x0, 0x0, 0x0, 0x1,
    0x6b, 0xef, 0xfe, 0xc8, 0x30, 0x0, 0x0, 0x3,
    0xff, 0xff, 0xfb, 0x0, 0x0, 0x0, 0x7, 0xff,
    0xff, 0xff, 0xff, 0xff, 0xb2, 0x0, 0x0, 0x3f,
    0xff, 0xff, 0xb0, 0x0, 0x0, 0x1c, 0xff, 0xff,
    0xff, 0xff, 0xff, 0xff, 0xf4, 0x0, 0x3, 0xff,
    0xff, 0xfb, 0x0, 0x0, 0xc, 0xff, 0xff, 0xff,
    0xff, 0xff, 0xff, 0xff, 0xf3, 0x0, 0x3f, 0xff,
    0xff, 0xb0, 0x0, 0x8, 0xff, 0xff, 0xff, 0xfb,
    0xbe, 0xff, 0xff, 0xff, 0xe0, 0x3, 0xff, 0xff,
    0xfb, 0x0, 0x1, 0xff, 0xff, 0xff, 0xa1, 0x0,
    0x5, 0xff, 0xff, 0xff, 0x70, 0x3f, 0xff, 0xff,
    0xb0, 0x0, 0x8f, 0xff, 0xff, 0xc0, 0x0, 0x0,
    0x5, 0xff, 0xff, 0xfe, 0x3, 0xff, 0xff, 0xfb,
    0x0, 0xd, 0xff, 0xff, 0xf4, 0x0, 0x0, 0x0,
    0xd, 0xff, 0xff, 0xf3, 0x3f, 0xff, 0xff, 0xb0,
    0x0, 0xff, 0xff, 0xfe, 0x0, 0x0, 0x0, 0x0,
    0x8f, 0xff, 0xff, 0x73, 0xff, 0xff, 0xff, 0xff,
    0xff, 0xff, 0xff, 0xb0, 0x0, 0x0, 0x0, 0x5,
    0xff, 0xff, 0xf9, 0x3f, 0xff, 0xff, 0xff, 0xff,
    0xff, 0xff, 0xfa, 0x0, 0x0, 0x0, 0x0, 0x3f,
    0xff, 0xff, 0xa3, 0xff, 0xff, 0xff, 0xff, 0xff,
    0xff, 0xff, 0x90, 0x0, 0x0, 0x0, 0x3, 0xff,
    0xff, 0xfb, 0x3f, 0xff, 0xff, 0xff, 0xff, 0xff,
    0xff, 0xf9, 0x0, 0x0, 0x0, 0x0, 0x3f, 0xff,
    0xff, 0xa3, 0xff, 0xff, 0xfe, 0xbb, 0xcf, 0xff,
    0xff, 0xb0, 0x0, 0x0, 0x0, 0x5, 0xff, 0xff,
    0xf9, 0x3f, 0xff, 0xff, 0xb0, 0x0, 0xff, 0xff,
    0xfe, 0x0, 0x0, 0x0, 0x0, 0x8f, 0xff, 0xff,
    0x73, 0xff, 0xff, 0xfb, 0x0, 0xd, 0xff, 0xff,
    0xf3, 0x0, 0x0, 0x0, 0xd, 0xff, 0xff, 0xf3,
    0x3f, 0xff, 0xff, 0xb0, 0x0, 0x8f, 0xff, 0xff,
    0xb0, 0x0, 0x0, 0x5, 0xff, 0xff, 0xfe, 0x3,
    0xff, 0xff, 0xfb, 0x0, 0x1, 0xff, 0xff, 0xff,
    0xa1, 0x0, 0x5, 0xff, 0xff, 0xff, 0x70, 0x3f,
    0xff, 0xff, 0xb0, 0x0, 0x8, 0xff, 0xff, 0xff,
    0xfc, 0xbe, 0xff, 0xff, 0xff, 0xe0, 0x3, 0xff,
    0xff, 0xfb, 0x0, 0x0, 0xc, 0xff, 0xff, 0xff,
    0xff, 0xff, 0xff, 0xff, 0xf3, 0x0, 0x3f, 0xff,
    0xff, 0xb0, 0x0, 0x0, 0xc, 0xff, 0xff, 0xff,
    0xff, 0xff, 0xff, 0xf4, 0x0, 0x3, 0xff, 0xff,
    0xfb, 0x0, 0x0, 0x0, 0x7, 0xff, 0xff, 0xff,
    0xff, 0xff, 0xc2, 0x0, 0x0, 0x3f, 0xff, 0xff,
    0xb0, 0x0, 0x0, 0x0, 0x1, 0x6b, 0xef, 0xfe,
    0xc8, 0x30, 0x0, 0x0, 0x0,

    /* U+044F "я" */
    0x0, 0x0, 0x0, 0x38, 0xce, 0xff, 0xff, 0xff,
    0xff, 0xff, 0xc0, 0x0, 0x2, 0xbf, 0xff, 0xff,
    0xff, 0xff, 0xff, 0xff, 0xfc, 0x0, 0x4, 0xff,
    0xff, 0xff, 0xff, 0xff, 0xff, 0xff, 0xff, 0xc0,
    0x2, 0xff, 0xff, 0xff, 0xff, 0xff, 0xff, 0xff,
    0xff, 0xfc, 0x0, 0xbf, 0xff, 0xff, 0xfe, 0xba,
    0xaa, 0xbf, 0xff, 0xff, 0xc0, 0x1f, 0xff, 0xff,
    0xf9, 0x0, 0x0, 0x1, 0xff, 0xff, 0xfc, 0x5,
    0xff, 0xff, 0xfd, 0x0, 0x0, 0x0, 0x1f, 0xff,
    0xff, 0xc0, 0x6f, 0xff, 0xff, 0x80, 0x0, 0x0,
    0x1, 0xff, 0xff, 0xfc, 0x6, 0xff, 0xff, 0xf9,
    0x0, 0x0, 0x0, 0x1f, 0xff, 0xff, 0xc0, 0x3f,
    0xff, 0xff, 0xe1, 0x0, 0x0, 0x1, 0xff, 0xff,
    0xfc, 0x0, 0xdf, 0xff, 0xff, 0xc4, 0x0, 0x0,
    0x1f, 0xff, 0xff, 0xc0, 0x4, 0xff, 0xff, 0xff,
    0xff, 0xff, 0xff, 0xff, 0xff, 0xfc, 0x0, 0x7,
    0xff, 0xff, 0xff, 0xff, 0xff, 0xff, 0xff, 0xff,
    0xc0, 0x0, 0x4, 0xdf, 0xff, 0xff, 0xff, 0xff,
    0xff, 0xff, 0xfc, 0x0, 0x0, 0x7, 0xff, 0xff,
    0xff, 0xff, 0xff, 0xff, 0xff, 0xc0, 0x0, 0x0,
    0xef, 0xff, 0xfe, 0x21, 0x13, 0xff, 0xff, 0xfc,
    0x0, 0x0, 0x8f, 0xff, 0xff, 0x70, 0x0, 0x1f,
    0xff, 0xff, 0xc0, 0x0, 0x1f, 0xff, 0xff, 0xd0,
    0x0, 0x1, 0xff, 0xff, 0xfc, 0x0, 0xa, 0xff,
    0xff, 0xf5, 0x0, 0x0, 0x1f, 0xff, 0xff, 0xc0,
    0x2, 0xff, 0xff, 0xfc, 0x0, 0x0, 0x1, 0xff,
    0xff, 0xfc, 0x0, 0xbf, 0xff, 0xff, 0x40, 0x0,
    0x0, 0x1f, 0xff, 0xff, 0xc0, 0x4f, 0xff, 0xff,
    0xb0, 0x0, 0x0, 0x1, 0xff, 0xff, 0xfc, 0xc,
    0xff, 0xff, 0xf2, 0x0, 0x0, 0x0, 0x1f, 0xff,
    0xff, 0xc0,

    /* U+0451 "ё" */
    0x0, 0x8, 0xef, 0xa0, 0x0, 0x0, 0x7, 0xef,
    0xa1, 0x0, 0x0, 0x6, 0xff, 0xff, 0xa0, 0x0,
    0x6, 0xff, 0xff, 0xb0, 0x0, 0x0, 0xbf, 0xff,
    0xfe, 0x0, 0x0, 0xaf, 0xff, 0xff, 0x0, 0x0,
    0x8, 0xff, 0xff, 0xb0, 0x0, 0x7, 0xff, 0xff,
    0xc0, 0x0, 0x0, 0xb, 0xff, 0xd2, 0x0, 0x0,
    0xb, 0xff, 0xe2, 0x0, 0x0, 0x0, 0x2, 0x20,
    0x0, 0x0, 0x0, 0x1, 0x20, 0x0, 0x0, 0x0,
    0x0, 0x0, 0x0, 0x0, 0x0, 0x0, 0x0, 0x0,
    0x0, 0x0, 0x0, 0x0, 0x2, 0x8c, 0xef, 0xfe,
    0xb6, 0x10, 0x0, 0x0, 0x0, 0x0, 0x1a, 0xff,
    0xff, 0xff, 0xff, 0xff, 0x70, 0x0, 0x0, 0x0,
    0x2e, 0xff, 0xff, 0xff, 0xff, 0xff, 0xff, 0xa0,
    0x0, 0x0, 0x1e, 0xff, 0xff, 0xff, 0xff, 0xff,
    0xff, 0xff, 0x80, 0x0, 0xb, 0xff, 0xff, 0xff,
    0xeb, 0xbf, 0xff, 0xff, 0xff, 0x30, 0x4, 0xff,
    0xff, 0xff, 0x60, 0x0, 0x8, 0xff, 0xff, 0xfa,
    0x0, 0xbf, 0xff, 0xff, 0x80, 0x0, 0x0, 0xb,
    0xff, 0xff, 0xf0, 0xf, 0xff, 0xff, 0xf0, 0x0,
    0x0, 0x0, 0x5f, 0xff, 0xff, 0x44, 0xff, 0xff,
    0xfb, 0x0, 0x0, 0x0, 0x3, 0xff, 0xff, 0xf7,
    0x6f, 0xff, 0xff, 0xff, 0xff, 0xff, 0xff, 0xff,
    0xff, 0xff, 0x98, 0xff, 0xff, 0xff, 0xff, 0xff,
    0xff, 0xff, 0xff, 0xff, 0xf9, 0x8f, 0xff, 0xff,
    0xff, 0xff, 0xff, 0xff, 0xff, 0xff, 0xff, 0x98,
    0xff, 0xff, 0xff, 0xff, 0xff, 0xff, 0xff, 0xff,
    0xff, 0xf9, 0x7f, 0xff, 0xff, 0x70, 0x0, 0x0,
    0x0, 0x0, 0x0, 0x0, 0x5, 0xff, 0xff, 0xfb,
    0x0, 0x0, 0x0, 0x0, 0x0, 0x0, 0x0, 0x1f,
    0xff, 0xff, 0xf2, 0x0, 0x0, 0x0, 0x0, 0x1,
    0x0, 0x0, 0xbf, 0xff, 0xff, 0xc0, 0x0, 0x0,
    0x0, 0x8, 0xe1, 0x0, 0x4, 0xff, 0xff, 0xff,
    0xc3, 0x0, 0x0, 0x3b, 0xff, 0xd0, 0x0, 0xa,
    0xff, 0xff, 0xff, 0xfd, 0xbb, 0xef, 0xff, 0xff,
    0xb0, 0x0, 0x1d, 0xff, 0xff, 0xff, 0xff, 0xff,
    0xff, 0xff, 0xfa, 0x0, 0x0, 0x1c, 0xff, 0xff,
    0xff, 0xff, 0xff, 0xff, 0xfa, 0x0, 0x0, 0x0,
    0x7, 0xff, 0xff, 0xff, 0xff, 0xff, 0xe5, 0x0,
    0x0, 0x0, 0x0, 0x0, 0x6a, 0xdf, 0xff, 0xda,
    0x50, 0x0, 0x0
};


/*---------------------
 *  GLYPH DESCRIPTION
 *--------------------*/

static const lv_font_fmt_txt_glyph_dsc_t glyph_dsc[] = {
    {.bitmap_index = 0, .adv_w = 0, .box_w = 0, .box_h = 0, .ofs_x = 0, .ofs_y = 0} /* id = 0 reserved */,
    {.bitmap_index = 0, .adv_w = 167, .box_w = 0, .box_h = 0, .ofs_x = 0, .ofs_y = 0},
    {.bitmap_index = 0, .adv_w = 182, .box_w = 8, .box_h = 30, .ofs_x = 2, .ofs_y = 0},
    {.bitmap_index = 120, .adv_w = 214, .box_w = 12, .box_h = 12, .ofs_x = 1, .ofs_y = 20},
    {.bitmap_index = 192, .adv_w = 398, .box_w = 24, .box_h = 30, .ofs_x = 1, .ofs_y = 0},
    {.bitmap_index = 552, .adv_w = 386, .box_w = 22, .box_h = 40, .ofs_x = 1, .ofs_y = -4},
    {.bitmap_index = 992, .adv_w = 497, .box_w = 29, .box_h = 30, .ofs_x = 1, .ofs_y = 0},
    {.bitmap_index = 1427, .adv_w = 442, .box_w = 27, .box_h = 30, .ofs_x = 1, .ofs_y = 0},
    {.bitmap_index = 1832, .adv_w = 108, .box_w = 5, .box_h = 12, .ofs_x = 1, .ofs_y = 20},
    {.bitmap_index = 1862, .adv_w = 235, .box_w = 12, .box_h = 44, .ofs_x = 2, .ofs_y = -10},
    {.bitmap_index = 2126, .adv_w = 236, .box_w = 13, .box_h = 44, .ofs_x = 0, .ofs_y = -10},
    {.bitmap_index = 2412, .adv_w = 305, .box_w = 19, .box_h = 19, .ofs_x = 0, .ofs_y = 11},
    {.bitmap_index = 2593, .adv_w = 366, .box_w = 21, .box_h = 23, .ofs_x = 1, .ofs_y = 3},
    {.bitmap_index = 2835, .adv_w = 165, .box_w = 8, .box_h = 13, .ofs_x = 0, .ofs_y = -8},
    {.bitmap_index = 2887, .adv_w = 265, .box_w = 12, .box_h = 5, .ofs_x = 2, .ofs_y = 11},
    {.bitmap_index = 2917, .adv_w = 195, .box_w = 8, .box_h = 7, .ofs_x = 2, .ofs_y = 0},
    {.bitmap_index = 2945, .adv_w = 249, .box_w = 17, .box_h = 33, .ofs_x = -1, .ofs_y = -3},
    {.bitmap_index = 3226, .adv_w = 386, .box_w = 22, .box_h = 30, .ofs_x = 1, .ofs_y = 0},
    {.bitmap_index = 3556, .adv_w = 386, .box_w = 14, .box_h = 30, .ofs_x = 3, .ofs_y = 0},
    {.bitmap_index = 3766, .adv_w = 386, .box_w = 22, .box_h = 30, .ofs_x = 1, .ofs_y = 0},
    {.bitmap_index = 4096, .adv_w = 386, .box_w = 22, .box_h = 30, .ofs_x = 1, .ofs_y = 0},
    {.bitmap_index = 4426, .adv_w = 386, .box_w = 22, .box_h = 30, .ofs_x = 1, .ofs_y = 0},
    {.bitmap_index = 4756, .adv_w = 386, .box_w = 21, .box_h = 30, .ofs_x = 2, .ofs_y = 0},
    {.bitmap_index = 5071, .adv_w = 386, .box_w = 21, .box_h = 30, .ofs_x = 2, .ofs_y = 0},
    {.bitmap_index = 5386, .adv_w = 386, .box_w = 22, .box_h = 30, .ofs_x = 1, .ofs_y = 0},
    {.bitmap_index = 5716, .adv_w = 386, .box_w = 22, .box_h = 30, .ofs_x = 1, .ofs_y = 0},
    {.bitmap_index = 6046, .adv_w = 386, .box_w = 21, .box_h = 30, .ofs_x = 1, .ofs_y = 0},
    {.bitmap_index = 6361, .adv_w = 189, .box_w = 8, .box_h = 23, .ofs_x = 2, .ofs_y = 0},
    {.bitmap_index = 6453, .adv_w = 177, .box_w = 8, .box_h = 31, .ofs_x = 1, .ofs_y = -8},
    {.bitmap_index = 6577, .adv_w = 343, .box_w = 18, .box_h = 21, .ofs_x = 1, .ofs_y = 2},
    {.bitmap_index = 6766, .adv_w = 386, .box_w = 20, .box_h = 14, .ofs_x = 2, .ofs_y = 7},
    {.bitmap_index = 6906, .adv_w = 347, .box_w = 19, .box_h = 21, .ofs_x = 2, .ofs_y = 2},
    {.bitmap_index = 7106, .adv_w = 334, .box_w = 20, .box_h = 30, .ofs_x = 0, .ofs_y = 0},
    {.bitmap_index = 7406, .adv_w = 602, .box_w = 35, .box_h = 39, .ofs_x = 1, .ofs_y = -9},
    {.bitmap_index = 8089, .adv_w = 452, .box_w = 29, .box_h = 30, .ofs_x = 0, .ofs_y = 0},
    {.bitmap_index = 8524, .adv_w = 429, .box_w = 23, .box_h = 30, .ofs_x = 2, .ofs_y = 0},
    {.bitmap_index = 8869, .adv_w = 440, .box_w = 26, .box_h = 30, .ofs_x = 1, .ofs_y = 0},
    {.bitmap_index = 9259, .adv_w = 437, .box_w = 24, .box_h = 30, .ofs_x = 2, .ofs_y = 0},
    {.bitmap_index = 9619, .adv_w = 378, .box_w = 21, .box_h = 30, .ofs_x = 2, .ofs_y = 0},
    {.bitmap_index = 9934, .adv_w = 369, .box_w = 21, .box_h = 30, .ofs_x = 2, .ofs_y = 0},
    {.bitmap_index = 10249, .adv_w = 458, .box_w = 26, .box_h = 30, .ofs_x = 1, .ofs_y = 0},
    {.bitmap_index = 10639, .adv_w = 474, .box_w = 25, .box_h = 30, .ofs_x = 2, .ofs_y = 0},
    {.bitmap_index = 11014, .adv_w = 197, .box_w = 7, .box_h = 30, .ofs_x = 3, .ofs_y = 0},
    {.bitmap_index = 11119, .adv_w = 375, .box_w = 21, .box_h = 30, .ofs_x = 0, .ofs_y = 0},
    {.bitmap_index = 11434, .adv_w = 427, .box_w = 25, .box_h = 30, .ofs_x = 2, .ofs_y = 0},
    {.bitmap_index = 11809, .adv_w = 364, .box_w = 20, .box_h = 30, .ofs_x = 2, .ofs_y = 0},
    {.bitmap_index = 12109, .adv_w = 588, .box_w = 33, .box_h = 30, .ofs_x = 2, .ofs_y = 0},
    {.bitmap_index = 12604, .adv_w = 474, .box_w = 25, .box_h = 30, .ofs_x = 2, .ofs_y = 0},
    {.bitmap_index = 12979, .adv_w = 463, .box_w = 27, .box_h = 30, .ofs_x = 1, .ofs_y = 0},
    {.bitmap_index = 13384, .adv_w = 433, .box_w = 24, .box_h = 30, .ofs_x = 2, .ofs_y = 0},
    {.bitmap_index = 13744, .adv_w = 463, .box_w = 27, .box_h = 35, .ofs_x = 1, .ofs_y = -5},
    {.bitmap_index = 14217, .adv_w = 431, .box_w = 24, .box_h = 30, .ofs_x = 2, .ofs_y = 0},
    {.bitmap_index = 14577, .adv_w = 414, .box_w = 24, .box_h = 30, .ofs_x = 1, .ofs_y = 0},
    {.bitmap_index = 14937, .adv_w = 416, .box_w = 26, .box_h = 30, .ofs_x = 0, .ofs_y = 0},
    {.bitmap_index = 15327, .adv_w = 443, .box_w = 24, .box_h = 30, .ofs_x = 2, .ofs_y = 0},
    {.bitmap_index = 15687, .adv_w = 439, .box_w = 28, .box_h = 30, .ofs_x = 0, .ofs_y = 0},
    {.bitmap_index = 16107, .adv_w = 588, .box_w = 37, .box_h = 30, .ofs_x = 0, .ofs_y = 0},
    {.bitmap_index = 16662, .adv_w = 427, .box_w = 27, .box_h = 30, .ofs_x = 0, .ofs_y = 0},
    {.bitmap_index = 17067, .adv_w = 416, .box_w = 26, .box_h = 30, .ofs_x = 0, .ofs_y = 0},
    {.bitmap_index = 17457, .adv_w = 408, .box_w = 24, .box_h = 30, .ofs_x = 1, .ofs_y = 0},
    {.bitmap_index = 17817, .adv_w = 186, .box_w = 10, .box_h = 43, .ofs_x = 2, .ofs_y = -7},
    {.bitmap_index = 18032, .adv_w = 283, .box_w = 20, .box_h = 33, .ofs_x = -1, .ofs_y = -3},
    {.bitmap_index = 18362, .adv_w = 186, .box_w = 10, .box_h = 43, .ofs_x = 0, .ofs_y = -7},
    {.bitmap_index = 18577, .adv_w = 294, .box_w = 18, .box_h = 15, .ofs_x = 0, .ofs_y = 15},
    {.bitmap_index = 18712, .adv_w = 299, .box_w = 19, .box_h = 5, .ofs_x = 0, .ofs_y = -5},
    {.bitmap_index = 18760, .adv_w = 222, .box_w = 11, .box_h = 7, .ofs_x = 1, .ofs_y = 26},
    {.bitmap_index = 18799, .adv_w = 360, .box_w = 21, .box_h = 23, .ofs_x = 1, .ofs_y = 0},
    {.bitmap_index = 19041, .adv_w = 378, .box_w = 21, .box_h = 32, .ofs_x = 2, .ofs_y = 0},
    {.bitmap_index = 19377, .adv_w = 350, .box_w = 20, .box_h = 23, .ofs_x = 1, .ofs_y = 0},
    {.bitmap_index = 19607, .adv_w = 378, .box_w = 21, .box_h = 32, .ofs_x = 1, .ofs_y = 0},
    {.bitmap_index = 19943, .adv_w = 363, .box_w = 21, .box_h = 23, .ofs_x = 1, .ofs_y = 0},
    {.bitmap_index = 20185, .adv_w = 241, .box_w = 16, .box_h = 33, .ofs_x = 0, .ofs_y = 0},
    {.bitmap_index = 20449, .adv_w = 384, .box_w = 21, .box_h = 32, .ofs_x = 1, .ofs_y = -9},
    {.bitmap_index = 20785, .adv_w = 376, .box_w = 20, .box_h = 32, .ofs_x = 2, .ofs_y = 0},
    {.bitmap_index = 21105, .adv_w = 178, .box_w = 7, .box_h = 32, .ofs_x = 2, .ofs_y = 0},
    {.bitmap_index = 21217, .adv_w = 175, .box_w = 12, .box_h = 41, .ofs_x = -3, .ofs_y = -9},
    {.bitmap_index = 21463, .adv_w = 359, .box_w = 21, .box_h = 32, .ofs_x = 2, .ofs_y = 0},
    {.bitmap_index = 21799, .adv_w = 178, .box_w = 7, .box_h = 32, .ofs_x = 2, .ofs_y = 0},
    {.bitmap_index = 21911, .adv_w = 582, .box_w = 33, .box_h = 23, .ofs_x = 2, .ofs_y = 0},
    {.bitmap_index = 22291, .adv_w = 377, .box_w = 20, .box_h = 23, .ofs_x = 2, .ofs_y = 0},
    {.bitmap_index = 22521, .adv_w = 379, .box_w = 22, .box_h = 23, .ofs_x = 1, .ofs_y = 0},
    {.bitmap_index = 22774, .adv_w = 378, .box_w = 21, .box_h = 32, .ofs_x = 2, .ofs_y = -9},
    {.bitmap_index = 23110, .adv_w = 379, .box_w = 21, .box_h = 32, .ofs_x = 1, .ofs_y = -9},
    {.bitmap_index = 23446, .adv_w = 246, .box_w = 13, .box_h = 23, .ofs_x = 2, .ofs_y = 0},
    {.bitmap_index = 23596, .adv_w = 345, .box_w = 20, .box_h = 23, .ofs_x = 1, .ofs_y = 0},
    {.bitmap_index = 23826, .adv_w = 227, .box_w = 14, .box_h = 29, .ofs_x = 0, .ofs_y = 0},
    {.bitmap_index = 24029, .adv_w = 376, .box_w = 20, .box_h = 23, .ofs_x = 2, .ofs_y = 0},
    {.bitmap_index = 24259, .adv_w = 340, .box_w = 21, .box_h = 23, .ofs_x = 0, .ofs_y = 0},
    {.bitmap_index = 24501, .adv_w = 494, .box_w = 31, .box_h = 23, .ofs_x = 0, .ofs_y = 0},
    {.bitmap_index = 24858, .adv_w = 342, .box_w = 22, .box_h = 23, .ofs_x = 0, .ofs_y = 0},
    {.bitmap_index = 25111, .adv_w = 338, .box_w = 22, .box_h = 32, .ofs_x = 0, .ofs_y = -9},
    {.bitmap_index = 25463, .adv_w = 342, .box_w = 19, .box_h = 23, .ofs_x = 1, .ofs_y = 0},
    {.bitmap_index = 25682, .adv_w = 221, .box_w = 14, .box_h = 42, .ofs_x = 0, .ofs_y = -8},
    {.bitmap_index = 25976, .adv_w = 169, .box_w = 5, .box_h = 37, .ofs_x = 3, .ofs_y = -7},
    {.bitmap_index = 26069, .adv_w = 221, .box_w = 13, .box_h = 42, .ofs_x = 0, .ofs_y = -8},
    {.bitmap_index = 26342, .adv_w = 435, .box_w = 23, .box_h = 9, .ofs_x = 2, .ofs_y = 8},
    {.bitmap_index = 26446, .adv_w = 262, .box_w = 12, .box_h = 12, .ofs_x = 2, .ofs_y = 19},
    {.bitmap_index = 26518, .adv_w = 378, .box_w = 21, .box_h = 38, .ofs_x = 2, .ofs_y = 0},
    {.bitmap_index = 26917, .adv_w = 452, .box_w = 29, .box_h = 30, .ofs_x = 0, .ofs_y = 0},
    {.bitmap_index = 27352, .adv_w = 421, .box_w = 23, .box_h = 30, .ofs_x = 2, .ofs_y = 0},
    {.bitmap_index = 27697, .adv_w = 429, .box_w = 23, .box_h = 30, .ofs_x = 2, .ofs_y = 0},
    {.bitmap_index = 28042, .adv_w = 374, .box_w = 21, .box_h = 30, .ofs_x = 2, .ofs_y = 0},
    {.bitmap_index = 28357, .adv_w = 501, .box_w = 31, .box_h = 38, .ofs_x = 0, .ofs_y = -8},
    {.bitmap_index = 28946, .adv_w = 378, .box_w = 21, .box_h = 30, .ofs_x = 2, .ofs_y = 0},
    {.bitmap_index = 29261, .adv_w = 672, .box_w = 42, .box_h = 30, .ofs_x = 0, .ofs_y = 0},
    {.bitmap_index = 29891, .adv_w = 415, .box_w = 24, .box_h = 30, .ofs_x = 1, .ofs_y = 0},
    {.bitmap_index = 30251, .adv_w = 470, .box_w = 25, .box_h = 30, .ofs_x = 2, .ofs_y = 0},
    {.bitmap_index = 30626, .adv_w = 470, .box_w = 25, .box_h = 39, .ofs_x = 2, .ofs_y = 0},
    {.bitmap_index = 31114, .adv_w = 434, .box_w = 26, .box_h = 30, .ofs_x = 2, .ofs_y = 0},
    {.bitmap_index = 31504, .adv_w = 474, .box_w = 27, .box_h = 30, .ofs_x = 0, .ofs_y = 0},
    {.bitmap_index = 31909, .adv_w = 588, .box_w = 33, .box_h = 30, .ofs_x = 2, .ofs_y = 0},
    {.bitmap_index = 32404, .adv_w = 474, .box_w = 25, .box_h = 30, .ofs_x = 2, .ofs_y = 0},
    {.bitmap_index = 32779, .adv_w = 463, .box_w = 27, .box_h = 30, .ofs_x = 1, .ofs_y = 0},
    {.bitmap_index = 33184, .adv_w = 475, .box_w = 25, .box_h = 30, .ofs_x = 2, .ofs_y = 0},
    {.bitmap_index = 33559, .adv_w = 433, .box_w = 24, .box_h = 30, .ofs_x = 2, .ofs_y = 0},
    {.bitmap_index = 33919, .adv_w = 440, .box_w = 26, .box_h = 30, .ofs_x = 1, .ofs_y = 0},
    {.bitmap_index = 34309, .adv_w = 416, .box_w = 26, .box_h = 30, .ofs_x = 0, .ofs_y = 0},
    {.bitmap_index = 34699, .adv_w = 424, .box_w = 26, .box_h = 30, .ofs_x = 0, .ofs_y = 0},
    {.bitmap_index = 35089, .adv_w = 549, .box_w = 32, .box_h = 33, .ofs_x = 1, .ofs_y = -1},
    {.bitmap_index = 35617, .adv_w = 427, .box_w = 27, .box_h = 30, .ofs_x = 0, .ofs_y = 0},
    {.bitmap_index = 36022, .adv_w = 510, .box_w = 29, .box_h = 38, .ofs_x = 2, .ofs_y = -8},
    {.bitmap_index = 36573, .adv_w = 467, .box_w = 25, .box_h = 30, .ofs_x = 2, .ofs_y = 0},
    {.bitmap_index = 36948, .adv_w = 644, .box_w = 36, .box_h = 30, .ofs_x = 2, .ofs_y = 0},
    {.bitmap_index = 37488, .adv_w = 686, .box_w = 40, .box_h = 38, .ofs_x = 2, .ofs_y = -8},
    {.bitmap_index = 38248, .adv_w = 519, .box_w = 32, .box_h = 30, .ofs_x = 0, .ofs_y = 0},
    {.bitmap_index = 38728, .adv_w = 584, .box_w = 32, .box_h = 30, .ofs_x = 2, .ofs_y = 0},
    {.bitmap_index = 39208, .adv_w = 420, .box_w = 23, .box_h = 30, .ofs_x = 2, .ofs_y = 0},
    {.bitmap_index = 39553, .adv_w = 436, .box_w = 25, .box_h = 30, .ofs_x = 1, .ofs_y = 0},
    {.bitmap_index = 39928, .adv_w = 636, .box_w = 36, .box_h = 30, .ofs_x = 2, .ofs_y = 0},
    {.bitmap_index = 40468, .adv_w = 399, .box_w = 24, .box_h = 30, .ofs_x = -1, .ofs_y = 0},
    {.bitmap_index = 40828, .adv_w = 360, .box_w = 21, .box_h = 23, .ofs_x = 1, .ofs_y = 0},
    {.bitmap_index = 41070, .adv_w = 383, .box_w = 22, .box_h = 33, .ofs_x = 1, .ofs_y = 0},
    {.bitmap_index = 41433, .adv_w = 380, .box_w = 21, .box_h = 23, .ofs_x = 2, .ofs_y = 0},
    {.bitmap_index = 41675, .adv_w = 282, .box_w = 16, .box_h = 23, .ofs_x = 2, .ofs_y = 0},
    {.bitmap_index = 41859, .adv_w = 424, .box_w = 26, .box_h = 30, .ofs_x = 0, .ofs_y = -7},
    {.bitmap_index = 42249, .adv_w = 363, .box_w = 21, .box_h = 23, .ofs_x = 1, .ofs_y = 0},
    {.bitmap_index = 42491, .adv_w = 577, .box_w = 36, .box_h = 23, .ofs_x = 0, .ofs_y = 0},
    {.bitmap_index = 42905, .adv_w = 346, .box_w = 20, .box_h = 23, .ofs_x = 1, .ofs_y = 0},
    {.bitmap_index = 43135, .adv_w = 381, .box_w = 20, .box_h = 23, .ofs_x = 2, .ofs_y = 0},
    {.bitmap_index = 43365, .adv_w = 381, .box_w = 20, .box_h = 32, .ofs_x = 2, .ofs_y = 0},
    {.bitmap_index = 43685, .adv_w = 378, .box_w = 22, .box_h = 23, .ofs_x = 2, .ofs_y = 0},
    {.bitmap_index = 43938, .adv_w = 381, .box_w = 22, .box_h = 23, .ofs_x = 0, .ofs_y = 0},
    {.bitmap_index = 44191, .adv_w = 510, .box_w = 28, .box_h = 23, .ofs_x = 2, .ofs_y = 0},
    {.bitmap_index = 44513, .adv_w = 380, .box_w = 20, .box_h = 23, .ofs_x = 2, .ofs_y = 0},
    {.bitmap_index = 44743, .adv_w = 379, .box_w = 22, .box_h = 23, .ofs_x = 1, .ofs_y = 0},
    {.bitmap_index = 44996, .adv_w = 381, .box_w = 20, .box_h = 23, .ofs_x = 2, .ofs_y = 0},
    {.bitmap_index = 45226, .adv_w = 378, .box_w = 21, .box_h = 32, .ofs_x = 2, .ofs_y = -9},
    {.bitmap_index = 45562, .adv_w = 350, .box_w = 20, .box_h = 23, .ofs_x = 1, .ofs_y = 0},
    {.bitmap_index = 45792, .adv_w = 343, .box_w = 21, .box_h = 23, .ofs_x = 0, .ofs_y = 0},
    {.bitmap_index = 46034, .adv_w = 338, .box_w = 22, .box_h = 32, .ofs_x = 0, .ofs_y = -9},
    {.bitmap_index = 46386, .adv_w = 492, .box_w = 29, .box_h = 41, .ofs_x = 1, .ofs_y = -9},
    {.bitmap_index = 46981, .adv_w = 342, .box_w = 22, .box_h = 23, .ofs_x = 0, .ofs_y = 0},
    {.bitmap_index = 47234, .adv_w = 409, .box_w = 23, .box_h = 30, .ofs_x = 2, .ofs_y = -7},
    {.bitmap_index = 47579, .adv_w = 372, .box_w = 20, .box_h = 23, .ofs_x = 1, .ofs_y = 0},
    {.bitmap_index = 47809, .adv_w = 556, .box_w = 31, .box_h = 23, .ofs_x = 2, .ofs_y = 0},
    {.bitmap_index = 48166, .adv_w = 606, .box_w = 35, .box_h = 30, .ofs_x = 2, .ofs_y = -7},
    {.bitmap_index = 48691, .adv_w = 442, .box_w = 27, .box_h = 23, .ofs_x = 0, .ofs_y = 0},
    {.bitmap_index = 49002, .adv_w = 557, .box_w = 30, .box_h = 23, .ofs_x = 2, .ofs_y = 0},
    {.bitmap_index = 49347, .adv_w = 375, .box_w = 21, .box_h = 23, .ofs_x = 2, .ofs_y = 0},
    {.bitmap_index = 49589, .adv_w = 349, .box_w = 20, .box_h = 23, .ofs_x = 1, .ofs_y = 0},
    {.bitmap_index = 49819, .adv_w = 545, .box_w = 31, .box_h = 23, .ofs_x = 2, .ofs_y = 0},
    {.bitmap_index = 50176, .adv_w = 376, .box_w = 21, .box_h = 23, .ofs_x = 0, .ofs_y = 0},
    {.bitmap_index = 50418, .adv_w = 363, .box_w = 21, .box_h = 30, .ofs_x = 1, .ofs_y = 0}
};

/*---------------------
 *  CHARACTER MAPPING
 *--------------------*/

static const uint16_t unicode_list_1[] = {
    0x0, 0x351
};

/*Collect the unicode lists and glyph_id offsets*/
static const lv_font_fmt_txt_cmap_t cmaps[] =
{
    {
        .range_start = 32, .range_length = 95, .glyph_id_start = 1,
        .unicode_list = NULL, .glyph_id_ofs_list = NULL, .list_length = 0, .type = LV_FONT_FMT_TXT_CMAP_FORMAT0_TINY
    },
    {
        .range_start = 176, .range_length = 850, .glyph_id_start = 96,
        .unicode_list = unicode_list_1, .glyph_id_ofs_list = NULL, .list_length = 2, .type = LV_FONT_FMT_TXT_CMAP_SPARSE_TINY
    },
    {
        .range_start = 1040, .range_length = 64, .glyph_id_start = 98,
        .unicode_list = NULL, .glyph_id_ofs_list = NULL, .list_length = 0, .type = LV_FONT_FMT_TXT_CMAP_FORMAT0_TINY
    },
    {
        .range_start = 1105, .range_length = 1, .glyph_id_start = 162,
        .unicode_list = NULL, .glyph_id_ofs_list = NULL, .list_length = 0, .type = LV_FONT_FMT_TXT_CMAP_FORMAT0_TINY
    }
};

/*-----------------
 *    KERNING
 *----------------*/


/*Pair left and right glyphs for kerning*/
static const uint8_t kern_pair_glyph_ids[] =
{
    3, 3,
    3, 8,
    8, 3,
    8, 8,
    13, 3,
    13, 8,
    15, 3,
    15, 8,
    16, 16
};

/* Kerning between the respective left and right glyphs
 * 4.4 format which needs to scaled with `kern_scale`*/
static const int8_t kern_pair_values[] =
{
    -20, -20, -20, -20, -81, -81, -81, -81,
    -79
};

/*Collect the kern pair's data in one place*/
static const lv_font_fmt_txt_kern_pair_t kern_pairs =
{
    .glyph_ids = kern_pair_glyph_ids,
    .values = kern_pair_values,
    .pair_cnt = 9,
    .glyph_ids_size = 0
};

/*--------------------
 *  ALL CUSTOM DATA
 *--------------------*/

#if LVGL_VERSION_MAJOR == 8
/*Store all the custom data of the font*/
static  lv_font_fmt_txt_glyph_cache_t cache;
#endif

#if LVGL_VERSION_MAJOR >= 8
static const lv_font_fmt_txt_dsc_t font_dsc = {
#else
static lv_font_fmt_txt_dsc_t font_dsc = {
#endif
    .glyph_bitmap = glyph_bitmap,
    .glyph_dsc = glyph_dsc,
    .cmaps = cmaps,
    .kern_dsc = &kern_pairs,
    .kern_scale = 16,
    .cmap_num = 4,
    .bpp = 4,
    .kern_classes = 0,
    .bitmap_format = 0,
#if LVGL_VERSION_MAJOR == 8
    .cache = &cache
#endif
};



/*-----------------
 *  PUBLIC FONT
 *----------------*/

/*Initialize a public general font descriptor*/
#if LVGL_VERSION_MAJOR >= 8
const lv_font_t ui_font_roboto42 = {
#else
lv_font_t ui_font_roboto42 = {
#endif
    .get_glyph_dsc = lv_font_get_glyph_dsc_fmt_txt,    /*Function pointer to get glyph's data*/
    .get_glyph_bitmap = lv_font_get_bitmap_fmt_txt,    /*Function pointer to get glyph's bitmap*/
    .line_height = 49,          /*The maximum line height required by the font*/
    .base_line = 10,             /*Baseline measured from the bottom of the line*/
#if !(LVGL_VERSION_MAJOR == 6 && LVGL_VERSION_MINOR == 0)
    .subpx = LV_FONT_SUBPX_NONE,
#endif
#if LV_VERSION_CHECK(7, 4, 0) || LVGL_VERSION_MAJOR >= 8
    .underline_position = -3,
    .underline_thickness = 2,
#endif
    .dsc = &font_dsc,          /*The custom font data. Will be accessed by `get_glyph_bitmap/dsc` */
#if LV_VERSION_CHECK(8, 2, 0) || LVGL_VERSION_MAJOR >= 9
    .fallback = NULL,
#endif
    .user_data = NULL,
};



#endif /*#if UI_FONT_ROBOTO42*/

