/*******************************************************************************
 * Size: 48 px
 * Bpp: 4
 * Opts: --bpp 4 --size 48 --font
 * /Users/jeka/Documents/Arduino/Clock_ESP32/assets/7fonts.ru_digital-7.ttf -o
 * /Users/jeka/Documents/Arduino/Clock_ESP32/assets/ui_font_digital48.c --format
 *lvgl -r 0x20-0x7f --no-compress --no-prefilter
 ******************************************************************************/

#include "ui.h"

#ifndef UI_FONT_DIGITAL48
#define UI_FONT_DIGITAL48 1
#endif

#if UI_FONT_DIGITAL48

/*-----------------
 *    BITMAPS
 *----------------*/

/*Store the image of the glyphs*/
static LV_ATTRIBUTE_LARGE_CONST const uint8_t glyph_bitmap[] = {
    /* U+0020 " " */

    /* U+0021 "!" */
    0x8, 0x60, 0xf, 0xf4, 0x6f, 0xfa, 0xbf, 0xfa, 0xdf, 0xfa, 0xdf, 0xfa, 0xdf,
    0xfa, 0xdf, 0xfa, 0xdf, 0xfa, 0xdf, 0xfa, 0xdf, 0xfa, 0xdf, 0xfa, 0xdf,
    0xfa, 0x5f, 0xfa, 0x5, 0xfa, 0x0, 0x51, 0x0, 0x20, 0x3, 0xe9, 0x2e, 0xfa,
    0xcf, 0xfa, 0xdf, 0xfa, 0xdf, 0xfa, 0xdf, 0xfa, 0xdf, 0xfa, 0xdf, 0xfa, 0x0,
    0x0, 0x0, 0x0, 0x0, 0x0, 0x79, 0x96, 0xdf, 0xfa, 0xdf, 0xfa, 0xdf, 0xfa,

    /* U+0022 "\"" */
    0xdf, 0xfa, 0x0, 0xc, 0xff, 0xbd, 0xff, 0xa0, 0x0, 0xcf, 0xfb, 0xdf, 0xfa,
    0x0, 0xc, 0xff, 0xbd, 0xff, 0xa0, 0x0, 0xcf, 0xfb, 0xdf, 0xfa, 0x0, 0xc,
    0xff, 0xbd, 0xff, 0xa0, 0x0, 0xcf, 0xfb, 0xdf, 0xfa, 0x0, 0xc, 0xff, 0xb6,
    0xff, 0x40, 0x0, 0x5f, 0xf4, 0x7, 0x50, 0x0, 0x0, 0x64, 0x0,

    /* U+0023 "#" */
    0x0, 0x0, 0x2, 0x90, 0x0, 0x0, 0x29, 0x0, 0x0, 0x0, 0x0, 0x0, 0x2e, 0xfa,
    0x0, 0x2, 0xef, 0x90, 0x0, 0x0, 0x0, 0x0, 0x7f, 0xff, 0x0, 0x7, 0xff, 0xf0,
    0x0, 0x0, 0x0, 0x0, 0x7f, 0xff, 0x0, 0x7, 0xff, 0xf0, 0x0, 0x0, 0x0, 0x0,
    0x5f, 0xfe, 0x0, 0x6, 0xff, 0xe0, 0x0, 0x0, 0x2, 0x87, 0x8, 0xe3, 0x38,
    0x70, 0x8e, 0x23, 0x87, 0x0, 0x2e, 0xff, 0xa0, 0x13, 0xef, 0xfa, 0x1, 0x3e,
    0xff, 0xa0, 0x8f, 0xff, 0xf2, 0x8, 0xff, 0xfe, 0x20, 0x8f, 0xff, 0xe2, 0x9,
    0xff, 0x32, 0x90, 0x9f, 0xf3, 0x39, 0x9, 0xfe, 0x30, 0x0, 0x0, 0x2e, 0xfa,
    0x0, 0x2, 0xef, 0xa0, 0x0, 0x0, 0x0, 0x0, 0x7f, 0xff, 0x0, 0x7, 0xff, 0xf0,
    0x0, 0x0, 0x0, 0x0, 0x5f, 0xfe, 0x0, 0x6, 0xff, 0xe0, 0x0, 0x0, 0x3, 0x87,
    0x8, 0xe3, 0x38, 0x70, 0x9e, 0x23, 0x87, 0x0, 0x2e, 0xff, 0xa0, 0x13, 0xef,
    0xfa, 0x1, 0x3e, 0xff, 0xa0, 0x7f, 0xff, 0xf2, 0x8, 0xff, 0xfe, 0x20, 0x8f,
    0xff, 0xe2, 0x9, 0xff, 0x32, 0x90, 0x9f, 0xf3, 0x3a, 0x9, 0xfe, 0x30, 0x0,
    0x0, 0x2e, 0xfa, 0x0, 0x2, 0xef, 0xa0, 0x0, 0x0, 0x0, 0x0, 0x7f, 0xff, 0x0,
    0x7, 0xff, 0xf0, 0x0, 0x0, 0x0, 0x0, 0x7f, 0xff, 0x0, 0x7, 0xff, 0xf0, 0x0,
    0x0, 0x0, 0x0, 0x6f, 0xff, 0x0, 0x6, 0xff, 0xe0, 0x0, 0x0, 0x0, 0x0, 0x9,
    0xf3, 0x0, 0x0, 0x8e, 0x20, 0x0, 0x0, 0x0, 0x0, 0x0, 0x20, 0x0, 0x0, 0x1,
    0x0, 0x0, 0x0,

    /* U+0024 "$" */
    0x0, 0x0, 0x0, 0x0, 0x3, 0x0, 0x0, 0x0, 0x0, 0x0, 0x0, 0x0, 0x0, 0x3, 0xfb,
    0x0, 0x0, 0x0, 0x0, 0x0, 0x0, 0x0, 0x0, 0xef, 0xf7, 0x0, 0x0, 0x0, 0x0, 0x0,
    0x0, 0x0, 0xf, 0xff, 0x80, 0x0, 0x0, 0x0, 0x0, 0x0, 0x0, 0x0, 0x78, 0x84,
    0x0, 0x0, 0x0, 0x0, 0x0, 0x0, 0x0, 0x0, 0x0, 0x0, 0x0, 0x0, 0x0, 0x9, 0xff,
    0xff, 0xff, 0xff, 0xff, 0xff, 0xff, 0xe6, 0x7, 0xff, 0xff, 0xff, 0xff, 0xff,
    0xff, 0xff, 0xff, 0xf3, 0x4b, 0xff, 0xff, 0xff, 0xff, 0xff, 0xff, 0xff,
    0xf9, 0x29, 0x52, 0x79, 0x99, 0x99, 0x99, 0x99, 0x99, 0x60, 0x0, 0xdf, 0xe6,
    0x0, 0x0, 0x0, 0x0, 0x0, 0x0, 0x0, 0xd, 0xff, 0xa0, 0x0, 0xf, 0xff, 0x80,
    0x0, 0x0, 0x0, 0xdf, 0xfa, 0x0, 0x0, 0xff, 0xf8, 0x0, 0x0, 0x0, 0xd, 0xff,
    0xa0, 0x0, 0xf, 0xff, 0x80, 0x0, 0x0, 0x0, 0xdf, 0xfa, 0x0, 0x0, 0xff, 0xf8,
    0x0, 0x0, 0x0, 0xd, 0xff, 0xa0, 0x0, 0xf, 0xff, 0x80, 0x0, 0x0, 0x0, 0xdf,
    0xfa, 0x0, 0x0, 0xff, 0xf8, 0x0, 0x0, 0x0, 0xd, 0xff, 0xa0, 0x0, 0xf, 0xff,
    0x80, 0x0, 0x0, 0x0, 0xdf, 0xfa, 0x0, 0x0, 0xff, 0xf8, 0x0, 0x0, 0x0, 0xd,
    0xfe, 0x30, 0x0, 0x0, 0x0, 0x0, 0x0, 0x0, 0x0, 0xad, 0x2c, 0xff, 0xff, 0xff,
    0xff, 0xff, 0xf8, 0x0, 0x0, 0x1b, 0xff, 0xff, 0xff, 0xff, 0xff, 0xff, 0xf7,
    0x0, 0x0, 0x6f, 0xff, 0xff, 0xff, 0xff, 0xff, 0xfe, 0x27, 0x10, 0x0, 0x59,
    0x99, 0x99, 0x99, 0x99, 0x99, 0x28, 0xf8, 0x0, 0x0, 0x0, 0x0, 0x0, 0x0, 0x0,
    0x8, 0xff, 0x80, 0x0, 0x0, 0x0, 0xf, 0xff, 0x80, 0x0, 0xff, 0xf8, 0x0, 0x0,
    0x0, 0x0, 0xff, 0xf8, 0x0, 0xf, 0xff, 0x80, 0x0, 0x0, 0x0, 0xf, 0xff, 0x80,
    0x0, 0xff, 0xf8, 0x0, 0x0, 0x0, 0x0, 0xff, 0xf8, 0x0, 0xf, 0xff, 0x80, 0x0,
    0x0, 0x0, 0xf, 0xff, 0x80, 0x0, 0xff, 0xf8, 0x0, 0x0, 0x0, 0x0, 0xff, 0xf8,
    0x0, 0xf, 0xff, 0x80, 0x0, 0x0, 0x0, 0xf, 0xff, 0x80, 0x0, 0xff, 0xf8, 0x0,
    0x0, 0x0, 0x0, 0xff, 0xf8, 0x0, 0xf, 0xff, 0x80, 0x0, 0x0, 0x0, 0x0, 0x0,
    0x0, 0x0, 0xff, 0xf8, 0x0, 0x17, 0x99, 0x99, 0x99, 0x99, 0x99, 0x2e, 0xff,
    0x84, 0xbf, 0xff, 0xff, 0xff, 0xff, 0xff, 0xf8, 0x9f, 0xf8, 0x8f, 0xff,
    0xff, 0xff, 0xff, 0xff, 0xff, 0xe3, 0xff, 0x30, 0x9f, 0xff, 0xff, 0xff,
    0xff, 0xff, 0xff, 0x4c, 0x60, 0x0, 0x0, 0x0, 0x0, 0x0, 0x0, 0x0, 0x0, 0x0,
    0x0, 0x0, 0x0, 0x0, 0x7, 0x88, 0x40, 0x0, 0x0, 0x0, 0x0, 0x0, 0x0, 0x0,
    0xff, 0xf8, 0x0, 0x0, 0x0, 0x0, 0x0, 0x0, 0x0, 0xe, 0xff, 0x70, 0x0, 0x0,
    0x0, 0x0, 0x0, 0x0, 0x0, 0x4f, 0xb0, 0x0, 0x0, 0x0, 0x0, 0x0, 0x0, 0x0, 0x0,
    0x30, 0x0, 0x0, 0x0, 0x0,

    /* U+0025 "%" */
    0x9, 0xff, 0xff, 0xf6, 0xa7, 0x0, 0x0, 0x0, 0x7e, 0xb2, 0x0, 0x8f, 0xff,
    0xff, 0xf2, 0xff, 0x50, 0x0, 0x0, 0xef, 0xfe, 0x10, 0x4b, 0xff, 0xff, 0xa7,
    0xff, 0xa0, 0x0, 0x7, 0xff, 0xfe, 0x0, 0x96, 0x27, 0x99, 0x3c, 0xff, 0xa0,
    0x0, 0xe, 0xff, 0xf6, 0x0, 0xdf, 0xf7, 0x0, 0xd, 0xff, 0xa0, 0x0, 0x6f,
    0xff, 0xe0, 0x0, 0xdf, 0xfa, 0x0, 0xd, 0xff, 0xa0, 0x0, 0xef, 0xff, 0x60,
    0x0, 0xdf, 0xfa, 0x0, 0x4, 0xaf, 0xa0, 0x6, 0xff, 0xfe, 0x0, 0x0, 0xdf,
    0xf7, 0xaf, 0xfd, 0x72, 0x30, 0xd, 0xff, 0xf7, 0x0, 0x0, 0xbf, 0xf2, 0xff,
    0xff, 0xff, 0x70, 0x5f, 0xff, 0xe0, 0x0, 0x0, 0x4f, 0xc6, 0xff, 0xff, 0xfe,
    0x20, 0xdf, 0xff, 0x70, 0x0, 0x0, 0x3, 0x35, 0x99, 0x99, 0x81, 0x5, 0xff,
    0xff, 0x0, 0x0, 0x0, 0x0, 0x0, 0x0, 0x0, 0x0, 0x6, 0xff, 0xf8, 0x0, 0x0,
    0x0, 0x0, 0x0, 0x0, 0x0, 0x0, 0x6, 0xff, 0xf1, 0x0, 0x0, 0x0, 0x0, 0x0, 0x0,
    0x0, 0x0, 0x6, 0xff, 0x80, 0x0, 0x0, 0x0, 0x0, 0x0, 0x0, 0x0, 0x0, 0x6,
    0xff, 0x10, 0x0, 0x0, 0x0, 0x0, 0x0, 0x0, 0x0, 0x0, 0x3, 0x96, 0x0, 0x0,
    0x0, 0x0, 0x0, 0x0, 0x0, 0x0, 0x48, 0x50, 0x0, 0x0, 0x0, 0x0, 0x0, 0x0, 0x0,
    0x0, 0x0, 0xdf, 0x90, 0x0, 0x0, 0x0, 0x0, 0x0, 0x0, 0x0, 0x0, 0x5, 0xff,
    0x90, 0x0, 0x0, 0x0, 0x0, 0x0, 0x0, 0x0, 0x0, 0xd, 0xff, 0x90, 0x0, 0x0,
    0x0, 0x0, 0x0, 0x0, 0x0, 0x0, 0x5f, 0xff, 0x90, 0x0, 0x0, 0x0, 0x0, 0x0,
    0x0, 0x0, 0x0, 0xdf, 0xff, 0x80, 0x17, 0x99, 0x99, 0x72, 0x40, 0x0, 0x0,
    0x4, 0xff, 0xff, 0x10, 0xdf, 0xff, 0xff, 0x89, 0xf6, 0x0, 0x0, 0xc, 0xff,
    0xf8, 0x4, 0xff, 0xff, 0xff, 0x3e, 0xfe, 0x0, 0x0, 0x4f, 0xff, 0xf1, 0x2,
    0x26, 0xcf, 0xfd, 0x4f, 0xff, 0x0, 0x0, 0xcf, 0xff, 0x90, 0x7, 0xfb, 0x50,
    0x0, 0x7f, 0xff, 0x0, 0x4, 0xff, 0xff, 0x10, 0x7, 0xff, 0xf0, 0x0, 0x7f,
    0xff, 0x0, 0xc, 0xff, 0xf9, 0x0, 0x7, 0xff, 0xf0, 0x0, 0x5e, 0xff, 0x0,
    0x3f, 0xff, 0xf2, 0x0, 0x7, 0xff, 0xf2, 0x99, 0x83, 0x5b, 0x0, 0xbf, 0xff,
    0xa0, 0x0, 0x7, 0xff, 0x98, 0xff, 0xff, 0xc6, 0x0, 0xdf, 0xff, 0x20, 0x0,
    0x2, 0xff, 0x4d, 0xff, 0xff, 0xfb, 0x0, 0x1a, 0xea, 0x0, 0x0, 0x0, 0x5c,
    0x3f, 0xff, 0xff, 0xb1,

    /* U+0026 "&" */
    0x0, 0x2b, 0xff, 0xff, 0xff, 0xff, 0xf8, 0x99, 0x0, 0x0, 0x0, 0xc, 0xff,
    0xff, 0xff, 0xff, 0xff, 0x3f, 0xf7, 0x0, 0x0, 0x0, 0x7d, 0xff, 0xff, 0xff,
    0xff, 0xc5, 0xff, 0xc0, 0x0, 0x0, 0x1a, 0x43, 0x89, 0x99, 0x99, 0x94, 0xaf,
    0xfc, 0x0, 0x0, 0x1, 0xff, 0xe4, 0x0, 0x0, 0x0, 0xb, 0xff, 0xc0, 0x0, 0x0,
    0x1f, 0xff, 0x60, 0x0, 0x0, 0x0, 0xbf, 0xfc, 0x0, 0x0, 0x1, 0xff, 0xf6, 0x0,
    0x0, 0x0, 0xb, 0xff, 0xc0, 0x0, 0x0, 0x1f, 0xff, 0x60, 0x0, 0x0, 0x0, 0xbf,
    0xfc, 0x0, 0x0, 0x1, 0xff, 0xf6, 0x0, 0x0, 0x0, 0xb, 0xff, 0xc0, 0x0, 0x0,
    0x1f, 0xfd, 0x10, 0x0, 0x0, 0x0, 0x4f, 0xfc, 0x0, 0x0, 0x0, 0xfd, 0x10, 0x0,
    0x0, 0x0, 0x0, 0x4f, 0xb0, 0x0, 0x0, 0x4, 0x10, 0x0, 0x0, 0x0, 0x0, 0x0,
    0x31, 0x0, 0x0, 0x0, 0xc, 0xff, 0xff, 0xff, 0xff, 0xff, 0xf8, 0x0, 0x0, 0x0,
    0xb, 0xff, 0xff, 0xff, 0xff, 0xff, 0xff, 0xf7, 0x0, 0x0, 0x45, 0x6f, 0xff,
    0xff, 0xff, 0xff, 0xff, 0xfe, 0x27, 0x10, 0xc, 0xf4, 0x59, 0x99, 0x99, 0x99,
    0x99, 0x99, 0x29, 0xf8, 0x0, 0xdf, 0xf4, 0x0, 0x0, 0x0, 0x0, 0x0, 0x9, 0xff,
    0x80, 0xd, 0xff, 0xa0, 0x0, 0x0, 0x0, 0x0, 0x0, 0xff, 0xf8, 0x0, 0xdf, 0xfa,
    0x0, 0x0, 0x0, 0x0, 0x0, 0xf, 0xff, 0x80, 0xd, 0xff, 0xa0, 0x0, 0x0, 0x0,
    0x0, 0x0, 0xff, 0xf8, 0x0, 0xdf, 0xfa, 0x0, 0x0, 0x0, 0x0, 0x0, 0xf, 0xff,
    0x80, 0xd, 0xff, 0xa0, 0x0, 0x0, 0x0, 0x0, 0x0, 0xff, 0xf8, 0x0, 0xdf, 0xfa,
    0x0, 0x0, 0x0, 0x0, 0x0, 0xf, 0xff, 0x80, 0xd, 0xff, 0xa0, 0x0, 0x0, 0x0,
    0x0, 0x0, 0xff, 0xf8, 0x0, 0xdf, 0xfa, 0x0, 0x0, 0x0, 0x0, 0x0, 0xa, 0xff,
    0x80, 0xd, 0xff, 0x70, 0x0, 0x0, 0x0, 0x0, 0x0, 0x7, 0x84, 0x0, 0x96, 0x27,
    0x99, 0x99, 0x99, 0x99, 0x99, 0x99, 0x97, 0x0, 0x4, 0xbf, 0xff, 0xff, 0xff,
    0xff, 0xff, 0xff, 0xff, 0xfa, 0x0, 0x8f, 0xff, 0xff, 0xff, 0xff, 0xff, 0xff,
    0xff, 0xff, 0xfa, 0x0, 0x9f, 0xff, 0xff, 0xff, 0xff, 0xff, 0xff, 0xff, 0xff,
    0xc0, 0x0, 0x0, 0x0, 0x0, 0x0, 0x0, 0x0, 0x0, 0x0, 0x0, 0x0, 0x0, 0x0, 0x0,
    0x0, 0x0, 0x0, 0x0, 0xdf, 0xf8, 0x0, 0x0, 0x0, 0x0, 0x0, 0x0, 0x0, 0x0, 0x1,
    0xdf, 0x80, 0x0, 0x0, 0x0, 0x0, 0x0, 0x0, 0x0, 0x0, 0x1, 0xd3, 0x0, 0x0,
    0x0, 0x0, 0x0, 0x0, 0x0, 0x0, 0x0, 0x0, 0x0, 0x0,

    /* U+0027 "'" */
    0xdf, 0xfa, 0xdf, 0xfa, 0xdf, 0xfa, 0xdf, 0xfa, 0xdf, 0xfa, 0xdf, 0xfa,
    0xdf, 0xfa, 0x6f, 0xf4, 0x7, 0x50,

    /* U+0028 "(" */
    0x0, 0x1, 0xdf, 0xff, 0xfc, 0x0, 0x0, 0xd, 0xff, 0xff, 0xff, 0xc0, 0x1,
    0x88, 0xff, 0xff, 0xff, 0x60, 0x1d, 0xf8, 0x69, 0x99, 0x95, 0x0, 0xbf, 0xfa,
    0x0, 0x0, 0x0, 0x0, 0xdf, 0xfa, 0x0, 0x0, 0x0, 0x0, 0xdf, 0xfa, 0x0, 0x0,
    0x0, 0x0, 0xdf, 0xfa, 0x0, 0x0, 0x0, 0x0, 0xdf, 0xfa, 0x0, 0x0, 0x0, 0x0,
    0xdf, 0xfa, 0x0, 0x0, 0x0, 0x0, 0xdf, 0xfa, 0x0, 0x0, 0x0, 0x0, 0xdf, 0xfa,
    0x0, 0x0, 0x0, 0x0, 0xdf, 0xfa, 0x0, 0x0, 0x0, 0x0, 0xdf, 0xe2, 0x0, 0x0,
    0x0, 0x0, 0xce, 0x20, 0x0, 0x0, 0x0, 0x0, 0x22, 0x0, 0x0, 0x0, 0x0, 0x0,
    0x22, 0x0, 0x0, 0x0, 0x0, 0x0, 0xce, 0x20, 0x0, 0x0, 0x0, 0x0, 0xdf, 0xe2,
    0x0, 0x0, 0x0, 0x0, 0xdf, 0xfa, 0x0, 0x0, 0x0, 0x0, 0xdf, 0xfa, 0x0, 0x0,
    0x0, 0x0, 0xdf, 0xfa, 0x0, 0x0, 0x0, 0x0, 0xdf, 0xfa, 0x0, 0x0, 0x0, 0x0,
    0xdf, 0xfa, 0x0, 0x0, 0x0, 0x0, 0xdf, 0xfa, 0x0, 0x0, 0x0, 0x0, 0xdf, 0xfa,
    0x0, 0x0, 0x0, 0x0, 0xdf, 0xfa, 0x0, 0x0, 0x0, 0x0, 0xbf, 0xfa, 0x0, 0x0,
    0x0, 0x0, 0x1c, 0xf8, 0x69, 0x99, 0x95, 0x0, 0x1, 0x78, 0xff, 0xff, 0xff,
    0x60, 0x0, 0xd, 0xff, 0xff, 0xff, 0xc0, 0x0, 0x1, 0xdf, 0xff, 0xfc, 0x0,

    /* U+0029 ")" */
    0x9, 0xff, 0xff, 0xf4, 0x0, 0x0, 0x7f, 0xff, 0xff, 0xff, 0x30, 0x0, 0x2e,
    0xff, 0xff, 0xfb, 0x63, 0x0, 0x3, 0x99, 0x99, 0x84, 0xff, 0x30, 0x0, 0x0,
    0x0, 0x6, 0xff, 0xe0, 0x0, 0x0, 0x0, 0x6, 0xff, 0xf1, 0x0, 0x0, 0x0, 0x6,
    0xff, 0xf1, 0x0, 0x0, 0x0, 0x6, 0xff, 0xf1, 0x0, 0x0, 0x0, 0x6, 0xff, 0xf1,
    0x0, 0x0, 0x0, 0x6, 0xff, 0xf1, 0x0, 0x0, 0x0, 0x6, 0xff, 0xf1, 0x0, 0x0,
    0x0, 0x6, 0xff, 0xf1, 0x0, 0x0, 0x0, 0x6, 0xff, 0xf1, 0x0, 0x0, 0x0, 0x0,
    0xcf, 0xf1, 0x0, 0x0, 0x0, 0x0, 0xc, 0xf1, 0x0, 0x0, 0x0, 0x0, 0x0, 0x40,
    0x0, 0x0, 0x0, 0x0, 0x0, 0x30, 0x0, 0x0, 0x0, 0x0, 0xc, 0xf1, 0x0, 0x0, 0x0,
    0x0, 0xcf, 0xf1, 0x0, 0x0, 0x0, 0x6, 0xff, 0xf1, 0x0, 0x0, 0x0, 0x6, 0xff,
    0xf1, 0x0, 0x0, 0x0, 0x6, 0xff, 0xf1, 0x0, 0x0, 0x0, 0x6, 0xff, 0xf1, 0x0,
    0x0, 0x0, 0x6, 0xff, 0xf1, 0x0, 0x0, 0x0, 0x6, 0xff, 0xf1, 0x0, 0x0, 0x0,
    0x6, 0xff, 0xf1, 0x0, 0x0, 0x0, 0x6, 0xff, 0xf1, 0x0, 0x0, 0x0, 0x6, 0xff,
    0xe0, 0x3, 0x99, 0x99, 0x84, 0xff, 0x30, 0x2e, 0xff, 0xff, 0xfb, 0x63, 0x0,
    0x7f, 0xff, 0xff, 0xff, 0x30, 0x0, 0x9, 0xff, 0xff, 0xf4, 0x0, 0x0,

    /* U+002A "*" */
    0x0, 0x0, 0x0, 0x2, 0x0, 0x0, 0x0, 0x0, 0x0, 0x0, 0x8, 0xf5, 0x0, 0x0, 0x0,
    0x0, 0x0, 0x4, 0xff, 0xf1, 0x0, 0x0, 0x0, 0x0, 0x0, 0x5f, 0xff, 0x20, 0x0,
    0x0, 0x49, 0xc5, 0x5, 0xff, 0xf2, 0x7, 0xc8, 0x29, 0xff, 0xfc, 0x8f, 0xff,
    0x7e, 0xff, 0xf6, 0x5f, 0xff, 0xff, 0xff, 0xff, 0xff, 0xff, 0x10, 0x9f,
    0xff, 0xff, 0xff, 0xff, 0xff, 0x70, 0x0, 0x3c, 0xff, 0xff, 0xff, 0xfa, 0x10,
    0x0, 0x3, 0xcf, 0xff, 0xff, 0xff, 0xa1, 0x0, 0x9, 0xff, 0xff, 0xff, 0xff,
    0xff, 0xf7, 0x5, 0xff, 0xff, 0xff, 0xff, 0xff, 0xff, 0xf1, 0x9f, 0xff, 0xc8,
    0xff, 0xf7, 0xef, 0xff, 0x64, 0x9c, 0x50, 0x5f, 0xff, 0x20, 0x7c, 0x82, 0x0,
    0x0, 0x5, 0xff, 0xf2, 0x0, 0x0, 0x0, 0x0, 0x0, 0x4f, 0xff, 0x10, 0x0, 0x0,
    0x0, 0x0, 0x0, 0x8f, 0x50, 0x0, 0x0, 0x0, 0x0, 0x0, 0x0, 0x30, 0x0, 0x0,
    0x0,

    /* U+002B "+" */
    0x0, 0x0, 0x0, 0x1, 0x0, 0x0, 0x0, 0x0, 0x0, 0x0, 0x0, 0x4f, 0x60, 0x0, 0x0,
    0x0, 0x0, 0x0, 0x1, 0xff, 0xf4, 0x0, 0x0, 0x0, 0x0, 0x0, 0x2, 0xff, 0xf5,
    0x0, 0x0, 0x0, 0x0, 0x0, 0x2, 0xff, 0xf5, 0x0, 0x0, 0x0, 0x0, 0x0, 0x2,
    0xff, 0xf5, 0x0, 0x0, 0x0, 0x3, 0x99, 0x99, 0xff, 0xfb, 0x99, 0x94, 0x0,
    0x2e, 0xff, 0xff, 0xff, 0xff, 0xff, 0xff, 0x50, 0x7f, 0xff, 0xff, 0xff,
    0xff, 0xff, 0xff, 0xb0, 0x9, 0xff, 0xff, 0xff, 0xff, 0xff, 0xfb, 0x0, 0x0,
    0x0, 0x2, 0xff, 0xf5, 0x0, 0x0, 0x0, 0x0, 0x0, 0x2, 0xff, 0xf5, 0x0, 0x0,
    0x0, 0x0, 0x0, 0x2, 0xff, 0xf5, 0x0, 0x0, 0x0, 0x0, 0x0, 0x2, 0xff, 0xf5,
    0x0, 0x0, 0x0, 0x0, 0x0, 0x0, 0xaf, 0xc0, 0x0, 0x0, 0x0, 0x0, 0x0, 0x0, 0x8,
    0x10, 0x0, 0x0, 0x0,

    /* U+002C "," */
    0xdf, 0xfa, 0xdf, 0xfa, 0xdf, 0xfa, 0xdf, 0xfa, 0xdf, 0xfa, 0xdf, 0xfa,
    0xdf, 0xfa, 0x7f, 0xf4, 0x7, 0x50,

    /* U+002D "-" */
    0x3, 0x99, 0x99, 0x99, 0x99, 0x99, 0x94, 0x0, 0x2e, 0xff, 0xff, 0xff, 0xff,
    0xff, 0xff, 0x50, 0x7f, 0xff, 0xff, 0xff, 0xff, 0xff, 0xff, 0xb0, 0x9, 0xff,
    0xff, 0xff, 0xff, 0xff, 0xfb, 0x0,

    /* U+002E "." */
    0x79, 0x96, 0xdf, 0xfa, 0xdf, 0xfa, 0xdf, 0xfa,

    /* U+002F "/" */
    0x0, 0x0, 0x0, 0x0, 0x0, 0x0, 0x0, 0x3f, 0xc5, 0x0, 0x0, 0x0, 0x0, 0x0, 0x0,
    0x0, 0xb, 0xff, 0xf4, 0x0, 0x0, 0x0, 0x0, 0x0, 0x0, 0x3, 0xff, 0xff, 0x20,
    0x0, 0x0, 0x0, 0x0, 0x0, 0x0, 0xaf, 0xff, 0xa0, 0x0, 0x0, 0x0, 0x0, 0x0,
    0x0, 0x2f, 0xff, 0xf3, 0x0, 0x0, 0x0, 0x0, 0x0, 0x0, 0xa, 0xff, 0xfb, 0x0,
    0x0, 0x0, 0x0, 0x0, 0x0, 0x2, 0xff, 0xff, 0x30, 0x0, 0x0, 0x0, 0x0, 0x0,
    0x0, 0x9f, 0xff, 0xb0, 0x0, 0x0, 0x0, 0x0, 0x0, 0x0, 0x1f, 0xff, 0xf3, 0x0,
    0x0, 0x0, 0x0, 0x0, 0x0, 0x9, 0xff, 0xfc, 0x0, 0x0, 0x0, 0x0, 0x0, 0x0, 0x1,
    0xff, 0xff, 0x40, 0x0, 0x0, 0x0, 0x0, 0x0, 0x0, 0x2f, 0xff, 0xc0, 0x0, 0x0,
    0x0, 0x0, 0x0, 0x0, 0x2, 0xff, 0xf4, 0x0, 0x0, 0x0, 0x0, 0x0, 0x0, 0x0,
    0x2f, 0xfc, 0x0, 0x0, 0x0, 0x0, 0x0, 0x0, 0x0, 0x2, 0xff, 0x50, 0x0, 0x0,
    0x0, 0x0, 0x0, 0x0, 0x0, 0x19, 0x80, 0x0, 0x0, 0x0, 0x0, 0x0, 0x0, 0x18,
    0x70, 0x0, 0x0, 0x0, 0x0, 0x0, 0x0, 0x0, 0x9, 0xfd, 0x0, 0x0, 0x0, 0x0, 0x0,
    0x0, 0x0, 0x1, 0xff, 0xd0, 0x0, 0x0, 0x0, 0x0, 0x0, 0x0, 0x0, 0x9f, 0xfd,
    0x0, 0x0, 0x0, 0x0, 0x0, 0x0, 0x0, 0x1f, 0xff, 0xd0, 0x0, 0x0, 0x0, 0x0,
    0x0, 0x0, 0x8, 0xff, 0xfb, 0x0, 0x0, 0x0, 0x0, 0x0, 0x0, 0x1, 0xff, 0xff,
    0x40, 0x0, 0x0, 0x0, 0x0, 0x0, 0x0, 0x8f, 0xff, 0xc0, 0x0, 0x0, 0x0, 0x0,
    0x0, 0x0, 0x1f, 0xff, 0xf4, 0x0, 0x0, 0x0, 0x0, 0x0, 0x0, 0x8, 0xff, 0xfc,
    0x0, 0x0, 0x0, 0x0, 0x0, 0x0, 0x0, 0xff, 0xff, 0x50, 0x0, 0x0, 0x0, 0x0,
    0x0, 0x0, 0x7f, 0xff, 0xd0, 0x0, 0x0, 0x0, 0x0, 0x0, 0x0, 0xe, 0xff, 0xf5,
    0x0, 0x0, 0x0, 0x0, 0x0, 0x0, 0x7, 0xff, 0xfd, 0x0, 0x0, 0x0, 0x0, 0x0, 0x0,
    0x0, 0x9f, 0xff, 0x60, 0x0, 0x0, 0x0, 0x0, 0x0, 0x0, 0x0, 0x8d, 0xd0, 0x0,
    0x0, 0x0, 0x0, 0x0, 0x0, 0x0,

    /* U+0030 "0" */
    0x9, 0xff, 0xff, 0xff, 0xff, 0xff, 0xff, 0xf4, 0xc6, 0x7, 0xff, 0xff, 0xff,
    0xff, 0xff, 0xff, 0xfe, 0x3f, 0xf3, 0x4b, 0xff, 0xff, 0xff, 0xff, 0xff,
    0xff, 0x89, 0xff, 0x89, 0x62, 0x79, 0x99, 0x99, 0x99, 0x99, 0x92, 0xef,
    0xf8, 0xdf, 0xf7, 0x0, 0x0, 0x0, 0x0, 0x0, 0xf, 0xff, 0x8d, 0xff, 0xa0, 0x0,
    0x0, 0x0, 0x0, 0x0, 0xff, 0xf8, 0xdf, 0xfa, 0x0, 0x0, 0x0, 0x0, 0x0, 0xf,
    0xff, 0x8d, 0xff, 0xa0, 0x0, 0x0, 0x0, 0x0, 0x0, 0xff, 0xf8, 0xdf, 0xfa,
    0x0, 0x0, 0x0, 0x0, 0x0, 0xf, 0xff, 0x8d, 0xff, 0xa0, 0x0, 0x0, 0x0, 0x0,
    0x0, 0xff, 0xf8, 0xdf, 0xfa, 0x0, 0x0, 0x0, 0x0, 0x0, 0xf, 0xff, 0x8d, 0xff,
    0xa0, 0x0, 0x0, 0x0, 0x0, 0x0, 0xff, 0xf8, 0xdf, 0xfa, 0x0, 0x0, 0x0, 0x0,
    0x0, 0xf, 0xff, 0x8d, 0xfe, 0x20, 0x0, 0x0, 0x0, 0x0, 0x0, 0x6f, 0xf8, 0xce,
    0x20, 0x0, 0x0, 0x0, 0x0, 0x0, 0x0, 0x6f, 0x72, 0x20, 0x0, 0x0, 0x0, 0x0,
    0x0, 0x0, 0x0, 0x40, 0x22, 0x0, 0x0, 0x0, 0x0, 0x0, 0x0, 0x0, 0x4, 0xc,
    0xe2, 0x0, 0x0, 0x0, 0x0, 0x0, 0x0, 0x6, 0xf7, 0xdf, 0xe2, 0x0, 0x0, 0x0,
    0x0, 0x0, 0x6, 0xff, 0x8d, 0xff, 0xa0, 0x0, 0x0, 0x0, 0x0, 0x0, 0xff, 0xf8,
    0xdf, 0xfa, 0x0, 0x0, 0x0, 0x0, 0x0, 0xf, 0xff, 0x8d, 0xff, 0xa0, 0x0, 0x0,
    0x0, 0x0, 0x0, 0xff, 0xf8, 0xdf, 0xfa, 0x0, 0x0, 0x0, 0x0, 0x0, 0xf, 0xff,
    0x8d, 0xff, 0xa0, 0x0, 0x0, 0x0, 0x0, 0x0, 0xff, 0xf8, 0xdf, 0xfa, 0x0, 0x0,
    0x0, 0x0, 0x0, 0xf, 0xff, 0x8d, 0xff, 0xa0, 0x0, 0x0, 0x0, 0x0, 0x0, 0xff,
    0xf8, 0xdf, 0xfa, 0x0, 0x0, 0x0, 0x0, 0x0, 0xf, 0xff, 0x8d, 0xff, 0x70, 0x0,
    0x0, 0x0, 0x0, 0x0, 0xff, 0xf8, 0x96, 0x27, 0x99, 0x99, 0x99, 0x99, 0x99,
    0x2e, 0xff, 0x84, 0xbf, 0xff, 0xff, 0xff, 0xff, 0xff, 0xf8, 0x9f, 0xf8,
    0x8f, 0xff, 0xff, 0xff, 0xff, 0xff, 0xff, 0xe3, 0xff, 0x30, 0x9f, 0xff,
    0xff, 0xff, 0xff, 0xff, 0xff, 0x4c, 0x60,

    /* U+0031 "1" */
    0xa, 0x80, 0x1f, 0xf5, 0x6f, 0xfa, 0xcf, 0xfa, 0xdf, 0xfa, 0xdf, 0xfa, 0xdf,
    0xfa, 0xdf, 0xfa, 0xdf, 0xfa, 0xdf, 0xfa, 0xdf, 0xfa, 0xdf, 0xfa, 0xcf,
    0xfa, 0x4f, 0xfa, 0x4, 0xf9, 0x0, 0x30, 0x0, 0x30, 0x4, 0xf9, 0x4f, 0xfa,
    0xcf, 0xfa, 0xdf, 0xfa, 0xdf, 0xfa, 0xdf, 0xfa, 0xdf, 0xfa, 0xdf, 0xfa,
    0xdf, 0xfa, 0xdf, 0xfa, 0xdf, 0xfa, 0xcf, 0xfa, 0x6f, 0xfa, 0x1f, 0xf5, 0xa,
    0x80,

    /* U+0032 "2" */
    0x9, 0xff, 0xff, 0xff, 0xff, 0xff, 0xff, 0xf4, 0xc6, 0x7, 0xff, 0xff, 0xff,
    0xff, 0xff, 0xff, 0xfe, 0x3f, 0xf3, 0x4b, 0xff, 0xff, 0xff, 0xff, 0xff,
    0xff, 0x89, 0xff, 0x80, 0x1, 0x79, 0x99, 0x99, 0x99, 0x99, 0x92, 0xef, 0xf8,
    0x0, 0x0, 0x0, 0x0, 0x0, 0x0, 0x0, 0xf, 0xff, 0x80, 0x0, 0x0, 0x0, 0x0, 0x0,
    0x0, 0x0, 0xff, 0xf8, 0x0, 0x0, 0x0, 0x0, 0x0, 0x0, 0x0, 0xf, 0xff, 0x80,
    0x0, 0x0, 0x0, 0x0, 0x0, 0x0, 0x0, 0xff, 0xf8, 0x0, 0x0, 0x0, 0x0, 0x0, 0x0,
    0x0, 0xf, 0xff, 0x80, 0x0, 0x0, 0x0, 0x0, 0x0, 0x0, 0x0, 0xff, 0xf8, 0x0,
    0x0, 0x0, 0x0, 0x0, 0x0, 0x0, 0xf, 0xff, 0x80, 0x0, 0x0, 0x0, 0x0, 0x0, 0x0,
    0x0, 0xff, 0xf8, 0x0, 0x0, 0x0, 0x0, 0x0, 0x0, 0x0, 0xe, 0xff, 0x80, 0x0,
    0x0, 0x0, 0x0, 0x0, 0x0, 0x0, 0x3f, 0xf8, 0x0, 0xc, 0xff, 0xff, 0xff, 0xff,
    0xff, 0xf8, 0x3f, 0x50, 0xb, 0xff, 0xff, 0xff, 0xff, 0xff, 0xff, 0xf7, 0x10,
    0x45, 0x6f, 0xff, 0xff, 0xff, 0xff, 0xff, 0xfe, 0x20, 0xc, 0xf4, 0x59, 0x99,
    0x99, 0x99, 0x99, 0x99, 0x20, 0x0, 0xdf, 0xf4, 0x0, 0x0, 0x0, 0x0, 0x0, 0x0,
    0x0, 0xd, 0xff, 0xa0, 0x0, 0x0, 0x0, 0x0, 0x0, 0x0, 0x0, 0xdf, 0xfa, 0x0,
    0x0, 0x0, 0x0, 0x0, 0x0, 0x0, 0xd, 0xff, 0xa0, 0x0, 0x0, 0x0, 0x0, 0x0, 0x0,
    0x0, 0xdf, 0xfa, 0x0, 0x0, 0x0, 0x0, 0x0, 0x0, 0x0, 0xd, 0xff, 0xa0, 0x0,
    0x0, 0x0, 0x0, 0x0, 0x0, 0x0, 0xdf, 0xfa, 0x0, 0x0, 0x0, 0x0, 0x0, 0x0, 0x0,
    0xd, 0xff, 0xa0, 0x0, 0x0, 0x0, 0x0, 0x0, 0x0, 0x0, 0xdf, 0xfa, 0x0, 0x0,
    0x0, 0x0, 0x0, 0x0, 0x0, 0xd, 0xff, 0x70, 0x0, 0x0, 0x0, 0x0, 0x0, 0x0, 0x0,
    0x95, 0x27, 0x99, 0x99, 0x99, 0x99, 0x99, 0x95, 0x0, 0x4, 0xbf, 0xff, 0xff,
    0xff, 0xff, 0xff, 0xff, 0xd0, 0x0, 0x8f, 0xff, 0xff, 0xff, 0xff, 0xff, 0xff,
    0xff, 0x30, 0x0, 0x9f, 0xff, 0xff, 0xff, 0xff, 0xff, 0xff, 0xf9, 0x0,

    /* U+0033 "3" */
    0x9, 0xff, 0xff, 0xff, 0xff, 0xff, 0xff, 0xf4, 0xc6, 0x7, 0xff, 0xff, 0xff,
    0xff, 0xff, 0xff, 0xfe, 0x3f, 0xf3, 0x4b, 0xff, 0xff, 0xff, 0xff, 0xff,
    0xff, 0x89, 0xff, 0x80, 0x1, 0x79, 0x99, 0x99, 0x99, 0x99, 0x92, 0xef, 0xf8,
    0x0, 0x0, 0x0, 0x0, 0x0, 0x0, 0x0, 0xf, 0xff, 0x80, 0x0, 0x0, 0x0, 0x0, 0x0,
    0x0, 0x0, 0xff, 0xf8, 0x0, 0x0, 0x0, 0x0, 0x0, 0x0, 0x0, 0xf, 0xff, 0x80,
    0x0, 0x0, 0x0, 0x0, 0x0, 0x0, 0x0, 0xff, 0xf8, 0x0, 0x0, 0x0, 0x0, 0x0, 0x0,
    0x0, 0xf, 0xff, 0x80, 0x0, 0x0, 0x0, 0x0, 0x0, 0x0, 0x0, 0xff, 0xf8, 0x0,
    0x0, 0x0, 0x0, 0x0, 0x0, 0x0, 0xf, 0xff, 0x80, 0x0, 0x0, 0x0, 0x0, 0x0, 0x0,
    0x0, 0xff, 0xf8, 0x0, 0x0, 0x0, 0x0, 0x0, 0x0, 0x0, 0xe, 0xff, 0x80, 0x0,
    0x0, 0x0, 0x0, 0x0, 0x0, 0x0, 0x3f, 0xf8, 0x0, 0xc, 0xff, 0xff, 0xff, 0xff,
    0xff, 0xf8, 0x3f, 0x50, 0xb, 0xff, 0xff, 0xff, 0xff, 0xff, 0xff, 0xf7, 0x10,
    0x0, 0x6f, 0xff, 0xff, 0xff, 0xff, 0xff, 0xfe, 0x27, 0x10, 0x0, 0x59, 0x99,
    0x99, 0x99, 0x99, 0x99, 0x29, 0xf8, 0x0, 0x0, 0x0, 0x0, 0x0, 0x0, 0x0, 0x9,
    0xff, 0x80, 0x0, 0x0, 0x0, 0x0, 0x0, 0x0, 0x0, 0xff, 0xf8, 0x0, 0x0, 0x0,
    0x0, 0x0, 0x0, 0x0, 0xf, 0xff, 0x80, 0x0, 0x0, 0x0, 0x0, 0x0, 0x0, 0x0,
    0xff, 0xf8, 0x0, 0x0, 0x0, 0x0, 0x0, 0x0, 0x0, 0xf, 0xff, 0x80, 0x0, 0x0,
    0x0, 0x0, 0x0, 0x0, 0x0, 0xff, 0xf8, 0x0, 0x0, 0x0, 0x0, 0x0, 0x0, 0x0, 0xf,
    0xff, 0x80, 0x0, 0x0, 0x0, 0x0, 0x0, 0x0, 0x0, 0xff, 0xf8, 0x0, 0x0, 0x0,
    0x0, 0x0, 0x0, 0x0, 0xf, 0xff, 0x80, 0x0, 0x0, 0x0, 0x0, 0x0, 0x0, 0x0,
    0xff, 0xf8, 0x0, 0x17, 0x99, 0x99, 0x99, 0x99, 0x99, 0x2e, 0xff, 0x84, 0xbf,
    0xff, 0xff, 0xff, 0xff, 0xff, 0xf8, 0x9f, 0xf8, 0x8f, 0xff, 0xff, 0xff,
    0xff, 0xff, 0xff, 0xe3, 0xff, 0x30, 0x9f, 0xff, 0xff, 0xff, 0xff, 0xff,
    0xff, 0x4c, 0x60,

    /* U+0034 "4" */
    0x0, 0x0, 0x0, 0x0, 0x0, 0x0, 0x0, 0x0, 0x83, 0x0, 0x0, 0x0, 0x0, 0x0, 0x0,
    0x0, 0x0, 0x2f, 0xf2, 0xa7, 0x10, 0x0, 0x0, 0x0, 0x0, 0x0, 0x8, 0xff, 0x7d,
    0xff, 0x80, 0x0, 0x0, 0x0, 0x0, 0x0, 0xdf, 0xf8, 0xdf, 0xfa, 0x0, 0x0, 0x0,
    0x0, 0x0, 0xf, 0xff, 0x8d, 0xff, 0xa0, 0x0, 0x0, 0x0, 0x0, 0x0, 0xff, 0xf8,
    0xdf, 0xfa, 0x0, 0x0, 0x0, 0x0, 0x0, 0xf, 0xff, 0x8d, 0xff, 0xa0, 0x0, 0x0,
    0x0, 0x0, 0x0, 0xff, 0xf8, 0xdf, 0xfa, 0x0, 0x0, 0x0, 0x0, 0x0, 0xf, 0xff,
    0x8d, 0xff, 0xa0, 0x0, 0x0, 0x0, 0x0, 0x0, 0xff, 0xf8, 0xdf, 0xfa, 0x0, 0x0,
    0x0, 0x0, 0x0, 0xf, 0xff, 0x8d, 0xff, 0xa0, 0x0, 0x0, 0x0, 0x0, 0x0, 0xff,
    0xf8, 0xdf, 0xfa, 0x0, 0x0, 0x0, 0x0, 0x0, 0xf, 0xff, 0x8d, 0xff, 0x40, 0x0,
    0x0, 0x0, 0x0, 0x0, 0x9f, 0xf8, 0xcf, 0x55, 0x99, 0x99, 0x99, 0x99, 0x99,
    0x92, 0x9f, 0x83, 0x56, 0xff, 0xff, 0xff, 0xff, 0xff, 0xff, 0xe2, 0x71, 0x0,
    0xcf, 0xff, 0xff, 0xff, 0xff, 0xff, 0xff, 0x71, 0x0, 0x0, 0xcf, 0xff, 0xff,
    0xff, 0xff, 0xff, 0x83, 0xf5, 0x0, 0x0, 0x0, 0x0, 0x0, 0x0, 0x0, 0x3, 0xff,
    0x80, 0x0, 0x0, 0x0, 0x0, 0x0, 0x0, 0x0, 0xef, 0xf8, 0x0, 0x0, 0x0, 0x0,
    0x0, 0x0, 0x0, 0xf, 0xff, 0x80, 0x0, 0x0, 0x0, 0x0, 0x0, 0x0, 0x0, 0xff,
    0xf8, 0x0, 0x0, 0x0, 0x0, 0x0, 0x0, 0x0, 0xf, 0xff, 0x80, 0x0, 0x0, 0x0,
    0x0, 0x0, 0x0, 0x0, 0xff, 0xf8, 0x0, 0x0, 0x0, 0x0, 0x0, 0x0, 0x0, 0xf,
    0xff, 0x80, 0x0, 0x0, 0x0, 0x0, 0x0, 0x0, 0x0, 0xff, 0xf8, 0x0, 0x0, 0x0,
    0x0, 0x0, 0x0, 0x0, 0xf, 0xff, 0x80, 0x0, 0x0, 0x0, 0x0, 0x0, 0x0, 0x0,
    0xff, 0xf8, 0x0, 0x0, 0x0, 0x0, 0x0, 0x0, 0x0, 0xf, 0xff, 0x80, 0x0, 0x0,
    0x0, 0x0, 0x0, 0x0, 0x0, 0xaf, 0xf8, 0x0, 0x0, 0x0, 0x0, 0x0, 0x0, 0x0, 0x4,
    0xff, 0x50, 0x0, 0x0, 0x0, 0x0, 0x0, 0x0, 0x0, 0xe, 0x90, 0x0, 0x0, 0x0,
    0x0, 0x0, 0x0, 0x0, 0x0, 0x10, 0x0,

    /* U+0035 "5" */
    0x9, 0xff, 0xff, 0xff, 0xff, 0xff, 0xff, 0xff, 0x90, 0x7, 0xff, 0xff, 0xff,
    0xff, 0xff, 0xff, 0xff, 0xf3, 0x0, 0x4b, 0xff, 0xff, 0xff, 0xff, 0xff, 0xff,
    0xfd, 0x0, 0x9, 0x62, 0x79, 0x99, 0x99, 0x99, 0x99, 0x99, 0x50, 0x0, 0xdf,
    0xf7, 0x0, 0x0, 0x0, 0x0, 0x0, 0x0, 0x0, 0xd, 0xff, 0xa0, 0x0, 0x0, 0x0,
    0x0, 0x0, 0x0, 0x0, 0xdf, 0xfa, 0x0, 0x0, 0x0, 0x0, 0x0, 0x0, 0x0, 0xd,
    0xff, 0xa0, 0x0, 0x0, 0x0, 0x0, 0x0, 0x0, 0x0, 0xdf, 0xfa, 0x0, 0x0, 0x0,
    0x0, 0x0, 0x0, 0x0, 0xd, 0xff, 0xa0, 0x0, 0x0, 0x0, 0x0, 0x0, 0x0, 0x0,
    0xdf, 0xfa, 0x0, 0x0, 0x0, 0x0, 0x0, 0x0, 0x0, 0xd, 0xff, 0xa0, 0x0, 0x0,
    0x0, 0x0, 0x0, 0x0, 0x0, 0xdf, 0xf9, 0x0, 0x0, 0x0, 0x0, 0x0, 0x0, 0x0, 0xd,
    0xfc, 0x10, 0x0, 0x0, 0x0, 0x0, 0x0, 0x0, 0x0, 0xac, 0x1c, 0xff, 0xff, 0xff,
    0xff, 0xff, 0xf8, 0x0, 0x0, 0x1b, 0xff, 0xff, 0xff, 0xff, 0xff, 0xff, 0xf7,
    0x0, 0x0, 0x6f, 0xff, 0xff, 0xff, 0xff, 0xff, 0xfe, 0x27, 0x10, 0x0, 0x59,
    0x99, 0x99, 0x99, 0x99, 0x99, 0x29, 0xf8, 0x0, 0x0, 0x0, 0x0, 0x0, 0x0, 0x0,
    0x9, 0xff, 0x80, 0x0, 0x0, 0x0, 0x0, 0x0, 0x0, 0x0, 0xff, 0xf8, 0x0, 0x0,
    0x0, 0x0, 0x0, 0x0, 0x0, 0xf, 0xff, 0x80, 0x0, 0x0, 0x0, 0x0, 0x0, 0x0, 0x0,
    0xff, 0xf8, 0x0, 0x0, 0x0, 0x0, 0x0, 0x0, 0x0, 0xf, 0xff, 0x80, 0x0, 0x0,
    0x0, 0x0, 0x0, 0x0, 0x0, 0xff, 0xf8, 0x0, 0x0, 0x0, 0x0, 0x0, 0x0, 0x0, 0xf,
    0xff, 0x80, 0x0, 0x0, 0x0, 0x0, 0x0, 0x0, 0x0, 0xff, 0xf8, 0x0, 0x0, 0x0,
    0x0, 0x0, 0x0, 0x0, 0xf, 0xff, 0x80, 0x0, 0x0, 0x0, 0x0, 0x0, 0x0, 0x0,
    0xff, 0xf8, 0x0, 0x17, 0x99, 0x99, 0x99, 0x99, 0x99, 0x2e, 0xff, 0x84, 0xbf,
    0xff, 0xff, 0xff, 0xff, 0xff, 0xf8, 0x9f, 0xf8, 0x8f, 0xff, 0xff, 0xff,
    0xff, 0xff, 0xff, 0xe3, 0xff, 0x30, 0x9f, 0xff, 0xff, 0xff, 0xff, 0xff,
    0xff, 0x4c, 0x60,

    /* U+0036 "6" */
    0x9, 0xff, 0xff, 0xff, 0xff, 0xff, 0xff, 0xff, 0x90, 0x7, 0xff, 0xff, 0xff,
    0xff, 0xff, 0xff, 0xff, 0xf3, 0x0, 0x4b, 0xff, 0xff, 0xff, 0xff, 0xff, 0xff,
    0xfd, 0x0, 0x9, 0x62, 0x79, 0x99, 0x99, 0x99, 0x99, 0x99, 0x50, 0x0, 0xdf,
    0xf7, 0x0, 0x0, 0x0, 0x0, 0x0, 0x0, 0x0, 0xd, 0xff, 0xa0, 0x0, 0x0, 0x0,
    0x0, 0x0, 0x0, 0x0, 0xdf, 0xfa, 0x0, 0x0, 0x0, 0x0, 0x0, 0x0, 0x0, 0xd,
    0xff, 0xa0, 0x0, 0x0, 0x0, 0x0, 0x0, 0x0, 0x0, 0xdf, 0xfa, 0x0, 0x0, 0x0,
    0x0, 0x0, 0x0, 0x0, 0xd, 0xff, 0xa0, 0x0, 0x0, 0x0, 0x0, 0x0, 0x0, 0x0,
    0xdf, 0xfa, 0x0, 0x0, 0x0, 0x0, 0x0, 0x0, 0x0, 0xd, 0xff, 0xa0, 0x0, 0x0,
    0x0, 0x0, 0x0, 0x0, 0x0, 0xdf, 0xf9, 0x0, 0x0, 0x0, 0x0, 0x0, 0x0, 0x0, 0xd,
    0xfc, 0x10, 0x0, 0x0, 0x0, 0x0, 0x0, 0x0, 0x0, 0xac, 0x1c, 0xff, 0xff, 0xff,
    0xff, 0xff, 0xf8, 0x0, 0x0, 0x1b, 0xff, 0xff, 0xff, 0xff, 0xff, 0xff, 0xf7,
    0x0, 0x45, 0x6f, 0xff, 0xff, 0xff, 0xff, 0xff, 0xfe, 0x27, 0x1c, 0xf4, 0x59,
    0x99, 0x99, 0x99, 0x99, 0x99, 0x29, 0xf8, 0xdf, 0xf4, 0x0, 0x0, 0x0, 0x0,
    0x0, 0x9, 0xff, 0x8d, 0xff, 0xa0, 0x0, 0x0, 0x0, 0x0, 0x0, 0xff, 0xf8, 0xdf,
    0xfa, 0x0, 0x0, 0x0, 0x0, 0x0, 0xf, 0xff, 0x8d, 0xff, 0xa0, 0x0, 0x0, 0x0,
    0x0, 0x0, 0xff, 0xf8, 0xdf, 0xfa, 0x0, 0x0, 0x0, 0x0, 0x0, 0xf, 0xff, 0x8d,
    0xff, 0xa0, 0x0, 0x0, 0x0, 0x0, 0x0, 0xff, 0xf8, 0xdf, 0xfa, 0x0, 0x0, 0x0,
    0x0, 0x0, 0xf, 0xff, 0x8d, 0xff, 0xa0, 0x0, 0x0, 0x0, 0x0, 0x0, 0xff, 0xf8,
    0xdf, 0xfa, 0x0, 0x0, 0x0, 0x0, 0x0, 0xf, 0xff, 0x8d, 0xff, 0x70, 0x0, 0x0,
    0x0, 0x0, 0x0, 0xff, 0xf8, 0x95, 0x27, 0x99, 0x99, 0x99, 0x99, 0x99, 0x2e,
    0xff, 0x84, 0xbf, 0xff, 0xff, 0xff, 0xff, 0xff, 0xf8, 0x9f, 0xf8, 0x8f,
    0xff, 0xff, 0xff, 0xff, 0xff, 0xff, 0xe3, 0xff, 0x30, 0x9f, 0xff, 0xff,
    0xff, 0xff, 0xff, 0xff, 0x4c, 0x60,

    /* U+0037 "7" */
    0x9, 0xff, 0xff, 0xff, 0xff, 0xff, 0xff, 0xf4, 0xc6, 0x7, 0xff, 0xff, 0xff,
    0xff, 0xff, 0xff, 0xfe, 0x3f, 0xf3, 0x4b, 0xff, 0xff, 0xff, 0xff, 0xff,
    0xff, 0x89, 0xff, 0x89, 0x62, 0x79, 0x99, 0x99, 0x99, 0x99, 0x92, 0xef,
    0xf8, 0xdf, 0xf7, 0x0, 0x0, 0x0, 0x0, 0x0, 0xf, 0xff, 0x8d, 0xff, 0xa0, 0x0,
    0x0, 0x0, 0x0, 0x0, 0xff, 0xf8, 0xdf, 0xfa, 0x0, 0x0, 0x0, 0x0, 0x0, 0xf,
    0xff, 0x8d, 0xff, 0xa0, 0x0, 0x0, 0x0, 0x0, 0x0, 0xff, 0xf8, 0xdf, 0xfa,
    0x0, 0x0, 0x0, 0x0, 0x0, 0xf, 0xff, 0x8d, 0xff, 0xa0, 0x0, 0x0, 0x0, 0x0,
    0x0, 0xff, 0xf8, 0xdf, 0xfa, 0x0, 0x0, 0x0, 0x0, 0x0, 0xf, 0xff, 0x8d, 0xff,
    0xa0, 0x0, 0x0, 0x0, 0x0, 0x0, 0xff, 0xf8, 0xdf, 0xfa, 0x0, 0x0, 0x0, 0x0,
    0x0, 0xf, 0xff, 0x8d, 0xfe, 0x20, 0x0, 0x0, 0x0, 0x0, 0x0, 0x6f, 0xf8, 0xce,
    0x20, 0x0, 0x0, 0x0, 0x0, 0x0, 0x0, 0x6f, 0x72, 0x20, 0x0, 0x0, 0x0, 0x0,
    0x0, 0x0, 0x0, 0x40, 0x0, 0x0, 0x0, 0x0, 0x0, 0x0, 0x0, 0x0, 0x4, 0x0, 0x0,
    0x0, 0x0, 0x0, 0x0, 0x0, 0x0, 0x6, 0xf7, 0x0, 0x0, 0x0, 0x0, 0x0, 0x0, 0x0,
    0x6, 0xff, 0x80, 0x0, 0x0, 0x0, 0x0, 0x0, 0x0, 0x0, 0xff, 0xf8, 0x0, 0x0,
    0x0, 0x0, 0x0, 0x0, 0x0, 0xf, 0xff, 0x80, 0x0, 0x0, 0x0, 0x0, 0x0, 0x0, 0x0,
    0xff, 0xf8, 0x0, 0x0, 0x0, 0x0, 0x0, 0x0, 0x0, 0xf, 0xff, 0x80, 0x0, 0x0,
    0x0, 0x0, 0x0, 0x0, 0x0, 0xff, 0xf8, 0x0, 0x0, 0x0, 0x0, 0x0, 0x0, 0x0, 0xf,
    0xff, 0x80, 0x0, 0x0, 0x0, 0x0, 0x0, 0x0, 0x0, 0xff, 0xf8, 0x0, 0x0, 0x0,
    0x0, 0x0, 0x0, 0x0, 0xf, 0xff, 0x80, 0x0, 0x0, 0x0, 0x0, 0x0, 0x0, 0x0,
    0xff, 0xf8, 0x0, 0x0, 0x0, 0x0, 0x0, 0x0, 0x0, 0xe, 0xff, 0x80, 0x0, 0x0,
    0x0, 0x0, 0x0, 0x0, 0x0, 0x9f, 0xf8, 0x0, 0x0, 0x0, 0x0, 0x0, 0x0, 0x0, 0x3,
    0xff, 0x30, 0x0, 0x0, 0x0, 0x0, 0x0, 0x0, 0x0, 0xc, 0x60,

    /* U+0038 "8" */
    0x9, 0xff, 0xff, 0xff, 0xff, 0xff, 0xff, 0xf4, 0xc6, 0x7, 0xff, 0xff, 0xff,
    0xff, 0xff, 0xff, 0xfe, 0x3f, 0xf3, 0x4b, 0xff, 0xff, 0xff, 0xff, 0xff,
    0xff, 0x89, 0xff, 0x89, 0x62, 0x79, 0x99, 0x99, 0x99, 0x99, 0x92, 0xef,
    0xf8, 0xdf, 0xf7, 0x0, 0x0, 0x0, 0x0, 0x0, 0xf, 0xff, 0x8d, 0xff, 0xa0, 0x0,
    0x0, 0x0, 0x0, 0x0, 0xff, 0xf8, 0xdf, 0xfa, 0x0, 0x0, 0x0, 0x0, 0x0, 0xf,
    0xff, 0x8d, 0xff, 0xa0, 0x0, 0x0, 0x0, 0x0, 0x0, 0xff, 0xf8, 0xdf, 0xfa,
    0x0, 0x0, 0x0, 0x0, 0x0, 0xf, 0xff, 0x8d, 0xff, 0xa0, 0x0, 0x0, 0x0, 0x0,
    0x0, 0xff, 0xf8, 0xdf, 0xfa, 0x0, 0x0, 0x0, 0x0, 0x0, 0xf, 0xff, 0x8d, 0xff,
    0xa0, 0x0, 0x0, 0x0, 0x0, 0x0, 0xff, 0xf8, 0xdf, 0xf9, 0x0, 0x0, 0x0, 0x0,
    0x0, 0xe, 0xff, 0x8d, 0xfc, 0x10, 0x0, 0x0, 0x0, 0x0, 0x0, 0x3f, 0xf8, 0xac,
    0x1c, 0xff, 0xff, 0xff, 0xff, 0xff, 0xf8, 0x3f, 0x50, 0x1b, 0xff, 0xff,
    0xff, 0xff, 0xff, 0xff, 0xf7, 0x10, 0x45, 0x6f, 0xff, 0xff, 0xff, 0xff,
    0xff, 0xfe, 0x27, 0x1c, 0xf4, 0x59, 0x99, 0x99, 0x99, 0x99, 0x99, 0x29,
    0xf8, 0xdf, 0xf4, 0x0, 0x0, 0x0, 0x0, 0x0, 0x9, 0xff, 0x8d, 0xff, 0xa0, 0x0,
    0x0, 0x0, 0x0, 0x0, 0xff, 0xf8, 0xdf, 0xfa, 0x0, 0x0, 0x0, 0x0, 0x0, 0xf,
    0xff, 0x8d, 0xff, 0xa0, 0x0, 0x0, 0x0, 0x0, 0x0, 0xff, 0xf8, 0xdf, 0xfa,
    0x0, 0x0, 0x0, 0x0, 0x0, 0xf, 0xff, 0x8d, 0xff, 0xa0, 0x0, 0x0, 0x0, 0x0,
    0x0, 0xff, 0xf8, 0xdf, 0xfa, 0x0, 0x0, 0x0, 0x0, 0x0, 0xf, 0xff, 0x8d, 0xff,
    0xa0, 0x0, 0x0, 0x0, 0x0, 0x0, 0xff, 0xf8, 0xdf, 0xfa, 0x0, 0x0, 0x0, 0x0,
    0x0, 0xf, 0xff, 0x8d, 0xff, 0x70, 0x0, 0x0, 0x0, 0x0, 0x0, 0xff, 0xf8, 0x95,
    0x27, 0x99, 0x99, 0x99, 0x99, 0x99, 0x2e, 0xff, 0x84, 0xbf, 0xff, 0xff,
    0xff, 0xff, 0xff, 0xf8, 0x9f, 0xf8, 0x8f, 0xff, 0xff, 0xff, 0xff, 0xff,
    0xff, 0xe3, 0xff, 0x30, 0x9f, 0xff, 0xff, 0xff, 0xff, 0xff, 0xff, 0x4c,
    0x60,

    /* U+0039 "9" */
    0x9, 0xff, 0xff, 0xff, 0xff, 0xff, 0xff, 0xf4, 0xc6, 0x7, 0xff, 0xff, 0xff,
    0xff, 0xff, 0xff, 0xfe, 0x3f, 0xf3, 0x4b, 0xff, 0xff, 0xff, 0xff, 0xff,
    0xff, 0x89, 0xff, 0x89, 0x62, 0x79, 0x99, 0x99, 0x99, 0x99, 0x92, 0xef,
    0xf8, 0xdf, 0xf7, 0x0, 0x0, 0x0, 0x0, 0x0, 0xf, 0xff, 0x8d, 0xff, 0xa0, 0x0,
    0x0, 0x0, 0x0, 0x0, 0xff, 0xf8, 0xdf, 0xfa, 0x0, 0x0, 0x0, 0x0, 0x0, 0xf,
    0xff, 0x8d, 0xff, 0xa0, 0x0, 0x0, 0x0, 0x0, 0x0, 0xff, 0xf8, 0xdf, 0xfa,
    0x0, 0x0, 0x0, 0x0, 0x0, 0xf, 0xff, 0x8d, 0xff, 0xa0, 0x0, 0x0, 0x0, 0x0,
    0x0, 0xff, 0xf8, 0xdf, 0xfa, 0x0, 0x0, 0x0, 0x0, 0x0, 0xf, 0xff, 0x8d, 0xff,
    0xa0, 0x0, 0x0, 0x0, 0x0, 0x0, 0xff, 0xf8, 0xdf, 0xf9, 0x0, 0x0, 0x0, 0x0,
    0x0, 0xe, 0xff, 0x8d, 0xfc, 0x10, 0x0, 0x0, 0x0, 0x0, 0x0, 0x3f, 0xf8, 0xac,
    0x1c, 0xff, 0xff, 0xff, 0xff, 0xff, 0xf8, 0x3f, 0x50, 0x1b, 0xff, 0xff,
    0xff, 0xff, 0xff, 0xff, 0xf7, 0x10, 0x0, 0x6f, 0xff, 0xff, 0xff, 0xff, 0xff,
    0xfe, 0x27, 0x10, 0x0, 0x59, 0x99, 0x99, 0x99, 0x99, 0x99, 0x29, 0xf8, 0x0,
    0x0, 0x0, 0x0, 0x0, 0x0, 0x0, 0x9, 0xff, 0x80, 0x0, 0x0, 0x0, 0x0, 0x0, 0x0,
    0x0, 0xff, 0xf8, 0x0, 0x0, 0x0, 0x0, 0x0, 0x0, 0x0, 0xf, 0xff, 0x80, 0x0,
    0x0, 0x0, 0x0, 0x0, 0x0, 0x0, 0xff, 0xf8, 0x0, 0x0, 0x0, 0x0, 0x0, 0x0, 0x0,
    0xf, 0xff, 0x80, 0x0, 0x0, 0x0, 0x0, 0x0, 0x0, 0x0, 0xff, 0xf8, 0x0, 0x0,
    0x0, 0x0, 0x0, 0x0, 0x0, 0xf, 0xff, 0x80, 0x0, 0x0, 0x0, 0x0, 0x0, 0x0, 0x0,
    0xff, 0xf8, 0x0, 0x0, 0x0, 0x0, 0x0, 0x0, 0x0, 0xf, 0xff, 0x80, 0x0, 0x0,
    0x0, 0x0, 0x0, 0x0, 0x0, 0xff, 0xf8, 0x0, 0x17, 0x99, 0x99, 0x99, 0x99,
    0x99, 0x2e, 0xff, 0x84, 0xbf, 0xff, 0xff, 0xff, 0xff, 0xff, 0xf8, 0x9f,
    0xf8, 0x8f, 0xff, 0xff, 0xff, 0xff, 0xff, 0xff, 0xe3, 0xff, 0x30, 0x9f,
    0xff, 0xff, 0xff, 0xff, 0xff, 0xff, 0x4c, 0x60,

    /* U+003A ":" */
    0xdf, 0xfa, 0xdf, 0xfa, 0xdf, 0xfa, 0x79, 0x96, 0x0, 0x0, 0x0, 0x0, 0x0,
    0x0, 0x0, 0x0, 0x0, 0x0, 0x0, 0x0, 0x0, 0x0, 0x0, 0x0, 0x0, 0x0, 0x0, 0x0,
    0x0, 0x0, 0x0, 0x0, 0x0, 0x0, 0x0, 0x0, 0x0, 0x0, 0x0, 0x0, 0x0, 0x0, 0x79,
    0x96, 0xdf, 0xfa, 0xdf, 0xfa, 0xdf, 0xfa,

    /* U+003B ";" */
    0x79, 0x96, 0xdf, 0xfa, 0xdf, 0xfa, 0xdf, 0xfa, 0x0, 0x0, 0x0, 0x0, 0x0,
    0x0, 0x0, 0x0, 0x0, 0x0, 0x0, 0x0, 0x0, 0x0, 0x0, 0x0, 0x0, 0x0, 0x0, 0x0,
    0x0, 0x0, 0x0, 0x0, 0x0, 0x0, 0x0, 0x0, 0x0, 0x0, 0x0, 0x0, 0x0, 0x0, 0x0,
    0x0, 0xdf, 0xfa, 0xdf, 0xfa, 0xdf, 0xfa, 0xdf, 0xfa, 0xdf, 0xfa, 0xdf, 0xfa,
    0xdf, 0xfa, 0x7f, 0xf4, 0x7, 0x50,

    /* U+003C "<" */
    0x0, 0x0, 0x0, 0x0, 0x4a, 0x90, 0x0, 0x0, 0x0, 0x4, 0xff, 0xf8, 0x0, 0x0,
    0x0, 0x3f, 0xff, 0xf8, 0x0, 0x0, 0x3, 0xff, 0xff, 0x90, 0x0, 0x0, 0x3f,
    0xff, 0xf9, 0x0, 0x0, 0x3, 0xff, 0xff, 0x90, 0x0, 0x0, 0x3e, 0xff, 0xfa,
    0x0, 0x0, 0x2, 0xef, 0xff, 0xa0, 0x0, 0x0, 0x2e, 0xff, 0xfa, 0x0, 0x0, 0x0,
    0x23, 0x33, 0x30, 0x0, 0x0, 0x0, 0x5d, 0xee, 0xd5, 0x0, 0x0, 0x0, 0x7, 0xff,
    0xff, 0x50, 0x0, 0x0, 0x0, 0x7f, 0xff, 0xf5, 0x0, 0x0, 0x0, 0x7, 0xff, 0xff,
    0x40, 0x0, 0x0, 0x0, 0x8f, 0xff, 0xf4, 0x0, 0x0, 0x0, 0x8, 0xff, 0xff, 0x40,
    0x0, 0x0, 0x0, 0x8f, 0xff, 0xf4, 0x0, 0x0, 0x0, 0x9, 0xff, 0xfb, 0x0, 0x0,
    0x0, 0x0, 0x9f, 0xe1,

    /* U+003D "=" */
    0x3, 0x88, 0x88, 0x88, 0x88, 0x88, 0x84, 0x0, 0x2e, 0xff, 0xff, 0xff, 0xff,
    0xff, 0xff, 0x50, 0x7f, 0xff, 0xff, 0xff, 0xff, 0xff, 0xff, 0xb0, 0x9, 0xff,
    0xff, 0xff, 0xff, 0xff, 0xfb, 0x0, 0x0, 0x0, 0x0, 0x0, 0x0, 0x0, 0x0, 0x0,
    0x0, 0x0, 0x0, 0x0, 0x0, 0x0, 0x0, 0x0, 0x0, 0x0, 0x0, 0x0, 0x0, 0x0, 0x0,
    0x0, 0x3, 0x88, 0x88, 0x88, 0x88, 0x88, 0x84, 0x0, 0x2e, 0xff, 0xff, 0xff,
    0xff, 0xff, 0xff, 0x50, 0x7f, 0xff, 0xff, 0xff, 0xff, 0xff, 0xff, 0xb0, 0x9,
    0xff, 0xff, 0xff, 0xff, 0xff, 0xfb, 0x0,

    /* U+003E ">" */
    0x7, 0xa5, 0x0, 0x0, 0x0, 0x0, 0x6f, 0xff, 0x60, 0x0, 0x0, 0x0, 0x6f, 0xff,
    0xf5, 0x0, 0x0, 0x0, 0x6, 0xff, 0xff, 0x50, 0x0, 0x0, 0x0, 0x7f, 0xff, 0xf5,
    0x0, 0x0, 0x0, 0x7, 0xff, 0xff, 0x50, 0x0, 0x0, 0x0, 0x8f, 0xff, 0xf4, 0x0,
    0x0, 0x0, 0x8, 0xff, 0xff, 0x40, 0x0, 0x0, 0x0, 0x8f, 0xff, 0xf4, 0x0, 0x0,
    0x0, 0x3, 0x33, 0x33, 0x0, 0x0, 0x0, 0x3d, 0xee, 0xe7, 0x0, 0x0, 0x3, 0xff,
    0xff, 0x90, 0x0, 0x0, 0x3f, 0xff, 0xf9, 0x0, 0x0, 0x3, 0xff, 0xff, 0xa0,
    0x0, 0x0, 0x2e, 0xff, 0xfa, 0x0, 0x0, 0x2, 0xef, 0xff, 0xa0, 0x0, 0x0, 0x2e,
    0xff, 0xfa, 0x0, 0x0, 0x0, 0x9f, 0xff, 0xb0, 0x0, 0x0, 0x0, 0xd, 0xfb, 0x0,
    0x0, 0x0, 0x0,

    /* U+003F "?" */
    0x9, 0xff, 0xff, 0xff, 0xff, 0xff, 0xff, 0xf4, 0xc6, 0x7, 0xff, 0xff, 0xff,
    0xff, 0xff, 0xff, 0xfe, 0x3f, 0xf3, 0x4b, 0xff, 0xff, 0xff, 0xff, 0xff,
    0xff, 0x89, 0xff, 0x80, 0x1, 0x79, 0x99, 0x99, 0x99, 0x99, 0x92, 0xef, 0xf8,
    0x0, 0x0, 0x0, 0x0, 0x0, 0x0, 0x0, 0xf, 0xff, 0x80, 0x0, 0x0, 0x0, 0x0, 0x0,
    0x0, 0x0, 0xff, 0xf8, 0x0, 0x0, 0x0, 0x0, 0x0, 0x0, 0x0, 0xf, 0xff, 0x80,
    0x0, 0x0, 0x0, 0x0, 0x0, 0x0, 0x0, 0xff, 0xf8, 0x0, 0x0, 0x0, 0x0, 0x0, 0x0,
    0x0, 0xf, 0xff, 0x80, 0x0, 0x0, 0x0, 0x0, 0x0, 0x0, 0x0, 0xff, 0xf8, 0x0,
    0x0, 0x0, 0x0, 0x0, 0x0, 0x0, 0xf, 0xff, 0x80, 0x0, 0x0, 0x0, 0x0, 0x0, 0x0,
    0x0, 0xff, 0xf8, 0x0, 0x0, 0x0, 0x0, 0x0, 0x0, 0x0, 0xe, 0xff, 0x80, 0x0,
    0x0, 0x0, 0x0, 0x0, 0x0, 0x0, 0x3f, 0xf8, 0x0, 0xc, 0xff, 0xff, 0xff, 0xff,
    0xff, 0xf8, 0x3f, 0x50, 0xb, 0xff, 0xff, 0xff, 0xff, 0xff, 0xff, 0xf7, 0x10,
    0x45, 0x6f, 0xff, 0xff, 0xff, 0xff, 0xff, 0xfe, 0x20, 0xc, 0xf4, 0x59, 0x99,
    0x99, 0x99, 0x99, 0x99, 0x20, 0x0, 0xdf, 0xf4, 0x0, 0x0, 0x0, 0x0, 0x0, 0x0,
    0x0, 0xd, 0xff, 0xa0, 0x0, 0x0, 0x0, 0x0, 0x0, 0x0, 0x0, 0xdf, 0xfa, 0x0,
    0x0, 0x0, 0x0, 0x0, 0x0, 0x0, 0xd, 0xff, 0xa0, 0x0, 0x0, 0x0, 0x0, 0x0, 0x0,
    0x0, 0xdf, 0xfa, 0x0, 0x0, 0x0, 0x0, 0x0, 0x0, 0x0, 0xd, 0xff, 0xa0, 0x0,
    0x0, 0x0, 0x0, 0x0, 0x0, 0x0, 0xad, 0xd8, 0x0, 0x0, 0x0, 0x0, 0x0, 0x0, 0x0,
    0x0, 0x0, 0x0, 0x0, 0x0, 0x0, 0x0, 0x0, 0x0, 0x0, 0x0, 0x0, 0x0, 0x0, 0x0,
    0x0, 0x0, 0x0, 0x0, 0x0, 0x0, 0x0, 0x0, 0x0, 0x0, 0x0, 0x0, 0x0, 0x0, 0x79,
    0x96, 0x0, 0x0, 0x0, 0x0, 0x0, 0x0, 0x0, 0xd, 0xff, 0xa0, 0x0, 0x0, 0x0,
    0x0, 0x0, 0x0, 0x0, 0xdf, 0xfa, 0x0, 0x0, 0x0, 0x0, 0x0, 0x0, 0x0, 0xd,
    0xff, 0xa0, 0x0, 0x0, 0x0, 0x0, 0x0, 0x0, 0x0,

    /* U+0040 "@" */
    0x9, 0xff, 0xff, 0xff, 0xff, 0xff, 0xff, 0xf4, 0xc6, 0x7, 0xff, 0xff, 0xff,
    0xff, 0xff, 0xff, 0xfe, 0x3f, 0xf3, 0x4b, 0xff, 0xff, 0xff, 0xff, 0xff,
    0xff, 0x89, 0xff, 0x89, 0x62, 0x79, 0x99, 0x99, 0x99, 0x99, 0x92, 0xef,
    0xf8, 0xdf, 0xf7, 0x0, 0x0, 0x0, 0x0, 0x0, 0xf, 0xff, 0x8d, 0xff, 0xa0, 0x0,
    0x0, 0x0, 0x0, 0x0, 0xff, 0xf8, 0xdf, 0xfa, 0x0, 0x0, 0x0, 0x0, 0x0, 0xf,
    0xff, 0x8d, 0xff, 0xa0, 0x0, 0x9, 0xff, 0xff, 0xf2, 0xff, 0xf8, 0xdf, 0xfa,
    0x0, 0x8, 0xff, 0xff, 0xff, 0x2f, 0xff, 0x8d, 0xff, 0xa0, 0x0, 0x4b, 0xff,
    0xff, 0xf2, 0xff, 0xf8, 0xdf, 0xfa, 0x0, 0x9, 0x52, 0x79, 0x99, 0x1f, 0xff,
    0x8d, 0xff, 0xa0, 0x0, 0xdf, 0xf6, 0x0, 0x0, 0xff, 0xf8, 0xdf, 0xfa, 0x0,
    0xd, 0xff, 0xa0, 0x0, 0xf, 0xff, 0x8d, 0xfe, 0x10, 0x0, 0xdf, 0xe1, 0x0,
    0x0, 0x5f, 0xf8, 0xbe, 0x20, 0x0, 0xc, 0xe2, 0x0, 0x0, 0x0, 0x5f, 0x71,
    0x20, 0x0, 0x0, 0x12, 0x0, 0x0, 0x0, 0x0, 0x40, 0x22, 0x0, 0x0, 0x2, 0x20,
    0x0, 0x0, 0x0, 0x4, 0xc, 0xe2, 0x0, 0x0, 0xce, 0x20, 0x0, 0x0, 0x6, 0xf7,
    0xdf, 0xe2, 0x0, 0xd, 0xfe, 0x20, 0x0, 0x5, 0xff, 0x8d, 0xff, 0xa0, 0x0,
    0xdf, 0xfa, 0x0, 0x0, 0xff, 0xf8, 0xdf, 0xfa, 0x0, 0xd, 0xfe, 0x60, 0x0,
    0xf, 0xff, 0x8d, 0xff, 0xa0, 0x0, 0x95, 0x28, 0x99, 0x92, 0xef, 0xf8, 0xdf,
    0xfa, 0x0, 0x5, 0xcf, 0xff, 0xff, 0x89, 0xff, 0x8d, 0xff, 0xa0, 0x0, 0x8f,
    0xff, 0xff, 0xfe, 0x3f, 0xf3, 0xdf, 0xfa, 0x0, 0x0, 0x9f, 0xff, 0xff, 0xf4,
    0xb5, 0xd, 0xff, 0xa0, 0x0, 0x0, 0x0, 0x0, 0x0, 0x0, 0x0, 0xdf, 0xfa, 0x0,
    0x0, 0x0, 0x0, 0x0, 0x0, 0x0, 0xd, 0xff, 0x70, 0x0, 0x0, 0x0, 0x0, 0x0, 0x0,
    0x0, 0x96, 0x27, 0x99, 0x99, 0x99, 0x99, 0x99, 0x20, 0x0, 0x4, 0xbf, 0xff,
    0xff, 0xff, 0xff, 0xff, 0xf8, 0x0, 0x0, 0x8f, 0xff, 0xff, 0xff, 0xff, 0xff,
    0xff, 0xe0, 0x0, 0x0, 0x9f, 0xff, 0xff, 0xff, 0xff, 0xff, 0xff, 0x40, 0x0,

    /* U+0041 "A" */
    0x9, 0xff, 0xff, 0xff, 0xff, 0xff, 0xff, 0xf4, 0xc6, 0x7, 0xff, 0xff, 0xff,
    0xff, 0xff, 0xff, 0xfe, 0x3f, 0xf3, 0x4b, 0xff, 0xff, 0xff, 0xff, 0xff,
    0xff, 0x89, 0xff, 0x89, 0x62, 0x79, 0x99, 0x99, 0x99, 0x99, 0x92, 0xef,
    0xf8, 0xdf, 0xf7, 0x0, 0x0, 0x0, 0x0, 0x0, 0xf, 0xff, 0x8d, 0xff, 0xa0, 0x0,
    0x0, 0x0, 0x0, 0x0, 0xff, 0xf8, 0xdf, 0xfa, 0x0, 0x0, 0x0, 0x0, 0x0, 0xf,
    0xff, 0x8d, 0xff, 0xa0, 0x0, 0x0, 0x0, 0x0, 0x0, 0xff, 0xf8, 0xdf, 0xfa,
    0x0, 0x0, 0x0, 0x0, 0x0, 0xf, 0xff, 0x8d, 0xff, 0xa0, 0x0, 0x0, 0x0, 0x0,
    0x0, 0xff, 0xf8, 0xdf, 0xfa, 0x0, 0x0, 0x0, 0x0, 0x0, 0xf, 0xff, 0x8d, 0xff,
    0xa0, 0x0, 0x0, 0x0, 0x0, 0x0, 0xff, 0xf8, 0xdf, 0xf9, 0x0, 0x0, 0x0, 0x0,
    0x0, 0xe, 0xff, 0x8d, 0xfc, 0x10, 0x0, 0x0, 0x0, 0x0, 0x0, 0x3f, 0xf8, 0xac,
    0x1c, 0xff, 0xff, 0xff, 0xff, 0xff, 0xf8, 0x3f, 0x50, 0x1b, 0xff, 0xff,
    0xff, 0xff, 0xff, 0xff, 0xf7, 0x10, 0x45, 0x6f, 0xff, 0xff, 0xff, 0xff,
    0xff, 0xfe, 0x27, 0x1c, 0xf5, 0x59, 0x99, 0x99, 0x99, 0x99, 0x99, 0x29,
    0xf8, 0xdf, 0xf4, 0x0, 0x0, 0x0, 0x0, 0x0, 0x9, 0xff, 0x8d, 0xff, 0xa0, 0x0,
    0x0, 0x0, 0x0, 0x0, 0xff, 0xf8, 0xdf, 0xfa, 0x0, 0x0, 0x0, 0x0, 0x0, 0xf,
    0xff, 0x8d, 0xff, 0xa0, 0x0, 0x0, 0x0, 0x0, 0x0, 0xff, 0xf8, 0xdf, 0xfa,
    0x0, 0x0, 0x0, 0x0, 0x0, 0xf, 0xff, 0x8d, 0xff, 0xa0, 0x0, 0x0, 0x0, 0x0,
    0x0, 0xff, 0xf8, 0xdf, 0xfa, 0x0, 0x0, 0x0, 0x0, 0x0, 0xf, 0xff, 0x8d, 0xff,
    0xa0, 0x0, 0x0, 0x0, 0x0, 0x0, 0xff, 0xf8, 0xdf, 0xfa, 0x0, 0x0, 0x0, 0x0,
    0x0, 0xf, 0xff, 0x8d, 0xff, 0xa0, 0x0, 0x0, 0x0, 0x0, 0x0, 0xff, 0xf8, 0xdf,
    0xf8, 0x0, 0x0, 0x0, 0x0, 0x0, 0xd, 0xff, 0x8c, 0xff, 0x30, 0x0, 0x0, 0x0,
    0x0, 0x0, 0x8f, 0xf7, 0x6f, 0xd0, 0x0, 0x0, 0x0, 0x0, 0x0, 0x2, 0xff, 0x20,
    0x65, 0x0, 0x0, 0x0, 0x0, 0x0, 0x0, 0x8, 0x30,

    /* U+0042 "B" */
    0xdf, 0xff, 0xff, 0xff, 0xff, 0xff, 0xff, 0x90, 0x0, 0xd, 0xff, 0xff, 0xff,
    0xff, 0xff, 0xff, 0xff, 0x90, 0x0, 0x4b, 0xff, 0xff, 0xff, 0xff, 0xff, 0xff,
    0xf5, 0x70, 0x9, 0x62, 0x79, 0x99, 0x99, 0x99, 0x99, 0x93, 0xdf, 0x90, 0xdf,
    0xf7, 0x0, 0x0, 0x0, 0x0, 0x0, 0xf, 0xff, 0x6d, 0xff, 0xa0, 0x0, 0x0, 0x0,
    0x0, 0x0, 0xff, 0xf8, 0xdf, 0xfa, 0x0, 0x0, 0x0, 0x0, 0x0, 0xf, 0xff, 0x8d,
    0xff, 0xa0, 0x0, 0x0, 0x0, 0x0, 0x0, 0xff, 0xf8, 0xdf, 0xfa, 0x0, 0x0, 0x0,
    0x0, 0x0, 0xf, 0xff, 0x8d, 0xff, 0xa0, 0x0, 0x0, 0x0, 0x0, 0x0, 0xff, 0xf8,
    0xdf, 0xfa, 0x0, 0x0, 0x0, 0x0, 0x0, 0xf, 0xff, 0x8d, 0xff, 0xa0, 0x0, 0x0,
    0x0, 0x0, 0x0, 0xff, 0xf8, 0xdf, 0xf9, 0x0, 0x0, 0x0, 0x0, 0x0, 0xe, 0xff,
    0x8d, 0xfc, 0x10, 0x0, 0x0, 0x0, 0x0, 0x0, 0x3f, 0xf8, 0xac, 0x1c, 0xff,
    0xff, 0xff, 0xff, 0xff, 0xf8, 0x3f, 0x50, 0x1b, 0xff, 0xff, 0xff, 0xff,
    0xff, 0xff, 0xf7, 0x10, 0x45, 0x6f, 0xff, 0xff, 0xff, 0xff, 0xff, 0xfe,
    0x27, 0x1c, 0xf4, 0x59, 0x99, 0x99, 0x99, 0x99, 0x99, 0x29, 0xf8, 0xdf,
    0xf4, 0x0, 0x0, 0x0, 0x0, 0x0, 0x9, 0xff, 0x8d, 0xff, 0xa0, 0x0, 0x0, 0x0,
    0x0, 0x0, 0xff, 0xf8, 0xdf, 0xfa, 0x0, 0x0, 0x0, 0x0, 0x0, 0xf, 0xff, 0x8d,
    0xff, 0xa0, 0x0, 0x0, 0x0, 0x0, 0x0, 0xff, 0xf8, 0xdf, 0xfa, 0x0, 0x0, 0x0,
    0x0, 0x0, 0xf, 0xff, 0x8d, 0xff, 0xa0, 0x0, 0x0, 0x0, 0x0, 0x0, 0xff, 0xf8,
    0xdf, 0xfa, 0x0, 0x0, 0x0, 0x0, 0x0, 0xf, 0xff, 0x8d, 0xff, 0xa0, 0x0, 0x0,
    0x0, 0x0, 0x0, 0xff, 0xf8, 0xdf, 0xfa, 0x0, 0x0, 0x0, 0x0, 0x0, 0xf, 0xff,
    0x8d, 0xff, 0x70, 0x0, 0x0, 0x0, 0x0, 0x0, 0xff, 0xf6, 0x95, 0x27, 0x99,
    0x99, 0x99, 0x99, 0x99, 0x3d, 0xf9, 0x5, 0xbf, 0xff, 0xff, 0xff, 0xff, 0xff,
    0xff, 0x47, 0x0, 0xdf, 0xff, 0xff, 0xff, 0xff, 0xff, 0xff, 0xf8, 0x0, 0xd,
    0xff, 0xff, 0xff, 0xff, 0xff, 0xff, 0xf9, 0x0, 0x0,

    /* U+0043 "C" */
    0x9, 0xff, 0xff, 0xff, 0xff, 0xff, 0xff, 0xff, 0x97, 0xff, 0xff, 0xff, 0xff,
    0xff, 0xff, 0xff, 0xf3, 0x4b, 0xff, 0xff, 0xff, 0xff, 0xff, 0xff, 0xfd, 0x9,
    0x62, 0x79, 0x99, 0x99, 0x99, 0x99, 0x99, 0x50, 0xdf, 0xf7, 0x0, 0x0, 0x0,
    0x0, 0x0, 0x0, 0xd, 0xff, 0xa0, 0x0, 0x0, 0x0, 0x0, 0x0, 0x0, 0xdf, 0xfa,
    0x0, 0x0, 0x0, 0x0, 0x0, 0x0, 0xd, 0xff, 0xa0, 0x0, 0x0, 0x0, 0x0, 0x0, 0x0,
    0xdf, 0xfa, 0x0, 0x0, 0x0, 0x0, 0x0, 0x0, 0xd, 0xff, 0xa0, 0x0, 0x0, 0x0,
    0x0, 0x0, 0x0, 0xdf, 0xfa, 0x0, 0x0, 0x0, 0x0, 0x0, 0x0, 0xd, 0xff, 0xa0,
    0x0, 0x0, 0x0, 0x0, 0x0, 0x0, 0xdf, 0xfa, 0x0, 0x0, 0x0, 0x0, 0x0, 0x0, 0xd,
    0xfe, 0x20, 0x0, 0x0, 0x0, 0x0, 0x0, 0x0, 0xce, 0x20, 0x0, 0x0, 0x0, 0x0,
    0x0, 0x0, 0x2, 0x20, 0x0, 0x0, 0x0, 0x0, 0x0, 0x0, 0x0, 0x22, 0x0, 0x0, 0x0,
    0x0, 0x0, 0x0, 0x0, 0xc, 0xe2, 0x0, 0x0, 0x0, 0x0, 0x0, 0x0, 0x0, 0xdf,
    0xe2, 0x0, 0x0, 0x0, 0x0, 0x0, 0x0, 0xd, 0xff, 0xa0, 0x0, 0x0, 0x0, 0x0,
    0x0, 0x0, 0xdf, 0xfa, 0x0, 0x0, 0x0, 0x0, 0x0, 0x0, 0xd, 0xff, 0xa0, 0x0,
    0x0, 0x0, 0x0, 0x0, 0x0, 0xdf, 0xfa, 0x0, 0x0, 0x0, 0x0, 0x0, 0x0, 0xd,
    0xff, 0xa0, 0x0, 0x0, 0x0, 0x0, 0x0, 0x0, 0xdf, 0xfa, 0x0, 0x0, 0x0, 0x0,
    0x0, 0x0, 0xd, 0xff, 0xa0, 0x0, 0x0, 0x0, 0x0, 0x0, 0x0, 0xdf, 0xfa, 0x0,
    0x0, 0x0, 0x0, 0x0, 0x0, 0xd, 0xff, 0x70, 0x0, 0x0, 0x0, 0x0, 0x0, 0x0,
    0x96, 0x27, 0x99, 0x99, 0x99, 0x99, 0x99, 0x95, 0x4, 0xbf, 0xff, 0xff, 0xff,
    0xff, 0xff, 0xff, 0xd0, 0x8f, 0xff, 0xff, 0xff, 0xff, 0xff, 0xff, 0xff,
    0x30, 0x9f, 0xff, 0xff, 0xff, 0xff, 0xff, 0xff, 0xf9,

    /* U+0044 "D" */
    0xdf, 0xff, 0xff, 0xff, 0xff, 0xff, 0xff, 0x90, 0x0, 0xd, 0xff, 0xff, 0xff,
    0xff, 0xff, 0xff, 0xff, 0x90, 0x0, 0x4b, 0xff, 0xff, 0xff, 0xff, 0xff, 0xff,
    0xf5, 0x70, 0x9, 0x62, 0x79, 0x99, 0x99, 0x99, 0x99, 0x93, 0xdf, 0x90, 0xdf,
    0xf7, 0x0, 0x0, 0x0, 0x0, 0x0, 0xf, 0xff, 0x6d, 0xff, 0xa0, 0x0, 0x0, 0x0,
    0x0, 0x0, 0xff, 0xf8, 0xdf, 0xfa, 0x0, 0x0, 0x0, 0x0, 0x0, 0xf, 0xff, 0x8d,
    0xff, 0xa0, 0x0, 0x0, 0x0, 0x0, 0x0, 0xff, 0xf8, 0xdf, 0xfa, 0x0, 0x0, 0x0,
    0x0, 0x0, 0xf, 0xff, 0x8d, 0xff, 0xa0, 0x0, 0x0, 0x0, 0x0, 0x0, 0xff, 0xf8,
    0xdf, 0xfa, 0x0, 0x0, 0x0, 0x0, 0x0, 0xf, 0xff, 0x8d, 0xff, 0xa0, 0x0, 0x0,
    0x0, 0x0, 0x0, 0xff, 0xf8, 0xdf, 0xfa, 0x0, 0x0, 0x0, 0x0, 0x0, 0xf, 0xff,
    0x8d, 0xfe, 0x20, 0x0, 0x0, 0x0, 0x0, 0x0, 0x6f, 0xf8, 0xce, 0x20, 0x0, 0x0,
    0x0, 0x0, 0x0, 0x0, 0x6f, 0x72, 0x20, 0x0, 0x0, 0x0, 0x0, 0x0, 0x0, 0x0,
    0x40, 0x22, 0x0, 0x0, 0x0, 0x0, 0x0, 0x0, 0x0, 0x4, 0xc, 0xe2, 0x0, 0x0,
    0x0, 0x0, 0x0, 0x0, 0x6, 0xf7, 0xdf, 0xe2, 0x0, 0x0, 0x0, 0x0, 0x0, 0x6,
    0xff, 0x8d, 0xff, 0xa0, 0x0, 0x0, 0x0, 0x0, 0x0, 0xff, 0xf8, 0xdf, 0xfa,
    0x0, 0x0, 0x0, 0x0, 0x0, 0xf, 0xff, 0x8d, 0xff, 0xa0, 0x0, 0x0, 0x0, 0x0,
    0x0, 0xff, 0xf8, 0xdf, 0xfa, 0x0, 0x0, 0x0, 0x0, 0x0, 0xf, 0xff, 0x8d, 0xff,
    0xa0, 0x0, 0x0, 0x0, 0x0, 0x0, 0xff, 0xf8, 0xdf, 0xfa, 0x0, 0x0, 0x0, 0x0,
    0x0, 0xf, 0xff, 0x8d, 0xff, 0xa0, 0x0, 0x0, 0x0, 0x0, 0x0, 0xff, 0xf8, 0xdf,
    0xfa, 0x0, 0x0, 0x0, 0x0, 0x0, 0xf, 0xff, 0x8d, 0xff, 0x70, 0x0, 0x0, 0x0,
    0x0, 0x0, 0xff, 0xf6, 0x96, 0x27, 0x99, 0x99, 0x99, 0x99, 0x99, 0x3d, 0xf9,
    0x5, 0xbf, 0xff, 0xff, 0xff, 0xff, 0xff, 0xff, 0x47, 0x0, 0xdf, 0xff, 0xff,
    0xff, 0xff, 0xff, 0xff, 0xf8, 0x0, 0xd, 0xff, 0xff, 0xff, 0xff, 0xff, 0xff,
    0xf9, 0x0, 0x0,

    /* U+0045 "E" */
    0x9, 0xff, 0xff, 0xff, 0xff, 0xff, 0xff, 0xff, 0x97, 0xff, 0xff, 0xff, 0xff,
    0xff, 0xff, 0xff, 0xf3, 0x4b, 0xff, 0xff, 0xff, 0xff, 0xff, 0xff, 0xfd, 0x9,
    0x62, 0x79, 0x99, 0x99, 0x99, 0x99, 0x99, 0x50, 0xdf, 0xf7, 0x0, 0x0, 0x0,
    0x0, 0x0, 0x0, 0xd, 0xff, 0xa0, 0x0, 0x0, 0x0, 0x0, 0x0, 0x0, 0xdf, 0xfa,
    0x0, 0x0, 0x0, 0x0, 0x0, 0x0, 0xd, 0xff, 0xa0, 0x0, 0x0, 0x0, 0x0, 0x0, 0x0,
    0xdf, 0xfa, 0x0, 0x0, 0x0, 0x0, 0x0, 0x0, 0xd, 0xff, 0xa0, 0x0, 0x0, 0x0,
    0x0, 0x0, 0x0, 0xdf, 0xfa, 0x0, 0x0, 0x0, 0x0, 0x0, 0x0, 0xd, 0xff, 0xa0,
    0x0, 0x0, 0x0, 0x0, 0x0, 0x0, 0xdf, 0xf9, 0x0, 0x0, 0x0, 0x0, 0x0, 0x0, 0xd,
    0xfc, 0x10, 0x0, 0x0, 0x0, 0x0, 0x0, 0x0, 0xac, 0x1c, 0xff, 0xff, 0xff,
    0xff, 0xff, 0xf8, 0x0, 0x1b, 0xff, 0xff, 0xff, 0xff, 0xff, 0xff, 0xf7, 0x45,
    0x6f, 0xff, 0xff, 0xff, 0xff, 0xff, 0xfe, 0x2c, 0xf4, 0x59, 0x99, 0x99,
    0x99, 0x99, 0x99, 0x20, 0xdf, 0xf4, 0x0, 0x0, 0x0, 0x0, 0x0, 0x0, 0xd, 0xff,
    0xa0, 0x0, 0x0, 0x0, 0x0, 0x0, 0x0, 0xdf, 0xfa, 0x0, 0x0, 0x0, 0x0, 0x0,
    0x0, 0xd, 0xff, 0xa0, 0x0, 0x0, 0x0, 0x0, 0x0, 0x0, 0xdf, 0xfa, 0x0, 0x0,
    0x0, 0x0, 0x0, 0x0, 0xd, 0xff, 0xa0, 0x0, 0x0, 0x0, 0x0, 0x0, 0x0, 0xdf,
    0xfa, 0x0, 0x0, 0x0, 0x0, 0x0, 0x0, 0xd, 0xff, 0xa0, 0x0, 0x0, 0x0, 0x0,
    0x0, 0x0, 0xdf, 0xfa, 0x0, 0x0, 0x0, 0x0, 0x0, 0x0, 0xd, 0xff, 0x70, 0x0,
    0x0, 0x0, 0x0, 0x0, 0x0, 0x95, 0x27, 0x99, 0x99, 0x99, 0x99, 0x99, 0x95,
    0x4, 0xbf, 0xff, 0xff, 0xff, 0xff, 0xff, 0xff, 0xd0, 0x8f, 0xff, 0xff, 0xff,
    0xff, 0xff, 0xff, 0xff, 0x30, 0x9f, 0xff, 0xff, 0xff, 0xff, 0xff, 0xff,
    0xf9,

    /* U+0046 "F" */
    0x9, 0xff, 0xff, 0xff, 0xff, 0xff, 0xff, 0xff, 0x97, 0xff, 0xff, 0xff, 0xff,
    0xff, 0xff, 0xff, 0xf3, 0x4b, 0xff, 0xff, 0xff, 0xff, 0xff, 0xff, 0xfd, 0x9,
    0x62, 0x79, 0x99, 0x99, 0x99, 0x99, 0x99, 0x50, 0xdf, 0xf7, 0x0, 0x0, 0x0,
    0x0, 0x0, 0x0, 0xd, 0xff, 0xa0, 0x0, 0x0, 0x0, 0x0, 0x0, 0x0, 0xdf, 0xfa,
    0x0, 0x0, 0x0, 0x0, 0x0, 0x0, 0xd, 0xff, 0xa0, 0x0, 0x0, 0x0, 0x0, 0x0, 0x0,
    0xdf, 0xfa, 0x0, 0x0, 0x0, 0x0, 0x0, 0x0, 0xd, 0xff, 0xa0, 0x0, 0x0, 0x0,
    0x0, 0x0, 0x0, 0xdf, 0xfa, 0x0, 0x0, 0x0, 0x0, 0x0, 0x0, 0xd, 0xff, 0xa0,
    0x0, 0x0, 0x0, 0x0, 0x0, 0x0, 0xdf, 0xf9, 0x0, 0x0, 0x0, 0x0, 0x0, 0x0, 0xd,
    0xfc, 0x10, 0x0, 0x0, 0x0, 0x0, 0x0, 0x0, 0xac, 0x1c, 0xff, 0xff, 0xff,
    0xff, 0xff, 0xf8, 0x0, 0x1b, 0xff, 0xff, 0xff, 0xff, 0xff, 0xff, 0xf7, 0x45,
    0x6f, 0xff, 0xff, 0xff, 0xff, 0xff, 0xfe, 0x2c, 0xf5, 0x59, 0x99, 0x99,
    0x99, 0x99, 0x99, 0x20, 0xdf, 0xf4, 0x0, 0x0, 0x0, 0x0, 0x0, 0x0, 0xd, 0xff,
    0xa0, 0x0, 0x0, 0x0, 0x0, 0x0, 0x0, 0xdf, 0xfa, 0x0, 0x0, 0x0, 0x0, 0x0,
    0x0, 0xd, 0xff, 0xa0, 0x0, 0x0, 0x0, 0x0, 0x0, 0x0, 0xdf, 0xfa, 0x0, 0x0,
    0x0, 0x0, 0x0, 0x0, 0xd, 0xff, 0xa0, 0x0, 0x0, 0x0, 0x0, 0x0, 0x0, 0xdf,
    0xfa, 0x0, 0x0, 0x0, 0x0, 0x0, 0x0, 0xd, 0xff, 0xa0, 0x0, 0x0, 0x0, 0x0,
    0x0, 0x0, 0xdf, 0xfa, 0x0, 0x0, 0x0, 0x0, 0x0, 0x0, 0xd, 0xff, 0xa0, 0x0,
    0x0, 0x0, 0x0, 0x0, 0x0, 0xdf, 0xf8, 0x0, 0x0, 0x0, 0x0, 0x0, 0x0, 0xc,
    0xff, 0x30, 0x0, 0x0, 0x0, 0x0, 0x0, 0x0, 0x6f, 0xd0, 0x0, 0x0, 0x0, 0x0,
    0x0, 0x0, 0x0, 0x65, 0x0, 0x0, 0x0, 0x0, 0x0, 0x0, 0x0,

    /* U+0047 "G" */
    0x9, 0xff, 0xff, 0xff, 0xff, 0xff, 0xff, 0xff, 0x90, 0x7, 0xff, 0xff, 0xff,
    0xff, 0xff, 0xff, 0xff, 0xf3, 0x0, 0x4b, 0xff, 0xff, 0xff, 0xff, 0xff, 0xff,
    0xfd, 0x0, 0x9, 0x62, 0x79, 0x99, 0x99, 0x99, 0x99, 0x99, 0x50, 0x0, 0xdf,
    0xf7, 0x0, 0x0, 0x0, 0x0, 0x0, 0x0, 0x0, 0xd, 0xff, 0xa0, 0x0, 0x0, 0x0,
    0x0, 0x0, 0x0, 0x0, 0xdf, 0xfa, 0x0, 0x0, 0x0, 0x0, 0x0, 0x0, 0x0, 0xd,
    0xff, 0xa0, 0x0, 0x0, 0x0, 0x0, 0x0, 0x0, 0x0, 0xdf, 0xfa, 0x0, 0x0, 0x0,
    0x0, 0x0, 0x0, 0x0, 0xd, 0xff, 0xa0, 0x0, 0x0, 0x0, 0x0, 0x0, 0x0, 0x0,
    0xdf, 0xfa, 0x0, 0x0, 0x0, 0x0, 0x0, 0x0, 0x0, 0xd, 0xff, 0xa0, 0x0, 0x0,
    0x0, 0x0, 0x0, 0x0, 0x0, 0xdf, 0xf9, 0x0, 0x0, 0x0, 0x0, 0x0, 0x0, 0x0, 0xd,
    0xfc, 0x10, 0x0, 0x0, 0x0, 0x0, 0x0, 0x0, 0x0, 0xac, 0x10, 0x0, 0x0, 0x0,
    0x6f, 0xff, 0xf8, 0x0, 0x0, 0x10, 0x0, 0x0, 0x0, 0x5f, 0xff, 0xff, 0xf7,
    0x0, 0x45, 0x0, 0x0, 0x0, 0x1, 0xdf, 0xff, 0xfe, 0x27, 0x1c, 0xf4, 0x0, 0x0,
    0x0, 0x1, 0x89, 0x99, 0x29, 0xf8, 0xdf, 0xf4, 0x0, 0x0, 0x0, 0x0, 0x0, 0x9,
    0xff, 0x8d, 0xff, 0xa0, 0x0, 0x0, 0x0, 0x0, 0x0, 0xff, 0xf8, 0xdf, 0xfa,
    0x0, 0x0, 0x0, 0x0, 0x0, 0xf, 0xff, 0x8d, 0xff, 0xa0, 0x0, 0x0, 0x0, 0x0,
    0x0, 0xff, 0xf8, 0xdf, 0xfa, 0x0, 0x0, 0x0, 0x0, 0x0, 0xf, 0xff, 0x8d, 0xff,
    0xa0, 0x0, 0x0, 0x0, 0x0, 0x0, 0xff, 0xf8, 0xdf, 0xfa, 0x0, 0x0, 0x0, 0x0,
    0x0, 0xf, 0xff, 0x8d, 0xff, 0xa0, 0x0, 0x0, 0x0, 0x0, 0x0, 0xff, 0xf8, 0xdf,
    0xfa, 0x0, 0x0, 0x0, 0x0, 0x0, 0xf, 0xff, 0x8d, 0xff, 0x70, 0x0, 0x0, 0x0,
    0x0, 0x0, 0xff, 0xf8, 0x95, 0x27, 0x99, 0x99, 0x99, 0x99, 0x99, 0x2e, 0xff,
    0x84, 0xbf, 0xff, 0xff, 0xff, 0xff, 0xff, 0xf8, 0x9f, 0xf8, 0x8f, 0xff,
    0xff, 0xff, 0xff, 0xff, 0xff, 0xe3, 0xff, 0x30, 0x9f, 0xff, 0xff, 0xff,
    0xff, 0xff, 0xff, 0x4c, 0x60,

    /* U+0048 "H" */
    0x0, 0x10, 0x0, 0x0, 0x0, 0x0, 0x0, 0x0, 0x83, 0x2, 0xea, 0x0, 0x0, 0x0,
    0x0, 0x0, 0x0, 0x2f, 0xf2, 0xaf, 0xf1, 0x0, 0x0, 0x0, 0x0, 0x0, 0x8, 0xff,
    0x7d, 0xff, 0x60, 0x0, 0x0, 0x0, 0x0, 0x0, 0xdf, 0xf8, 0xdf, 0xfa, 0x0, 0x0,
    0x0, 0x0, 0x0, 0xf, 0xff, 0x8d, 0xff, 0xa0, 0x0, 0x0, 0x0, 0x0, 0x0, 0xff,
    0xf8, 0xdf, 0xfa, 0x0, 0x0, 0x0, 0x0, 0x0, 0xf, 0xff, 0x8d, 0xff, 0xa0, 0x0,
    0x0, 0x0, 0x0, 0x0, 0xff, 0xf8, 0xdf, 0xfa, 0x0, 0x0, 0x0, 0x0, 0x0, 0xf,
    0xff, 0x8d, 0xff, 0xa0, 0x0, 0x0, 0x0, 0x0, 0x0, 0xff, 0xf8, 0xdf, 0xfa,
    0x0, 0x0, 0x0, 0x0, 0x0, 0xf, 0xff, 0x8d, 0xff, 0xa0, 0x0, 0x0, 0x0, 0x0,
    0x0, 0xff, 0xf8, 0xdf, 0xfa, 0x0, 0x0, 0x0, 0x0, 0x0, 0xf, 0xff, 0x8d, 0xff,
    0x90, 0x0, 0x0, 0x0, 0x0, 0x0, 0x9f, 0xf8, 0xdf, 0xb5, 0x99, 0x99, 0x99,
    0x99, 0x99, 0x92, 0x9f, 0x89, 0xb6, 0xff, 0xff, 0xff, 0xff, 0xff, 0xff,
    0xe2, 0x71, 0x1, 0xcf, 0xff, 0xff, 0xff, 0xff, 0xff, 0xff, 0x71, 0xa, 0xc1,
    0xcf, 0xff, 0xff, 0xff, 0xff, 0xff, 0x83, 0xf5, 0xdf, 0xc0, 0x0, 0x0, 0x0,
    0x0, 0x0, 0x3, 0xff, 0x8d, 0xff, 0x90, 0x0, 0x0, 0x0, 0x0, 0x0, 0xef, 0xf8,
    0xdf, 0xfa, 0x0, 0x0, 0x0, 0x0, 0x0, 0xf, 0xff, 0x8d, 0xff, 0xa0, 0x0, 0x0,
    0x0, 0x0, 0x0, 0xff, 0xf8, 0xdf, 0xfa, 0x0, 0x0, 0x0, 0x0, 0x0, 0xf, 0xff,
    0x8d, 0xff, 0xa0, 0x0, 0x0, 0x0, 0x0, 0x0, 0xff, 0xf8, 0xdf, 0xfa, 0x0, 0x0,
    0x0, 0x0, 0x0, 0xf, 0xff, 0x8d, 0xff, 0xa0, 0x0, 0x0, 0x0, 0x0, 0x0, 0xff,
    0xf8, 0xdf, 0xfa, 0x0, 0x0, 0x0, 0x0, 0x0, 0xf, 0xff, 0x8d, 0xff, 0xa0, 0x0,
    0x0, 0x0, 0x0, 0x0, 0xff, 0xf8, 0xdf, 0xfa, 0x0, 0x0, 0x0, 0x0, 0x0, 0xf,
    0xff, 0x8d, 0xff, 0x50, 0x0, 0x0, 0x0, 0x0, 0x0, 0xaf, 0xf8, 0x9f, 0xf0,
    0x0, 0x0, 0x0, 0x0, 0x0, 0x4, 0xff, 0x51, 0xd9, 0x0, 0x0, 0x0, 0x0, 0x0,
    0x0, 0xe, 0x90, 0x0, 0x10, 0x0, 0x0, 0x0, 0x0, 0x0, 0x0, 0x10, 0x0,

    /* U+0049 "I" */
    0xa, 0x80, 0x1f, 0xf5, 0x6f, 0xfa, 0xcf, 0xfa, 0xdf, 0xfa, 0xdf, 0xfa, 0xdf,
    0xfa, 0xdf, 0xfa, 0xdf, 0xfa, 0xdf, 0xfa, 0xdf, 0xfa, 0xdf, 0xfa, 0xcf,
    0xfa, 0x4f, 0xfa, 0x4, 0xf9, 0x0, 0x30, 0x0, 0xa4, 0xa, 0xfa, 0x9f, 0xfa,
    0xdf, 0xfa, 0xdf, 0xfa, 0xdf, 0xfa, 0xdf, 0xfa, 0xdf, 0xfa, 0xdf, 0xfa,
    0xdf, 0xfa, 0xdf, 0xfa, 0xdf, 0xfa, 0xaf, 0xfa, 0x4f, 0xf9, 0xe, 0xf2, 0x4,
    0x20,

    /* U+004A "J" */
    0x0, 0x0, 0x0, 0x0, 0x0, 0x0, 0x0, 0x0, 0xc6, 0x0, 0x0, 0x0, 0x0, 0x0, 0x0,
    0x0, 0x0, 0x3f, 0xf3, 0x0, 0x0, 0x0, 0x0, 0x0, 0x0, 0x0, 0x9, 0xff, 0x80,
    0x0, 0x0, 0x0, 0x0, 0x0, 0x0, 0x0, 0xef, 0xf8, 0x0, 0x0, 0x0, 0x0, 0x0, 0x0,
    0x0, 0xf, 0xff, 0x80, 0x0, 0x0, 0x0, 0x0, 0x0, 0x0, 0x0, 0xff, 0xf8, 0x0,
    0x0, 0x0, 0x0, 0x0, 0x0, 0x0, 0xf, 0xff, 0x80, 0x0, 0x0, 0x0, 0x0, 0x0, 0x0,
    0x0, 0xff, 0xf8, 0x0, 0x0, 0x0, 0x0, 0x0, 0x0, 0x0, 0xf, 0xff, 0x80, 0x0,
    0x0, 0x0, 0x0, 0x0, 0x0, 0x0, 0xff, 0xf8, 0x0, 0x0, 0x0, 0x0, 0x0, 0x0, 0x0,
    0xf, 0xff, 0x80, 0x0, 0x0, 0x0, 0x0, 0x0, 0x0, 0x0, 0xff, 0xf8, 0x0, 0x0,
    0x0, 0x0, 0x0, 0x0, 0x0, 0xf, 0xff, 0x80, 0x0, 0x0, 0x0, 0x0, 0x0, 0x0, 0x0,
    0x6f, 0xf8, 0x0, 0x0, 0x0, 0x0, 0x0, 0x0, 0x0, 0x0, 0x6f, 0x70, 0x0, 0x0,
    0x0, 0x0, 0x0, 0x0, 0x0, 0x0, 0x40, 0x12, 0x0, 0x0, 0x0, 0x0, 0x0, 0x0, 0x0,
    0x4, 0xc, 0xe2, 0x0, 0x0, 0x0, 0x0, 0x0, 0x0, 0x6, 0xf7, 0xdf, 0xe2, 0x0,
    0x0, 0x0, 0x0, 0x0, 0x6, 0xff, 0x8d, 0xff, 0xa0, 0x0, 0x0, 0x0, 0x0, 0x0,
    0xff, 0xf8, 0xdf, 0xfa, 0x0, 0x0, 0x0, 0x0, 0x0, 0xf, 0xff, 0x8d, 0xff,
    0xa0, 0x0, 0x0, 0x0, 0x0, 0x0, 0xff, 0xf8, 0xdf, 0xfa, 0x0, 0x0, 0x0, 0x0,
    0x0, 0xf, 0xff, 0x8d, 0xff, 0xa0, 0x0, 0x0, 0x0, 0x0, 0x0, 0xff, 0xf8, 0xdf,
    0xfa, 0x0, 0x0, 0x0, 0x0, 0x0, 0xf, 0xff, 0x8d, 0xff, 0xa0, 0x0, 0x0, 0x0,
    0x0, 0x0, 0xff, 0xf8, 0xdf, 0xfa, 0x0, 0x0, 0x0, 0x0, 0x0, 0xf, 0xff, 0x8d,
    0xff, 0x70, 0x0, 0x0, 0x0, 0x0, 0x0, 0xff, 0xf8, 0x96, 0x27, 0x99, 0x99,
    0x99, 0x99, 0x99, 0x2e, 0xff, 0x84, 0xbf, 0xff, 0xff, 0xff, 0xff, 0xff,
    0xf8, 0x9f, 0xf8, 0x8f, 0xff, 0xff, 0xff, 0xff, 0xff, 0xff, 0xe3, 0xff,
    0x30, 0x9f, 0xff, 0xff, 0xff, 0xff, 0xff, 0xff, 0x4c, 0x60,

    /* U+004B "K" */
    0x9, 0x80, 0x0, 0x0, 0x0, 0x0, 0x0, 0x7f, 0xc5, 0x8, 0xfe, 0x0, 0x0, 0x0,
    0x0, 0x0, 0x7f, 0xff, 0xf4, 0xcf, 0xf4, 0x0, 0x0, 0x0, 0x0, 0x7f, 0xff,
    0xfb, 0xd, 0xff, 0x90, 0x0, 0x0, 0x0, 0x7f, 0xff, 0xfb, 0x0, 0xdf, 0xfa,
    0x0, 0x0, 0x0, 0x7f, 0xff, 0xfb, 0x0, 0xd, 0xff, 0xa0, 0x0, 0x0, 0x7f, 0xff,
    0xfb, 0x0, 0x0, 0xdf, 0xfa, 0x0, 0x0, 0x7f, 0xff, 0xfb, 0x0, 0x0, 0xd, 0xff,
    0xa0, 0x0, 0x7f, 0xff, 0xfb, 0x0, 0x0, 0x0, 0xdf, 0xfa, 0x0, 0x7f, 0xff,
    0xfb, 0x0, 0x0, 0x0, 0xd, 0xff, 0xa0, 0x7f, 0xff, 0xfb, 0x0, 0x0, 0x0, 0x0,
    0xdf, 0xfa, 0x5f, 0xff, 0xfb, 0x0, 0x0, 0x0, 0x0, 0xd, 0xff, 0xa7, 0xff,
    0xfb, 0x0, 0x0, 0x0, 0x0, 0x0, 0xdf, 0xf9, 0x7f, 0xfb, 0x0, 0x0, 0x0, 0x0,
    0x0, 0xd, 0xfc, 0x10, 0x22, 0x0, 0x0, 0x0, 0x0, 0x0, 0x0, 0xac, 0x1c, 0xff,
    0xff, 0xff, 0xff, 0xff, 0xf8, 0x0, 0x0, 0x1b, 0xff, 0xff, 0xff, 0xff, 0xff,
    0xff, 0xf7, 0x0, 0x45, 0x6f, 0xff, 0xff, 0xff, 0xff, 0xff, 0xfe, 0x27, 0x1c,
    0xf5, 0x59, 0x99, 0x99, 0x99, 0x99, 0x99, 0x29, 0xf8, 0xdf, 0xf4, 0x0, 0x0,
    0x0, 0x0, 0x0, 0x9, 0xff, 0x8d, 0xff, 0xa0, 0x0, 0x0, 0x0, 0x0, 0x0, 0xff,
    0xf8, 0xdf, 0xfa, 0x0, 0x0, 0x0, 0x0, 0x0, 0xf, 0xff, 0x8d, 0xff, 0xa0, 0x0,
    0x0, 0x0, 0x0, 0x0, 0xff, 0xf8, 0xdf, 0xfa, 0x0, 0x0, 0x0, 0x0, 0x0, 0xf,
    0xff, 0x8d, 0xff, 0xa0, 0x0, 0x0, 0x0, 0x0, 0x0, 0xff, 0xf8, 0xdf, 0xfa,
    0x0, 0x0, 0x0, 0x0, 0x0, 0xf, 0xff, 0x8d, 0xff, 0xa0, 0x0, 0x0, 0x0, 0x0,
    0x0, 0xff, 0xf8, 0xdf, 0xfa, 0x0, 0x0, 0x0, 0x0, 0x0, 0xf, 0xff, 0x8d, 0xff,
    0xa0, 0x0, 0x0, 0x0, 0x0, 0x0, 0xff, 0xf8, 0xdf, 0xf8, 0x0, 0x0, 0x0, 0x0,
    0x0, 0xd, 0xff, 0x8c, 0xff, 0x30, 0x0, 0x0, 0x0, 0x0, 0x0, 0x8f, 0xf7, 0x6f,
    0xd0, 0x0, 0x0, 0x0, 0x0, 0x0, 0x2, 0xff, 0x20, 0x65, 0x0, 0x0, 0x0, 0x0,
    0x0, 0x0, 0x8, 0x30,

    /* U+004C "L" */
    0x9, 0x80, 0x0, 0x0, 0x0, 0x0, 0x0, 0x0, 0x0, 0x8, 0xfe, 0x0, 0x0, 0x0, 0x0,
    0x0, 0x0, 0x0, 0x0, 0xcf, 0xf4, 0x0, 0x0, 0x0, 0x0, 0x0, 0x0, 0x0, 0xd,
    0xff, 0x90, 0x0, 0x0, 0x0, 0x0, 0x0, 0x0, 0x0, 0xdf, 0xfa, 0x0, 0x0, 0x0,
    0x0, 0x0, 0x0, 0x0, 0xd, 0xff, 0xa0, 0x0, 0x0, 0x0, 0x0, 0x0, 0x0, 0x0,
    0xdf, 0xfa, 0x0, 0x0, 0x0, 0x0, 0x0, 0x0, 0x0, 0xd, 0xff, 0xa0, 0x0, 0x0,
    0x0, 0x0, 0x0, 0x0, 0x0, 0xdf, 0xfa, 0x0, 0x0, 0x0, 0x0, 0x0, 0x0, 0x0, 0xd,
    0xff, 0xa0, 0x0, 0x0, 0x0, 0x0, 0x0, 0x0, 0x0, 0xdf, 0xfa, 0x0, 0x0, 0x0,
    0x0, 0x0, 0x0, 0x0, 0xd, 0xff, 0xa0, 0x0, 0x0, 0x0, 0x0, 0x0, 0x0, 0x0,
    0xdf, 0xfa, 0x0, 0x0, 0x0, 0x0, 0x0, 0x0, 0x0, 0xd, 0xfe, 0x20, 0x0, 0x0,
    0x0, 0x0, 0x0, 0x0, 0x0, 0xce, 0x20, 0x0, 0x0, 0x0, 0x0, 0x0, 0x0, 0x0, 0x2,
    0x20, 0x0, 0x0, 0x0, 0x0, 0x0, 0x0, 0x0, 0x0, 0x12, 0x0, 0x0, 0x0, 0x0, 0x0,
    0x0, 0x0, 0x0, 0xc, 0xe2, 0x0, 0x0, 0x0, 0x0, 0x0, 0x0, 0x0, 0x0, 0xdf,
    0xe2, 0x0, 0x0, 0x0, 0x0, 0x0, 0x0, 0x0, 0xd, 0xff, 0xa0, 0x0, 0x0, 0x0,
    0x0, 0x0, 0x0, 0x0, 0xdf, 0xfa, 0x0, 0x0, 0x0, 0x0, 0x0, 0x0, 0x0, 0xd,
    0xff, 0xa0, 0x0, 0x0, 0x0, 0x0, 0x0, 0x0, 0x0, 0xdf, 0xfa, 0x0, 0x0, 0x0,
    0x0, 0x0, 0x0, 0x0, 0xd, 0xff, 0xa0, 0x0, 0x0, 0x0, 0x0, 0x0, 0x0, 0x0,
    0xdf, 0xfa, 0x0, 0x0, 0x0, 0x0, 0x0, 0x0, 0x0, 0xd, 0xff, 0xa0, 0x0, 0x0,
    0x0, 0x0, 0x0, 0x0, 0x0, 0xdf, 0xfa, 0x0, 0x0, 0x0, 0x0, 0x0, 0x0, 0x0, 0xd,
    0xff, 0xa0, 0x0, 0x0, 0x0, 0x0, 0x0, 0x0, 0x0, 0xdf, 0xf9, 0x59, 0x99, 0x99,
    0x99, 0x99, 0x96, 0x0, 0xc, 0xff, 0x4d, 0xff, 0xff, 0xff, 0xff, 0xff, 0xff,
    0x92, 0x8f, 0xe3, 0xff, 0xff, 0xff, 0xff, 0xff, 0xff, 0xff, 0x30, 0x98,
    0x9f, 0xff, 0xff, 0xff, 0xff, 0xff, 0xfe, 0x60,

    /* U+004D "M" */
    0x9, 0xff, 0xff, 0xff, 0xff, 0xff, 0xff, 0xf4, 0xc6, 0x7, 0xff, 0xff, 0xff,
    0xff, 0xff, 0xff, 0xfe, 0x3f, 0xf3, 0x4b, 0xff, 0xff, 0xff, 0xff, 0xff,
    0xff, 0x89, 0xff, 0x89, 0x52, 0x79, 0x99, 0x99, 0x99, 0x99, 0x92, 0xef,
    0xf8, 0xdf, 0xe6, 0x0, 0x2, 0x77, 0x70, 0x0, 0xf, 0xff, 0x8d, 0xff, 0xa0,
    0x0, 0x6f, 0xff, 0x10, 0x0, 0xff, 0xf8, 0xdf, 0xfa, 0x0, 0x6, 0xff, 0xf1,
    0x0, 0xf, 0xff, 0x8d, 0xff, 0xa0, 0x0, 0x6f, 0xff, 0x10, 0x0, 0xff, 0xf8,
    0xdf, 0xfa, 0x0, 0x6, 0xff, 0xf1, 0x0, 0xf, 0xff, 0x8d, 0xff, 0xa0, 0x0,
    0x6f, 0xff, 0x10, 0x0, 0xff, 0xf8, 0xdf, 0xfa, 0x0, 0x6, 0xff, 0xf1, 0x0,
    0xf, 0xff, 0x8d, 0xff, 0xa0, 0x0, 0x6f, 0xff, 0x10, 0x0, 0xff, 0xf8, 0xdf,
    0xfa, 0x0, 0x6, 0xff, 0xf1, 0x0, 0xf, 0xff, 0x8d, 0xff, 0x30, 0x0, 0x6f,
    0xff, 0x10, 0x0, 0x7f, 0xf8, 0xcf, 0x30, 0x0, 0x6, 0xff, 0xf1, 0x0, 0x0,
    0x8f, 0x73, 0x40, 0x0, 0x0, 0xa, 0xf6, 0x0, 0x0, 0x0, 0x60, 0x11, 0x0, 0x0,
    0x0, 0x4, 0x0, 0x0, 0x0, 0x2, 0xb, 0xd1, 0x0, 0x0, 0x0, 0x0, 0x0, 0x0, 0x4,
    0xf6, 0xdf, 0xd1, 0x0, 0x0, 0x0, 0x0, 0x0, 0x4, 0xff, 0x8d, 0xff, 0xa0, 0x0,
    0x0, 0x0, 0x0, 0x0, 0xff, 0xf8, 0xdf, 0xfa, 0x0, 0x0, 0x0, 0x0, 0x0, 0xf,
    0xff, 0x8d, 0xff, 0xa0, 0x0, 0x0, 0x0, 0x0, 0x0, 0xff, 0xf8, 0xdf, 0xfa,
    0x0, 0x0, 0x0, 0x0, 0x0, 0xf, 0xff, 0x8d, 0xff, 0xa0, 0x0, 0x0, 0x0, 0x0,
    0x0, 0xff, 0xf8, 0xdf, 0xfa, 0x0, 0x0, 0x0, 0x0, 0x0, 0xf, 0xff, 0x8d, 0xff,
    0xa0, 0x0, 0x0, 0x0, 0x0, 0x0, 0xff, 0xf8, 0xdf, 0xfa, 0x0, 0x0, 0x0, 0x0,
    0x0, 0xf, 0xff, 0x8d, 0xff, 0xa0, 0x0, 0x0, 0x0, 0x0, 0x0, 0xff, 0xf8, 0xdf,
    0xfa, 0x0, 0x0, 0x0, 0x0, 0x0, 0xf, 0xff, 0x8c, 0xff, 0x50, 0x0, 0x0, 0x0,
    0x0, 0x0, 0xaf, 0xf8, 0x9f, 0xe0, 0x0, 0x0, 0x0, 0x0, 0x0, 0x4, 0xff, 0x40,
    0xb9, 0x0, 0x0, 0x0, 0x0, 0x0, 0x0, 0xd, 0x80, 0x0, 0x0, 0x0, 0x0, 0x0, 0x0,
    0x0, 0x0, 0x0, 0x0,

    /* U+004E "N" */
    0x0, 0x0, 0x0, 0x0, 0x0, 0x0, 0x0, 0x0, 0x0, 0x0, 0xa8, 0x0, 0x0, 0x0, 0x0,
    0x0, 0x0, 0xc, 0x70, 0x8f, 0xe0, 0x0, 0x0, 0x0, 0x0, 0x0, 0x3, 0xff, 0x3c,
    0xff, 0x40, 0x0, 0x0, 0x0, 0x0, 0x0, 0x9f, 0xf8, 0xdf, 0xfa, 0x38, 0x83,
    0x0, 0x0, 0x0, 0xf, 0xff, 0x8d, 0xff, 0xa7, 0xff, 0xe3, 0x0, 0x0, 0x0, 0xff,
    0xf8, 0xdf, 0xfa, 0x7f, 0xff, 0xe2, 0x0, 0x0, 0xf, 0xff, 0x8d, 0xff, 0xa3,
    0xff, 0xff, 0xe2, 0x0, 0x0, 0xff, 0xf8, 0xdf, 0xfa, 0x4, 0xff, 0xff, 0xe2,
    0x0, 0xf, 0xff, 0x8d, 0xff, 0xa0, 0x4, 0xff, 0xff, 0xd1, 0x0, 0xff, 0xf8,
    0xdf, 0xfa, 0x0, 0x4, 0xff, 0xff, 0xd1, 0xf, 0xff, 0x8d, 0xff, 0xa0, 0x0,
    0x5, 0xff, 0xff, 0xd0, 0xff, 0xf8, 0xdf, 0xfa, 0x0, 0x0, 0x5, 0xff, 0xff,
    0x2f, 0xff, 0x8d, 0xff, 0xa0, 0x0, 0x0, 0x6, 0xff, 0xf2, 0xff, 0xf8, 0xdf,
    0xf3, 0x0, 0x0, 0x0, 0x0, 0x0, 0x7, 0xff, 0x8c, 0xf3, 0x0, 0x0, 0x0, 0x0,
    0x0, 0x0, 0x8, 0xf7, 0x34, 0x0, 0x0, 0x0, 0x0, 0x0, 0x0, 0x0, 0x6, 0x5,
    0x60, 0x0, 0x0, 0x0, 0x0, 0x0, 0x0, 0x0, 0x92, 0xdf, 0x60, 0x0, 0x0, 0x0,
    0x0, 0x0, 0x0, 0xbf, 0x8d, 0xff, 0x60, 0x0, 0x0, 0x0, 0x0, 0x0, 0xaf, 0xf8,
    0xdf, 0xfa, 0x0, 0x0, 0x0, 0x0, 0x0, 0xf, 0xff, 0x8d, 0xff, 0xa0, 0x0, 0x0,
    0x0, 0x0, 0x0, 0xff, 0xf8, 0xdf, 0xfa, 0x0, 0x0, 0x0, 0x0, 0x0, 0xf, 0xff,
    0x8d, 0xff, 0xa0, 0x0, 0x0, 0x0, 0x0, 0x0, 0xff, 0xf8, 0xdf, 0xfa, 0x0, 0x0,
    0x0, 0x0, 0x0, 0xf, 0xff, 0x8d, 0xff, 0xa0, 0x0, 0x0, 0x0, 0x0, 0x0, 0xff,
    0xf8, 0xdf, 0xfa, 0x0, 0x0, 0x0, 0x0, 0x0, 0xf, 0xff, 0x8d, 0xff, 0xa0, 0x0,
    0x0, 0x0, 0x0, 0x0, 0xff, 0xf8, 0xdf, 0xfa, 0x0, 0x0, 0x0, 0x0, 0x0, 0xf,
    0xff, 0x8d, 0xff, 0x80, 0x0, 0x0, 0x0, 0x0, 0x0, 0xdf, 0xf8, 0xcf, 0xf2,
    0x0, 0x0, 0x0, 0x0, 0x0, 0x7, 0xff, 0x75, 0xfc, 0x0, 0x0, 0x0, 0x0, 0x0,
    0x0, 0x1f, 0xe1, 0x4, 0x40, 0x0, 0x0, 0x0, 0x0, 0x0, 0x0, 0x72, 0x0,

    /* U+004F "O" */
    0x0, 0x1, 0xdf, 0xff, 0xff, 0xff, 0xff, 0x90, 0x0, 0x0, 0x0, 0xdf, 0xff,
    0xff, 0xff, 0xff, 0xff, 0x90, 0x0, 0x1, 0x88, 0xff, 0xff, 0xff, 0xff, 0xff,
    0xf5, 0x70, 0x1, 0xdf, 0x86, 0x99, 0x99, 0x99, 0x99, 0x93, 0xdf, 0x90, 0xbf,
    0xfa, 0x0, 0x0, 0x0, 0x0, 0x0, 0xf, 0xff, 0x6d, 0xff, 0xa0, 0x0, 0x0, 0x0,
    0x0, 0x0, 0xff, 0xf8, 0xdf, 0xfa, 0x0, 0x0, 0x0, 0x0, 0x0, 0xf, 0xff, 0x8d,
    0xff, 0xa0, 0x0, 0x0, 0x0, 0x0, 0x0, 0xff, 0xf8, 0xdf, 0xfa, 0x0, 0x0, 0x0,
    0x0, 0x0, 0xf, 0xff, 0x8d, 0xff, 0xa0, 0x0, 0x0, 0x0, 0x0, 0x0, 0xff, 0xf8,
    0xdf, 0xfa, 0x0, 0x0, 0x0, 0x0, 0x0, 0xf, 0xff, 0x8d, 0xff, 0xa0, 0x0, 0x0,
    0x0, 0x0, 0x0, 0xff, 0xf8, 0xdf, 0xfa, 0x0, 0x0, 0x0, 0x0, 0x0, 0xf, 0xff,
    0x8d, 0xfe, 0x20, 0x0, 0x0, 0x0, 0x0, 0x0, 0x6f, 0xf8, 0xce, 0x20, 0x0, 0x0,
    0x0, 0x0, 0x0, 0x0, 0x6f, 0x72, 0x20, 0x0, 0x0, 0x0, 0x0, 0x0, 0x0, 0x0,
    0x40, 0x22, 0x0, 0x0, 0x0, 0x0, 0x0, 0x0, 0x0, 0x4, 0xc, 0xe2, 0x0, 0x0,
    0x0, 0x0, 0x0, 0x0, 0x6, 0xf7, 0xdf, 0xe2, 0x0, 0x0, 0x0, 0x0, 0x0, 0x6,
    0xff, 0x8d, 0xff, 0xa0, 0x0, 0x0, 0x0, 0x0, 0x0, 0xff, 0xf8, 0xdf, 0xfa,
    0x0, 0x0, 0x0, 0x0, 0x0, 0xf, 0xff, 0x8d, 0xff, 0xa0, 0x0, 0x0, 0x0, 0x0,
    0x0, 0xff, 0xf8, 0xdf, 0xfa, 0x0, 0x0, 0x0, 0x0, 0x0, 0xf, 0xff, 0x8d, 0xff,
    0xa0, 0x0, 0x0, 0x0, 0x0, 0x0, 0xff, 0xf8, 0xdf, 0xfa, 0x0, 0x0, 0x0, 0x0,
    0x0, 0xf, 0xff, 0x8d, 0xff, 0xa0, 0x0, 0x0, 0x0, 0x0, 0x0, 0xff, 0xf8, 0xdf,
    0xfa, 0x0, 0x0, 0x0, 0x0, 0x0, 0xf, 0xff, 0x8b, 0xff, 0xa0, 0x0, 0x0, 0x0,
    0x0, 0x0, 0xff, 0xf6, 0x1c, 0xf8, 0x69, 0x99, 0x99, 0x99, 0x99, 0x3d, 0xf9,
    0x0, 0x17, 0x8f, 0xff, 0xff, 0xff, 0xff, 0xff, 0x57, 0x0, 0x0, 0xd, 0xff,
    0xff, 0xff, 0xff, 0xff, 0xf9, 0x0, 0x0, 0x0, 0x1d, 0xff, 0xff, 0xff, 0xff,
    0xfa, 0x0, 0x0,

    /* U+0050 "P" */
    0xdf, 0xff, 0xff, 0xff, 0xff, 0xff, 0xff, 0x90, 0x0, 0xd, 0xff, 0xff, 0xff,
    0xff, 0xff, 0xff, 0xff, 0x90, 0x0, 0x4b, 0xff, 0xff, 0xff, 0xff, 0xff, 0xff,
    0xf5, 0x70, 0x9, 0x62, 0x79, 0x99, 0x99, 0x99, 0x99, 0x93, 0xdf, 0x90, 0xdf,
    0xf7, 0x0, 0x0, 0x0, 0x0, 0x0, 0xf, 0xff, 0x6d, 0xff, 0xa0, 0x0, 0x0, 0x0,
    0x0, 0x0, 0xff, 0xf8, 0xdf, 0xfa, 0x0, 0x0, 0x0, 0x0, 0x0, 0xf, 0xff, 0x8d,
    0xff, 0xa0, 0x0, 0x0, 0x0, 0x0, 0x0, 0xff, 0xf8, 0xdf, 0xfa, 0x0, 0x0, 0x0,
    0x0, 0x0, 0xf, 0xff, 0x8d, 0xff, 0xa0, 0x0, 0x0, 0x0, 0x0, 0x0, 0xff, 0xf8,
    0xdf, 0xfa, 0x0, 0x0, 0x0, 0x0, 0x0, 0xf, 0xff, 0x8d, 0xff, 0xa0, 0x0, 0x0,
    0x0, 0x0, 0x0, 0xff, 0xf8, 0xdf, 0xf9, 0x0, 0x0, 0x0, 0x0, 0x0, 0xe, 0xff,
    0x8d, 0xfc, 0x10, 0x0, 0x0, 0x0, 0x0, 0x0, 0x3f, 0xf8, 0xac, 0x1c, 0xff,
    0xff, 0xff, 0xff, 0xff, 0xf8, 0x3f, 0x50, 0x1b, 0xff, 0xff, 0xff, 0xff,
    0xff, 0xff, 0xf7, 0x10, 0x45, 0x6f, 0xff, 0xff, 0xff, 0xff, 0xff, 0xfe,
    0x20, 0xc, 0xf5, 0x59, 0x99, 0x99, 0x99, 0x99, 0x99, 0x20, 0x0, 0xdf, 0xf4,
    0x0, 0x0, 0x0, 0x0, 0x0, 0x0, 0x0, 0xd, 0xff, 0xa0, 0x0, 0x0, 0x0, 0x0, 0x0,
    0x0, 0x0, 0xdf, 0xfa, 0x0, 0x0, 0x0, 0x0, 0x0, 0x0, 0x0, 0xd, 0xff, 0xa0,
    0x0, 0x0, 0x0, 0x0, 0x0, 0x0, 0x0, 0xdf, 0xfa, 0x0, 0x0, 0x0, 0x0, 0x0, 0x0,
    0x0, 0xd, 0xff, 0xa0, 0x0, 0x0, 0x0, 0x0, 0x0, 0x0, 0x0, 0xdf, 0xfa, 0x0,
    0x0, 0x0, 0x0, 0x0, 0x0, 0x0, 0xd, 0xff, 0xa0, 0x0, 0x0, 0x0, 0x0, 0x0, 0x0,
    0x0, 0xdf, 0xfa, 0x0, 0x0, 0x0, 0x0, 0x0, 0x0, 0x0, 0xd, 0xff, 0xa0, 0x0,
    0x0, 0x0, 0x0, 0x0, 0x0, 0x0, 0xdf, 0xf8, 0x0, 0x0, 0x0, 0x0, 0x0, 0x0, 0x0,
    0xc, 0xff, 0x30, 0x0, 0x0, 0x0, 0x0, 0x0, 0x0, 0x0, 0x6f, 0xd0, 0x0, 0x0,
    0x0, 0x0, 0x0, 0x0, 0x0, 0x0, 0x65, 0x0, 0x0, 0x0, 0x0, 0x0, 0x0, 0x0, 0x0,

    /* U+0051 "Q" */
    0x9, 0xff, 0xff, 0xff, 0xff, 0xff, 0xff, 0xf4, 0xc6, 0x7, 0xff, 0xff, 0xff,
    0xff, 0xff, 0xff, 0xfe, 0x3f, 0xf3, 0x4b, 0xff, 0xff, 0xff, 0xff, 0xff,
    0xff, 0x89, 0xff, 0x89, 0x62, 0x79, 0x99, 0x99, 0x99, 0x99, 0x92, 0xef,
    0xf8, 0xdf, 0xf7, 0x0, 0x0, 0x0, 0x0, 0x0, 0xf, 0xff, 0x8d, 0xff, 0xa0, 0x0,
    0x0, 0x0, 0x0, 0x0, 0xff, 0xf8, 0xdf, 0xfa, 0x0, 0x0, 0x0, 0x0, 0x0, 0xf,
    0xff, 0x8d, 0xff, 0xa0, 0x0, 0x0, 0x0, 0x0, 0x0, 0xff, 0xf8, 0xdf, 0xfa,
    0x0, 0x0, 0x0, 0x0, 0x0, 0xf, 0xff, 0x8d, 0xff, 0xa0, 0x0, 0x0, 0x0, 0x0,
    0x0, 0xff, 0xf8, 0xdf, 0xfa, 0x0, 0x0, 0x0, 0x0, 0x0, 0xf, 0xff, 0x8d, 0xff,
    0xa0, 0x0, 0x0, 0x0, 0x0, 0x0, 0xff, 0xf8, 0xdf, 0xfa, 0x0, 0x0, 0x0, 0x0,
    0x0, 0xf, 0xff, 0x8d, 0xfe, 0x20, 0x0, 0x0, 0x0, 0x0, 0x0, 0x6f, 0xf8, 0xce,
    0x20, 0x0, 0x0, 0x0, 0x0, 0x0, 0x0, 0x6f, 0x72, 0x20, 0x0, 0x0, 0x0, 0x0,
    0x0, 0x0, 0x0, 0x40, 0x12, 0x0, 0x0, 0x0, 0x0, 0x0, 0x0, 0x0, 0x4, 0xc,
    0xe2, 0x0, 0x0, 0x0, 0x0, 0x0, 0x0, 0x6, 0xf7, 0xdf, 0xe2, 0x0, 0x0, 0x0,
    0x0, 0x0, 0x6, 0xff, 0x8d, 0xff, 0xa0, 0x0, 0x0, 0x0, 0x0, 0x0, 0xff, 0xf8,
    0xdf, 0xfa, 0x0, 0x0, 0x0, 0x0, 0x0, 0xf, 0xff, 0x8d, 0xff, 0xa0, 0x0, 0x0,
    0x0, 0x0, 0x0, 0xff, 0xf8, 0xdf, 0xfa, 0x0, 0x0, 0x0, 0x0, 0x0, 0xf, 0xff,
    0x8d, 0xff, 0xa0, 0x0, 0x0, 0x0, 0x0, 0x0, 0xff, 0xf8, 0xdf, 0xfa, 0x0, 0x0,
    0x0, 0x5f, 0xfb, 0xd, 0xff, 0x8d, 0xff, 0xa0, 0x0, 0x0, 0x5, 0xff, 0xfb,
    0x1d, 0xf8, 0xdf, 0xfa, 0x0, 0x0, 0x0, 0x4f, 0xff, 0xfb, 0x2d, 0x8d, 0xff,
    0x70, 0x0, 0x0, 0x0, 0x7f, 0xff, 0xfb, 0x26, 0x96, 0x27, 0x99, 0x99, 0x99,
    0x93, 0x6f, 0xff, 0xfa, 0x4, 0xbf, 0xff, 0xff, 0xff, 0xff, 0xe3, 0x5f, 0xff,
    0xfa, 0x8f, 0xff, 0xff, 0xff, 0xff, 0xff, 0xe2, 0x4f, 0xff, 0xf0, 0x9f,
    0xff, 0xff, 0xff, 0xff, 0xff, 0xe2, 0x4f, 0xff,

    /* U+0052 "R" */
    0x9, 0xff, 0xff, 0xff, 0xff, 0xff, 0xff, 0xf4, 0xc6, 0x7, 0xff, 0xff, 0xff,
    0xff, 0xff, 0xff, 0xfe, 0x3f, 0xf3, 0x4b, 0xff, 0xff, 0xff, 0xff, 0xff,
    0xff, 0x89, 0xff, 0x89, 0x62, 0x79, 0x99, 0x99, 0x99, 0x99, 0x92, 0xef,
    0xf8, 0xdf, 0xf7, 0x0, 0x0, 0x0, 0x0, 0x0, 0xf, 0xff, 0x8d, 0xff, 0xa0, 0x0,
    0x0, 0x0, 0x0, 0x0, 0xff, 0xf8, 0xdf, 0xfa, 0x0, 0x0, 0x0, 0x0, 0x0, 0xf,
    0xff, 0x8d, 0xff, 0xa0, 0x0, 0x0, 0x0, 0x0, 0x0, 0xff, 0xf8, 0xdf, 0xfa,
    0x0, 0x0, 0x0, 0x0, 0x0, 0xf, 0xff, 0x8d, 0xff, 0xa0, 0x0, 0x0, 0x0, 0x0,
    0x0, 0xff, 0xf8, 0xdf, 0xfa, 0x0, 0x0, 0x0, 0x0, 0x0, 0xf, 0xff, 0x8d, 0xff,
    0xa0, 0x0, 0x0, 0x0, 0x0, 0x0, 0xff, 0xf8, 0xdf, 0xf9, 0x0, 0x0, 0x0, 0x0,
    0x0, 0xe, 0xff, 0x8d, 0xfc, 0x10, 0x0, 0x0, 0x0, 0x0, 0x0, 0x3f, 0xf8, 0xac,
    0x1c, 0xff, 0xff, 0xff, 0xff, 0xff, 0xf8, 0x3f, 0x50, 0x1b, 0xff, 0xff,
    0xff, 0xff, 0xff, 0xff, 0xf7, 0x10, 0x45, 0x6f, 0xff, 0xff, 0xff, 0xff,
    0xff, 0xfe, 0x20, 0xc, 0xf4, 0x59, 0x99, 0x99, 0x99, 0x99, 0x99, 0x20, 0x0,
    0xdf, 0xf4, 0x38, 0x83, 0x0, 0x0, 0x0, 0x0, 0x0, 0xd, 0xff, 0xa7, 0xff,
    0xf3, 0x0, 0x0, 0x0, 0x0, 0x0, 0xdf, 0xfa, 0x7f, 0xff, 0xe3, 0x0, 0x0, 0x0,
    0x0, 0xd, 0xff, 0xa2, 0xff, 0xff, 0xe2, 0x0, 0x0, 0x0, 0x0, 0xdf, 0xfa, 0x3,
    0xff, 0xff, 0xe2, 0x0, 0x0, 0x0, 0xd, 0xff, 0xa0, 0x3, 0xff, 0xff, 0xe2,
    0x0, 0x0, 0x0, 0xdf, 0xfa, 0x0, 0x4, 0xff, 0xff, 0xe1, 0x0, 0x0, 0xd, 0xff,
    0xa0, 0x0, 0x4, 0xff, 0xff, 0xd1, 0x0, 0x0, 0xdf, 0xfa, 0x0, 0x0, 0x5, 0xff,
    0xff, 0xd1, 0x0, 0xd, 0xff, 0xa0, 0x0, 0x0, 0x5, 0xff, 0xff, 0xd1, 0x0,
    0xdf, 0xf9, 0x0, 0x0, 0x0, 0x6, 0xff, 0xff, 0xc1, 0xc, 0xff, 0x40, 0x0, 0x0,
    0x0, 0x6, 0xff, 0xff, 0xc0, 0x8f, 0xe0, 0x0, 0x0, 0x0, 0x0, 0x7, 0xff, 0xff,
    0x40, 0x98, 0x0, 0x0, 0x0, 0x0, 0x0, 0x7, 0xfc, 0x50,

    /* U+0053 "S" */
    0x9, 0xff, 0xff, 0xff, 0xff, 0xff, 0xff, 0xff, 0xe6, 0x7, 0xff, 0xff, 0xff,
    0xff, 0xff, 0xff, 0xff, 0xff, 0xf3, 0x4b, 0xff, 0xff, 0xff, 0xff, 0xff,
    0xff, 0xff, 0xf9, 0x29, 0x62, 0x79, 0x99, 0x99, 0x99, 0x99, 0x99, 0x60, 0x0,
    0xdf, 0xf7, 0x0, 0x0, 0x0, 0x0, 0x0, 0x0, 0x0, 0xd, 0xff, 0xa0, 0x0, 0x0,
    0x0, 0x0, 0x0, 0x0, 0x0, 0xdf, 0xfa, 0x0, 0x0, 0x0, 0x0, 0x0, 0x0, 0x0, 0xd,
    0xff, 0xa0, 0x0, 0x0, 0x0, 0x0, 0x0, 0x0, 0x0, 0xdf, 0xfa, 0x0, 0x0, 0x0,
    0x0, 0x0, 0x0, 0x0, 0xd, 0xff, 0xa0, 0x0, 0x0, 0x0, 0x0, 0x0, 0x0, 0x0,
    0xdf, 0xfa, 0x0, 0x0, 0x0, 0x0, 0x0, 0x0, 0x0, 0xd, 0xff, 0xa0, 0x0, 0x0,
    0x0, 0x0, 0x0, 0x0, 0x0, 0xdf, 0xf9, 0x0, 0x0, 0x0, 0x0, 0x0, 0x0, 0x0, 0xd,
    0xfc, 0x10, 0x0, 0x0, 0x0, 0x0, 0x0, 0x0, 0x0, 0xac, 0x1c, 0xff, 0xff, 0xff,
    0xff, 0xff, 0xf8, 0x0, 0x0, 0x1b, 0xff, 0xff, 0xff, 0xff, 0xff, 0xff, 0xf7,
    0x0, 0x0, 0x6f, 0xff, 0xff, 0xff, 0xff, 0xff, 0xfe, 0x27, 0x10, 0x0, 0x59,
    0x99, 0x99, 0x99, 0x99, 0x99, 0x29, 0xf8, 0x0, 0x0, 0x0, 0x0, 0x0, 0x0, 0x0,
    0x9, 0xff, 0x80, 0x0, 0x0, 0x0, 0x0, 0x0, 0x0, 0x0, 0xff, 0xf8, 0x0, 0x0,
    0x0, 0x0, 0x0, 0x0, 0x0, 0xf, 0xff, 0x80, 0x0, 0x0, 0x0, 0x0, 0x0, 0x0, 0x0,
    0xff, 0xf8, 0x0, 0x0, 0x0, 0x0, 0x0, 0x0, 0x0, 0xf, 0xff, 0x80, 0x0, 0x0,
    0x0, 0x0, 0x0, 0x0, 0x0, 0xff, 0xf8, 0x0, 0x0, 0x0, 0x0, 0x0, 0x0, 0x0, 0xf,
    0xff, 0x80, 0x0, 0x0, 0x0, 0x0, 0x0, 0x0, 0x0, 0xff, 0xf8, 0x0, 0x0, 0x0,
    0x0, 0x0, 0x0, 0x0, 0xf, 0xff, 0x80, 0x0, 0x0, 0x0, 0x0, 0x0, 0x0, 0x0,
    0xff, 0xf8, 0x0, 0x17, 0x99, 0x99, 0x99, 0x99, 0x99, 0x2e, 0xff, 0x84, 0xbf,
    0xff, 0xff, 0xff, 0xff, 0xff, 0xf8, 0x9f, 0xf8, 0x8f, 0xff, 0xff, 0xff,
    0xff, 0xff, 0xff, 0xe3, 0xff, 0x30, 0x9f, 0xff, 0xff, 0xff, 0xff, 0xff,
    0xff, 0x4c, 0x60,

    /* U+0054 "T" */
    0x9, 0xff, 0xff, 0xff, 0xff, 0xff, 0xff, 0xff, 0xe5, 0x8, 0xff, 0xff, 0xff,
    0xff, 0xff, 0xff, 0xff, 0xff, 0xf2, 0x4b, 0xff, 0xff, 0xff, 0xff, 0xff,
    0xff, 0xff, 0xf9, 0x20, 0x1, 0x79, 0x99, 0x99, 0x99, 0x99, 0x98, 0x50, 0x0,
    0x0, 0x0, 0x0, 0x3, 0x77, 0x70, 0x0, 0x0, 0x0, 0x0, 0x0, 0x0, 0x0, 0x7f,
    0xff, 0x0, 0x0, 0x0, 0x0, 0x0, 0x0, 0x0, 0x7, 0xff, 0xf0, 0x0, 0x0, 0x0,
    0x0, 0x0, 0x0, 0x0, 0x7f, 0xff, 0x0, 0x0, 0x0, 0x0, 0x0, 0x0, 0x0, 0x7,
    0xff, 0xf0, 0x0, 0x0, 0x0, 0x0, 0x0, 0x0, 0x0, 0x7f, 0xff, 0x0, 0x0, 0x0,
    0x0, 0x0, 0x0, 0x0, 0x7, 0xff, 0xf0, 0x0, 0x0, 0x0, 0x0, 0x0, 0x0, 0x0,
    0x7f, 0xff, 0x0, 0x0, 0x0, 0x0, 0x0, 0x0, 0x0, 0x7, 0xff, 0xf0, 0x0, 0x0,
    0x0, 0x0, 0x0, 0x0, 0x0, 0x6f, 0xff, 0x0, 0x0, 0x0, 0x0, 0x0, 0x0, 0x0, 0x0,
    0xcf, 0x70, 0x0, 0x0, 0x0, 0x0, 0x0, 0x0, 0x0, 0x1, 0x50, 0x0, 0x0, 0x0,
    0x0, 0x0, 0x0, 0x0, 0x0, 0x2, 0x0, 0x0, 0x0, 0x0, 0x0, 0x0, 0x0, 0x0, 0x9,
    0xf4, 0x0, 0x0, 0x0, 0x0, 0x0, 0x0, 0x0, 0x6, 0xff, 0xf0, 0x0, 0x0, 0x0,
    0x0, 0x0, 0x0, 0x0, 0x7f, 0xff, 0x0, 0x0, 0x0, 0x0, 0x0, 0x0, 0x0, 0x7,
    0xff, 0xf0, 0x0, 0x0, 0x0, 0x0, 0x0, 0x0, 0x0, 0x7f, 0xff, 0x0, 0x0, 0x0,
    0x0, 0x0, 0x0, 0x0, 0x7, 0xff, 0xf0, 0x0, 0x0, 0x0, 0x0, 0x0, 0x0, 0x0,
    0x7f, 0xff, 0x0, 0x0, 0x0, 0x0, 0x0, 0x0, 0x0, 0x7, 0xff, 0xf0, 0x0, 0x0,
    0x0, 0x0, 0x0, 0x0, 0x0, 0x7f, 0xff, 0x0, 0x0, 0x0, 0x0, 0x0, 0x0, 0x0, 0x7,
    0xff, 0xf0, 0x0, 0x0, 0x0, 0x0, 0x0, 0x0, 0x0, 0x7f, 0xff, 0x0, 0x0, 0x0,
    0x0, 0x0, 0x0, 0x0, 0x6, 0xff, 0xf0, 0x0, 0x0, 0x0, 0x0, 0x0, 0x0, 0x0,
    0x1f, 0xff, 0x0, 0x0, 0x0, 0x0, 0x0, 0x0, 0x0, 0x0, 0xbf, 0xc0, 0x0, 0x0,
    0x0, 0x0, 0x0, 0x0, 0x0, 0x5, 0xd2, 0x0, 0x0, 0x0, 0x0, 0x0, 0x0, 0x0, 0x0,
    0x0, 0x0, 0x0, 0x0, 0x0, 0x0,

    /* U+0055 "U" */
    0x2, 0x30, 0x0, 0x0, 0x0, 0x0, 0x0, 0x0, 0xc6, 0x4, 0xfb, 0x0, 0x0, 0x0,
    0x0, 0x0, 0x0, 0x3f, 0xf3, 0xbf, 0xf1, 0x0, 0x0, 0x0, 0x0, 0x0, 0x9, 0xff,
    0x8d, 0xff, 0x70, 0x0, 0x0, 0x0, 0x0, 0x0, 0xef, 0xf8, 0xdf, 0xfa, 0x0, 0x0,
    0x0, 0x0, 0x0, 0xf, 0xff, 0x8d, 0xff, 0xa0, 0x0, 0x0, 0x0, 0x0, 0x0, 0xff,
    0xf8, 0xdf, 0xfa, 0x0, 0x0, 0x0, 0x0, 0x0, 0xf, 0xff, 0x8d, 0xff, 0xa0, 0x0,
    0x0, 0x0, 0x0, 0x0, 0xff, 0xf8, 0xdf, 0xfa, 0x0, 0x0, 0x0, 0x0, 0x0, 0xf,
    0xff, 0x8d, 0xff, 0xa0, 0x0, 0x0, 0x0, 0x0, 0x0, 0xff, 0xf8, 0xdf, 0xfa,
    0x0, 0x0, 0x0, 0x0, 0x0, 0xf, 0xff, 0x8d, 0xff, 0xa0, 0x0, 0x0, 0x0, 0x0,
    0x0, 0xff, 0xf8, 0xdf, 0xfa, 0x0, 0x0, 0x0, 0x0, 0x0, 0xf, 0xff, 0x8d, 0xff,
    0x70, 0x0, 0x0, 0x0, 0x0, 0x0, 0x6f, 0xf8, 0xdf, 0x80, 0x0, 0x0, 0x0, 0x0,
    0x0, 0x0, 0x6f, 0x76, 0x80, 0x0, 0x0, 0x0, 0x0, 0x0, 0x0, 0x0, 0x40, 0x12,
    0x0, 0x0, 0x0, 0x0, 0x0, 0x0, 0x0, 0x4, 0xc, 0xe2, 0x0, 0x0, 0x0, 0x0, 0x0,
    0x0, 0x6, 0xf7, 0xdf, 0xe2, 0x0, 0x0, 0x0, 0x0, 0x0, 0x6, 0xff, 0x8d, 0xff,
    0xa0, 0x0, 0x0, 0x0, 0x0, 0x0, 0xff, 0xf8, 0xdf, 0xfa, 0x0, 0x0, 0x0, 0x0,
    0x0, 0xf, 0xff, 0x8d, 0xff, 0xa0, 0x0, 0x0, 0x0, 0x0, 0x0, 0xff, 0xf8, 0xdf,
    0xfa, 0x0, 0x0, 0x0, 0x0, 0x0, 0xf, 0xff, 0x8d, 0xff, 0xa0, 0x0, 0x0, 0x0,
    0x0, 0x0, 0xff, 0xf8, 0xdf, 0xfa, 0x0, 0x0, 0x0, 0x0, 0x0, 0xf, 0xff, 0x8d,
    0xff, 0xa0, 0x0, 0x0, 0x0, 0x0, 0x0, 0xff, 0xf8, 0xdf, 0xfa, 0x0, 0x0, 0x0,
    0x0, 0x0, 0xf, 0xff, 0x8d, 0xff, 0x70, 0x0, 0x0, 0x0, 0x0, 0x0, 0xff, 0xf8,
    0x96, 0x27, 0x99, 0x99, 0x99, 0x99, 0x99, 0x2e, 0xff, 0x84, 0xbf, 0xff,
    0xff, 0xff, 0xff, 0xff, 0xf8, 0x9f, 0xf8, 0x8f, 0xff, 0xff, 0xff, 0xff,
    0xff, 0xff, 0xe3, 0xff, 0x30, 0x9f, 0xff, 0xff, 0xff, 0xff, 0xff, 0xff,
    0x4c, 0x60,

    /* U+0056 "V" */
    0x2, 0x30, 0x0, 0x0, 0x0, 0x0, 0x0, 0x0, 0x51, 0x4, 0xfb, 0x0, 0x0, 0x0,
    0x0, 0x0, 0x0, 0x1f, 0xd1, 0xbf, 0xf1, 0x0, 0x0, 0x0, 0x0, 0x0, 0x6, 0xff,
    0x6d, 0xff, 0x70, 0x0, 0x0, 0x0, 0x0, 0x0, 0xcf, 0xf8, 0xdf, 0xfa, 0x0, 0x0,
    0x0, 0x0, 0x0, 0xf, 0xff, 0x8d, 0xff, 0xa0, 0x0, 0x0, 0x0, 0x0, 0x0, 0xff,
    0xf8, 0xdf, 0xfa, 0x0, 0x0, 0x0, 0x0, 0x0, 0xf, 0xff, 0x8d, 0xff, 0xa0, 0x0,
    0x0, 0x0, 0x0, 0x0, 0xff, 0xf8, 0xdf, 0xfa, 0x0, 0x0, 0x0, 0x0, 0x0, 0xf,
    0xff, 0x8d, 0xff, 0xa0, 0x0, 0x0, 0x0, 0x0, 0x0, 0xff, 0xf8, 0xdf, 0xfa,
    0x0, 0x0, 0x0, 0x0, 0x0, 0xf, 0xff, 0x8d, 0xff, 0xa0, 0x0, 0x0, 0x0, 0x0,
    0x0, 0xff, 0xf8, 0xdf, 0xfa, 0x0, 0x0, 0x0, 0x0, 0x0, 0xf, 0xff, 0x8d, 0xff,
    0x70, 0x0, 0x0, 0x0, 0x0, 0x0, 0xcf, 0xf8, 0xdf, 0x80, 0x0, 0x0, 0x0, 0x0,
    0x0, 0x0, 0xcf, 0x86, 0x80, 0x0, 0x0, 0x0, 0x0, 0x0, 0x0, 0x0, 0xb3, 0x0,
    0x0, 0x0, 0x0, 0x0, 0x0, 0x0, 0x0, 0x0, 0x8, 0xa0, 0x0, 0x0, 0x0, 0x0, 0x0,
    0x0, 0x1, 0xd3, 0xdf, 0x90, 0x0, 0x0, 0x0, 0x0, 0x0, 0x1, 0xdf, 0x8d, 0xff,
    0x90, 0x0, 0x0, 0x0, 0x0, 0x1, 0xdf, 0xf8, 0xbf, 0xff, 0x50, 0x0, 0x0, 0x0,
    0x0, 0xaf, 0xff, 0x61, 0xef, 0xff, 0x20, 0x0, 0x0, 0x0, 0x6f, 0xff, 0xb0,
    0x4, 0xff, 0xfc, 0x0, 0x0, 0x0, 0x2f, 0xff, 0xe1, 0x0, 0x8, 0xff, 0xf9, 0x0,
    0x0, 0xd, 0xff, 0xf3, 0x0, 0x0, 0xb, 0xff, 0xf4, 0x0, 0x9, 0xff, 0xf7, 0x0,
    0x0, 0x0, 0x1e, 0xff, 0xe1, 0x5, 0xff, 0xfb, 0x0, 0x0, 0x0, 0x0, 0x4f, 0xff,
    0xb1, 0xff, 0xfd, 0x10, 0x0, 0x0, 0x0, 0x0, 0x7f, 0xfe, 0x3f, 0xff, 0x30,
    0x0, 0x0, 0x0, 0x0, 0x0, 0xbf, 0xe3, 0xff, 0x60, 0x0, 0x0, 0x0, 0x0, 0x0,
    0x1, 0xee, 0x3f, 0xa0, 0x0, 0x0, 0x0, 0x0, 0x0, 0x0, 0x3, 0xe3, 0xd0, 0x0,
    0x0, 0x0, 0x0, 0x0, 0x0, 0x0, 0x6, 0x23, 0x0, 0x0, 0x0, 0x0,

    /* U+0057 "W" */
    0x0, 0x0, 0x0, 0x0, 0x0, 0x0, 0x0, 0x0, 0x0, 0x0, 0xa8, 0x0, 0x0, 0x0, 0x0,
    0x0, 0x0, 0xd, 0x70, 0x8f, 0xe0, 0x0, 0x0, 0x0, 0x0, 0x0, 0x4, 0xff, 0x3c,
    0xff, 0x40, 0x0, 0x0, 0x0, 0x0, 0x0, 0x9f, 0xf8, 0xdf, 0xfa, 0x0, 0x0, 0x0,
    0x0, 0x0, 0xf, 0xff, 0x8d, 0xff, 0xa0, 0x0, 0x0, 0x0, 0x0, 0x0, 0xff, 0xf8,
    0xdf, 0xfa, 0x0, 0x0, 0x0, 0x0, 0x0, 0xf, 0xff, 0x8d, 0xff, 0xa0, 0x0, 0x0,
    0x0, 0x0, 0x0, 0xff, 0xf8, 0xdf, 0xfa, 0x0, 0x0, 0x0, 0x0, 0x0, 0xf, 0xff,
    0x8d, 0xff, 0xa0, 0x0, 0x0, 0x0, 0x0, 0x0, 0xff, 0xf8, 0xdf, 0xfa, 0x0, 0x0,
    0x0, 0x0, 0x0, 0xf, 0xff, 0x8d, 0xff, 0xa0, 0x0, 0x0, 0x0, 0x0, 0x0, 0xff,
    0xf8, 0xdf, 0xfa, 0x0, 0x0, 0x0, 0x0, 0x0, 0xf, 0xff, 0x8d, 0xff, 0xa0, 0x0,
    0x0, 0x0, 0x0, 0x0, 0xff, 0xf8, 0xdf, 0xe2, 0x0, 0x0, 0x0, 0x0, 0x0, 0x5,
    0xff, 0x8b, 0xe2, 0x0, 0x0, 0x0, 0x0, 0x0, 0x0, 0x5, 0xf7, 0x12, 0x0, 0x0,
    0x0, 0x3, 0x0, 0x0, 0x0, 0x3, 0x2, 0x30, 0x0, 0x0, 0xa, 0xf5, 0x0, 0x0, 0x0,
    0x50, 0xcf, 0x30, 0x0, 0x5, 0xff, 0xf1, 0x0, 0x0, 0x7f, 0x7d, 0xfe, 0x30,
    0x0, 0x6f, 0xff, 0x10, 0x0, 0x7f, 0xf8, 0xdf, 0xfa, 0x0, 0x6, 0xff, 0xf1,
    0x0, 0xf, 0xff, 0x8d, 0xff, 0xa0, 0x0, 0x6f, 0xff, 0x10, 0x0, 0xff, 0xf8,
    0xdf, 0xfa, 0x0, 0x6, 0xff, 0xf1, 0x0, 0xf, 0xff, 0x8d, 0xff, 0xa0, 0x0,
    0x6f, 0xff, 0x10, 0x0, 0xff, 0xf8, 0xdf, 0xfa, 0x0, 0x6, 0xff, 0xf1, 0x0,
    0xf, 0xff, 0x8d, 0xff, 0xa0, 0x0, 0x6f, 0xff, 0x10, 0x0, 0xff, 0xf8, 0xdf,
    0xfa, 0x0, 0x6, 0xff, 0xf1, 0x0, 0xf, 0xff, 0x8d, 0xff, 0xa0, 0x0, 0x6f,
    0xff, 0x10, 0x0, 0xff, 0xf8, 0xdf, 0xe6, 0x0, 0x3, 0x88, 0x80, 0x0, 0xf,
    0xff, 0x89, 0x52, 0x79, 0x99, 0x99, 0x99, 0x99, 0x92, 0xef, 0xf8, 0x4b,
    0xff, 0xff, 0xff, 0xff, 0xff, 0xff, 0x89, 0xff, 0x87, 0xff, 0xff, 0xff,
    0xff, 0xff, 0xff, 0xfe, 0x3f, 0xf3, 0x9, 0xff, 0xff, 0xff, 0xff, 0xff, 0xff,
    0xf4, 0xc6, 0x0,

    /* U+0058 "X" */
    0x7, 0xde, 0x0, 0x0, 0x0, 0x0, 0x0, 0x3f, 0xc5, 0x8, 0xff, 0xf6, 0x0, 0x0,
    0x0, 0x0, 0xb, 0xff, 0xf4, 0x6f, 0xff, 0xe0, 0x0, 0x0, 0x0, 0x3, 0xff, 0xff,
    0x20, 0xef, 0xff, 0x60, 0x0, 0x0, 0x0, 0xaf, 0xff, 0xa0, 0x7, 0xff, 0xfd,
    0x0, 0x0, 0x0, 0x2f, 0xff, 0xf3, 0x0, 0xe, 0xff, 0xf5, 0x0, 0x0, 0xa, 0xff,
    0xfb, 0x0, 0x0, 0x7f, 0xff, 0xd0, 0x0, 0x2, 0xff, 0xff, 0x30, 0x0, 0x0,
    0xef, 0xff, 0x50, 0x0, 0x9f, 0xff, 0xb0, 0x0, 0x0, 0x8, 0xff, 0xfc, 0x0,
    0x1f, 0xff, 0xf3, 0x0, 0x0, 0x0, 0x1f, 0xff, 0xf4, 0x9, 0xff, 0xfc, 0x0,
    0x0, 0x0, 0x0, 0x8f, 0xff, 0xb1, 0xff, 0xff, 0x40, 0x0, 0x0, 0x0, 0x1, 0xff,
    0xfe, 0x2f, 0xff, 0xc0, 0x0, 0x0, 0x0, 0x0, 0x8, 0xff, 0xe2, 0xff, 0xf4,
    0x0, 0x0, 0x0, 0x0, 0x0, 0x1f, 0xfe, 0x2f, 0xfc, 0x0, 0x0, 0x0, 0x0, 0x0,
    0x0, 0x9f, 0xe2, 0xff, 0x50, 0x0, 0x0, 0x0, 0x0, 0x0, 0x1, 0x98, 0x19, 0x80,
    0x0, 0x0, 0x0, 0x0, 0x0, 0x0, 0x18, 0x71, 0x87, 0x0, 0x0, 0x0, 0x0, 0x0,
    0x0, 0x9, 0xfd, 0x3f, 0xf4, 0x0, 0x0, 0x0, 0x0, 0x0, 0x1, 0xff, 0xd3, 0xff,
    0xb0, 0x0, 0x0, 0x0, 0x0, 0x0, 0x9f, 0xfd, 0x3f, 0xff, 0x30, 0x0, 0x0, 0x0,
    0x0, 0x1f, 0xff, 0xd3, 0xff, 0xfb, 0x0, 0x0, 0x0, 0x0, 0x8, 0xff, 0xfb,
    0x1f, 0xff, 0xf3, 0x0, 0x0, 0x0, 0x1, 0xff, 0xff, 0x40, 0x9f, 0xff, 0xb0,
    0x0, 0x0, 0x0, 0x8f, 0xff, 0xc0, 0x2, 0xff, 0xff, 0x30, 0x0, 0x0, 0x1f,
    0xff, 0xf4, 0x0, 0xa, 0xff, 0xfa, 0x0, 0x0, 0x8, 0xff, 0xfc, 0x0, 0x0, 0x2f,
    0xff, 0xf2, 0x0, 0x0, 0xff, 0xff, 0x50, 0x0, 0x0, 0xbf, 0xff, 0xa0, 0x0,
    0x7f, 0xff, 0xd0, 0x0, 0x0, 0x3, 0xff, 0xff, 0x20, 0xe, 0xff, 0xf5, 0x0,
    0x0, 0x0, 0xb, 0xff, 0xfa, 0x7, 0xff, 0xfd, 0x0, 0x0, 0x0, 0x0, 0x3f, 0xff,
    0xf2, 0x9f, 0xff, 0x60, 0x0, 0x0, 0x0, 0x0, 0xcf, 0xff, 0x30, 0x8d, 0xd0,
    0x0, 0x0, 0x0, 0x0, 0x4, 0xfc, 0x40,

    /* U+0059 "Y" */
    0x0, 0x0, 0x0, 0x0, 0x0, 0x0, 0x0, 0x0, 0x10, 0x0, 0x0, 0x0, 0x0, 0x0, 0x0,
    0x0, 0x0, 0xe, 0x90, 0x30, 0x0, 0x0, 0x0, 0x0, 0x0, 0x0, 0x4, 0xff, 0x5d,
    0xe8, 0x20, 0x0, 0x0, 0x0, 0x0, 0x0, 0xaf, 0xf8, 0xdf, 0xfa, 0x0, 0x0, 0x0,
    0x0, 0x0, 0xf, 0xff, 0x8d, 0xff, 0xa0, 0x0, 0x0, 0x0, 0x0, 0x0, 0xff, 0xf8,
    0xdf, 0xfa, 0x0, 0x0, 0x0, 0x0, 0x0, 0xf, 0xff, 0x8d, 0xff, 0xa0, 0x0, 0x0,
    0x0, 0x0, 0x0, 0xff, 0xf8, 0xdf, 0xfa, 0x0, 0x0, 0x0, 0x0, 0x0, 0xf, 0xff,
    0x8d, 0xff, 0xa0, 0x0, 0x0, 0x0, 0x0, 0x0, 0xff, 0xf8, 0xdf, 0xfa, 0x0, 0x0,
    0x0, 0x0, 0x0, 0xf, 0xff, 0x8d, 0xff, 0xa0, 0x0, 0x0, 0x0, 0x0, 0x0, 0xff,
    0xf8, 0xdf, 0xfa, 0x0, 0x0, 0x0, 0x0, 0x0, 0xf, 0xff, 0x8d, 0xff, 0x90, 0x0,
    0x0, 0x0, 0x0, 0x0, 0xef, 0xf8, 0xdf, 0xc0, 0x0, 0x0, 0x0, 0x0, 0x0, 0x3,
    0xff, 0x8a, 0xc1, 0xcf, 0xff, 0xff, 0xff, 0xff, 0xff, 0x83, 0xf5, 0x1, 0xbf,
    0xff, 0xff, 0xff, 0xff, 0xff, 0xff, 0x71, 0x0, 0x6, 0xff, 0xff, 0xff, 0xff,
    0xff, 0xff, 0xe2, 0x71, 0x0, 0x5, 0x99, 0x99, 0x99, 0x99, 0x99, 0x92, 0x9f,
    0x80, 0x0, 0x0, 0x0, 0x0, 0x0, 0x0, 0x0, 0x9f, 0xf8, 0x0, 0x0, 0x0, 0x0,
    0x0, 0x0, 0x0, 0xf, 0xff, 0x80, 0x0, 0x0, 0x0, 0x0, 0x0, 0x0, 0x0, 0xff,
    0xf8, 0x0, 0x0, 0x0, 0x0, 0x0, 0x0, 0x0, 0xf, 0xff, 0x80, 0x0, 0x0, 0x0,
    0x0, 0x0, 0x0, 0x0, 0xff, 0xf8, 0x0, 0x0, 0x0, 0x0, 0x0, 0x0, 0x0, 0xf,
    0xff, 0x80, 0x0, 0x0, 0x0, 0x0, 0x0, 0x0, 0x0, 0xff, 0xf8, 0x0, 0x0, 0x0,
    0x0, 0x0, 0x0, 0x0, 0xf, 0xff, 0x80, 0x0, 0x0, 0x0, 0x0, 0x0, 0x0, 0x0,
    0xff, 0xf8, 0x0, 0x0, 0x0, 0x0, 0x0, 0x0, 0x0, 0xf, 0xff, 0x80, 0x1, 0x79,
    0x99, 0x99, 0x99, 0x99, 0x92, 0xef, 0xf8, 0x4b, 0xff, 0xff, 0xff, 0xff,
    0xff, 0xff, 0x89, 0xff, 0x88, 0xff, 0xff, 0xff, 0xff, 0xff, 0xff, 0xfe,
    0x3f, 0xf3, 0x9, 0xff, 0xff, 0xff, 0xff, 0xff, 0xff, 0xf4, 0xc6, 0x0,

    /* U+005A "Z" */
    0x9, 0xff, 0xff, 0xff, 0xff, 0xff, 0xfe, 0x3f, 0xc5, 0x7, 0xff, 0xff, 0xff,
    0xff, 0xff, 0xff, 0x6a, 0xff, 0xf4, 0x4b, 0xff, 0xff, 0xff, 0xff, 0xff,
    0xe2, 0xff, 0xff, 0x20, 0x1, 0x79, 0x99, 0x99, 0x99, 0x94, 0x8f, 0xff, 0xb0,
    0x0, 0x0, 0x0, 0x0, 0x0, 0x0, 0xe, 0xff, 0xf3, 0x0, 0x0, 0x0, 0x0, 0x0, 0x0,
    0x6, 0xff, 0xfb, 0x0, 0x0, 0x0, 0x0, 0x0, 0x0, 0x0, 0xdf, 0xff, 0x40, 0x0,
    0x0, 0x0, 0x0, 0x0, 0x0, 0x4f, 0xff, 0xc0, 0x0, 0x0, 0x0, 0x0, 0x0, 0x0,
    0xb, 0xff, 0xf5, 0x0, 0x0, 0x0, 0x0, 0x0, 0x0, 0x2, 0xff, 0xfd, 0x0, 0x0,
    0x0, 0x0, 0x0, 0x0, 0x0, 0x9f, 0xff, 0x50, 0x0, 0x0, 0x0, 0x0, 0x0, 0x0,
    0x1f, 0xff, 0xe0, 0x0, 0x0, 0x0, 0x0, 0x0, 0x0, 0x7, 0xff, 0xf6, 0x0, 0x0,
    0x0, 0x0, 0x0, 0x0, 0x0, 0xaf, 0xfe, 0x0, 0x0, 0x0, 0x0, 0x0, 0x0, 0x0, 0xa,
    0xff, 0x70, 0x0, 0x0, 0x0, 0x0, 0x0, 0x0, 0x0, 0x59, 0x80, 0x0, 0x0, 0x0,
    0x0, 0x0, 0x0, 0x8, 0x86, 0x0, 0x0, 0x0, 0x0, 0x0, 0x0, 0x0, 0x6, 0xff,
    0xc0, 0x0, 0x0, 0x0, 0x0, 0x0, 0x0, 0x0, 0xdf, 0xfc, 0x0, 0x0, 0x0, 0x0,
    0x0, 0x0, 0x0, 0x6f, 0xff, 0x90, 0x0, 0x0, 0x0, 0x0, 0x0, 0x0, 0xd, 0xff,
    0xf2, 0x0, 0x0, 0x0, 0x0, 0x0, 0x0, 0x6, 0xff, 0xfa, 0x0, 0x0, 0x0, 0x0,
    0x0, 0x0, 0x0, 0xef, 0xff, 0x20, 0x0, 0x0, 0x0, 0x0, 0x0, 0x0, 0x6f, 0xff,
    0xb0, 0x0, 0x0, 0x0, 0x0, 0x0, 0x0, 0xe, 0xff, 0xf3, 0x0, 0x0, 0x0, 0x0,
    0x0, 0x0, 0x6, 0xff, 0xfc, 0x0, 0x0, 0x0, 0x0, 0x0, 0x0, 0x0, 0xef, 0xff,
    0x40, 0x0, 0x0, 0x0, 0x0, 0x0, 0x0, 0x7f, 0xff, 0xc0, 0x0, 0x0, 0x0, 0x0,
    0x0, 0x0, 0xe, 0xff, 0xf5, 0x79, 0x99, 0x99, 0x99, 0x95, 0x0, 0x7, 0xff,
    0xfd, 0x3f, 0xff, 0xff, 0xff, 0xff, 0xd0, 0x0, 0x9f, 0xff, 0x6b, 0xff, 0xff,
    0xff, 0xff, 0xff, 0x30, 0x0, 0x8d, 0xd3, 0xff, 0xff, 0xff, 0xff, 0xff, 0xf9,
    0x0,

    /* U+005B "[" */
    0x9, 0xff, 0xff, 0xff, 0xd1, 0x7f, 0xff, 0xff, 0xff, 0xb0, 0x4b, 0xff, 0xff,
    0xfb, 0x0, 0x96, 0x27, 0x99, 0x80, 0x0, 0xdf, 0xf7, 0x0, 0x0, 0x0, 0xdf,
    0xfa, 0x0, 0x0, 0x0, 0xdf, 0xfa, 0x0, 0x0, 0x0, 0xdf, 0xfa, 0x0, 0x0, 0x0,
    0xdf, 0xfa, 0x0, 0x0, 0x0, 0xdf, 0xfa, 0x0, 0x0, 0x0, 0xdf, 0xfa, 0x0, 0x0,
    0x0, 0xdf, 0xfa, 0x0, 0x0, 0x0, 0xdf, 0xfa, 0x0, 0x0, 0x0, 0xdf, 0xe2, 0x0,
    0x0, 0x0, 0xce, 0x20, 0x0, 0x0, 0x0, 0x22, 0x0, 0x0, 0x0, 0x0, 0x22, 0x0,
    0x0, 0x0, 0x0, 0xce, 0x20, 0x0, 0x0, 0x0, 0xdf, 0xe2, 0x0, 0x0, 0x0, 0xdf,
    0xfa, 0x0, 0x0, 0x0, 0xdf, 0xfa, 0x0, 0x0, 0x0, 0xdf, 0xfa, 0x0, 0x0, 0x0,
    0xdf, 0xfa, 0x0, 0x0, 0x0, 0xdf, 0xfa, 0x0, 0x0, 0x0, 0xdf, 0xfa, 0x0, 0x0,
    0x0, 0xdf, 0xfa, 0x0, 0x0, 0x0, 0xdf, 0xfa, 0x0, 0x0, 0x0, 0xdf, 0xf7, 0x0,
    0x0, 0x0, 0x96, 0x27, 0x99, 0x80, 0x0, 0x4b, 0xff, 0xff, 0xfb, 0x0, 0x7f,
    0xff, 0xff, 0xff, 0xb0, 0x9, 0xff, 0xff, 0xff, 0xd1,

    /* U+005C "\\" */
    0x8, 0xdd, 0x0, 0x0, 0x0, 0x0, 0x0, 0x0, 0x0, 0x9, 0xff, 0xf6, 0x0, 0x0,
    0x0, 0x0, 0x0, 0x0, 0x0, 0x7f, 0xff, 0xd0, 0x0, 0x0, 0x0, 0x0, 0x0, 0x0,
    0x0, 0xef, 0xff, 0x50, 0x0, 0x0, 0x0, 0x0, 0x0, 0x0, 0x7, 0xff, 0xfd, 0x0,
    0x0, 0x0, 0x0, 0x0, 0x0, 0x0, 0xf, 0xff, 0xf4, 0x0, 0x0, 0x0, 0x0, 0x0, 0x0,
    0x0, 0x8f, 0xff, 0xc0, 0x0, 0x0, 0x0, 0x0, 0x0, 0x0, 0x1, 0xff, 0xff, 0x40,
    0x0, 0x0, 0x0, 0x0, 0x0, 0x0, 0x8, 0xff, 0xfb, 0x0, 0x0, 0x0, 0x0, 0x0, 0x0,
    0x0, 0x1f, 0xff, 0xf3, 0x0, 0x0, 0x0, 0x0, 0x0, 0x0, 0x0, 0x9f, 0xff, 0xb0,
    0x0, 0x0, 0x0, 0x0, 0x0, 0x0, 0x1, 0xff, 0xfd, 0x0, 0x0, 0x0, 0x0, 0x0, 0x0,
    0x0, 0x9, 0xff, 0xd0, 0x0, 0x0, 0x0, 0x0, 0x0, 0x0, 0x0, 0x1f, 0xfd, 0x0,
    0x0, 0x0, 0x0, 0x0, 0x0, 0x0, 0x0, 0x9f, 0xd0, 0x0, 0x0, 0x0, 0x0, 0x0, 0x0,
    0x0, 0x2, 0x97, 0x0, 0x0, 0x0, 0x0, 0x0, 0x0, 0x0, 0x0, 0x0, 0x2, 0x87, 0x0,
    0x0, 0x0, 0x0, 0x0, 0x0, 0x0, 0x0, 0x4f, 0xf3, 0x0, 0x0, 0x0, 0x0, 0x0, 0x0,
    0x0, 0x4, 0xff, 0xb0, 0x0, 0x0, 0x0, 0x0, 0x0, 0x0, 0x0, 0x4f, 0xff, 0x30,
    0x0, 0x0, 0x0, 0x0, 0x0, 0x0, 0x4, 0xff, 0xfa, 0x0, 0x0, 0x0, 0x0, 0x0, 0x0,
    0x0, 0x2f, 0xff, 0xf2, 0x0, 0x0, 0x0, 0x0, 0x0, 0x0, 0x0, 0xaf, 0xff, 0xa0,
    0x0, 0x0, 0x0, 0x0, 0x0, 0x0, 0x2, 0xff, 0xff, 0x20, 0x0, 0x0, 0x0, 0x0,
    0x0, 0x0, 0xb, 0xff, 0xfa, 0x0, 0x0, 0x0, 0x0, 0x0, 0x0, 0x0, 0x3f, 0xff,
    0xf2, 0x0, 0x0, 0x0, 0x0, 0x0, 0x0, 0x0, 0xbf, 0xff, 0x90, 0x0, 0x0, 0x0,
    0x0, 0x0, 0x0, 0x3, 0xff, 0xff, 0x10, 0x0, 0x0, 0x0, 0x0, 0x0, 0x0, 0xc,
    0xff, 0xf9, 0x0, 0x0, 0x0, 0x0, 0x0, 0x0, 0x0, 0x4f, 0xff, 0xf1, 0x0, 0x0,
    0x0, 0x0, 0x0, 0x0, 0x0, 0xcf, 0xff, 0x30, 0x0, 0x0, 0x0, 0x0, 0x0, 0x0,
    0x4, 0xfc, 0x40,

    /* U+005D "]" */
    0x6f, 0xff, 0xff, 0x2d, 0x40, 0x4f, 0xff, 0xfb, 0x6f, 0xf1, 0x4, 0xff, 0xf6,
    0xcf, 0xf5, 0x0, 0x49, 0x82, 0xff, 0xf5, 0x0, 0x0, 0x2, 0xff, 0xf5, 0x0,
    0x0, 0x2, 0xff, 0xf5, 0x0, 0x0, 0x2, 0xff, 0xf5, 0x0, 0x0, 0x2, 0xff, 0xf5,
    0x0, 0x0, 0x2, 0xff, 0xf5, 0x0, 0x0, 0x2, 0xff, 0xf5, 0x0, 0x0, 0x2, 0xff,
    0xf5, 0x0, 0x0, 0x2, 0xff, 0xf5, 0x0, 0x0, 0x2, 0xff, 0xf5, 0x0, 0x0, 0x0,
    0x8f, 0xf5, 0x0, 0x0, 0x0, 0x9, 0xf4, 0x0, 0x0, 0x0, 0x0, 0x40, 0x0, 0x0,
    0x0, 0x0, 0x40, 0x0, 0x0, 0x0, 0x8, 0xf4, 0x0, 0x0, 0x0, 0x8f, 0xf5, 0x0,
    0x0, 0x2, 0xff, 0xf5, 0x0, 0x0, 0x2, 0xff, 0xf5, 0x0, 0x0, 0x2, 0xff, 0xf5,
    0x0, 0x0, 0x2, 0xff, 0xf5, 0x0, 0x0, 0x2, 0xff, 0xf5, 0x0, 0x0, 0x2, 0xff,
    0xf5, 0x0, 0x0, 0x2, 0xff, 0xf5, 0x0, 0x0, 0x2, 0xff, 0xf5, 0x0, 0x0, 0x2,
    0xff, 0xf5, 0x0, 0x49, 0x82, 0xff, 0xf5, 0x4, 0xff, 0xf6, 0xcf, 0xf5, 0x4f,
    0xff, 0xfb, 0x6f, 0xf1, 0x6f, 0xff, 0xff, 0x2d, 0x40,

    /* U+005E "^" */
    0x0, 0x0, 0x0, 0x0, 0x73, 0x40, 0x0, 0x0, 0x0, 0x0, 0x0, 0x0, 0x0, 0x9e,
    0x4f, 0x30, 0x0, 0x0, 0x0, 0x0, 0x0, 0x0, 0x8f, 0xe4, 0xff, 0x30, 0x0, 0x0,
    0x0, 0x0, 0x0, 0x8f, 0xfd, 0x4f, 0xff, 0x30, 0x0, 0x0, 0x0, 0x0, 0x8f, 0xff,
    0xd4, 0xff, 0xff, 0x30, 0x0, 0x0, 0x0, 0x7f, 0xff, 0xf4, 0xa, 0xff, 0xfe,
    0x30, 0x0, 0x0, 0x7f, 0xff, 0xf4, 0x0, 0xa, 0xff, 0xfe, 0x30, 0x0, 0x7f,
    0xff, 0xf5, 0x0, 0x0, 0xa, 0xff, 0xfe, 0x20, 0x6f, 0xff, 0xf5, 0x0, 0x0,
    0x0, 0xa, 0xff, 0xfe, 0x2d, 0xff, 0xf5, 0x0, 0x0, 0x0, 0x0, 0xb, 0xff, 0xf7,
    0xbf, 0xf5, 0x0, 0x0, 0x0, 0x0, 0x0, 0xb, 0xff, 0x60, 0xa6, 0x0, 0x0, 0x0,
    0x0, 0x0, 0x0, 0xa, 0x60,

    /* U+005F "_" */
    0x0, 0x17, 0x99, 0x99, 0x99, 0x99, 0x99, 0x85, 0x0, 0x4, 0xbf, 0xff, 0xff,
    0xff, 0xff, 0xff, 0xff, 0xff, 0x92, 0x8f, 0xff, 0xff, 0xff, 0xff, 0xff,
    0xff, 0xff, 0xff, 0x20, 0x9f, 0xff, 0xff, 0xff, 0xff, 0xff, 0xff, 0xfe,
    0x50,

    /* U+0060 "`" */
    0x8f, 0xc0, 0x0, 0x0, 0xb, 0xff, 0xc0, 0x0, 0x0, 0x2e, 0xff, 0xc0, 0x0, 0x0,
    0x3e, 0xff, 0xc0, 0x0, 0x0, 0x3f, 0xff, 0xb0, 0x0, 0x0, 0x3f, 0xff, 0xb0,
    0x0, 0x0, 0x3f, 0xff, 0x0, 0x0, 0x0, 0x3e, 0xb0,

    /* U+0061 "a" */
    0x9, 0xff, 0xff, 0xff, 0xff, 0xff, 0xff, 0xf4, 0xc6, 0x7, 0xff, 0xff, 0xff,
    0xff, 0xff, 0xff, 0xfe, 0x3f, 0xf3, 0x4b, 0xff, 0xff, 0xff, 0xff, 0xff,
    0xff, 0x89, 0xff, 0x89, 0x62, 0x79, 0x99, 0x99, 0x99, 0x99, 0x92, 0xef,
    0xf8, 0xdf, 0xf7, 0x0, 0x0, 0x0, 0x0, 0x0, 0xf, 0xff, 0x8d, 0xff, 0xa0, 0x0,
    0x0, 0x0, 0x0, 0x0, 0xff, 0xf8, 0xdf, 0xfa, 0x0, 0x0, 0x0, 0x0, 0x0, 0xf,
    0xff, 0x8d, 0xff, 0xa0, 0x0, 0x0, 0x0, 0x0, 0x0, 0xff, 0xf8, 0xdf, 0xfa,
    0x0, 0x0, 0x0, 0x0, 0x0, 0xf, 0xff, 0x8d, 0xff, 0xa0, 0x0, 0x0, 0x0, 0x0,
    0x0, 0xff, 0xf8, 0xdf, 0xfa, 0x0, 0x0, 0x0, 0x0, 0x0, 0xf, 0xff, 0x8d, 0xff,
    0xa0, 0x0, 0x0, 0x0, 0x0, 0x0, 0xff, 0xf8, 0xdf, 0xf9, 0x0, 0x0, 0x0, 0x0,
    0x0, 0xe, 0xff, 0x8d, 0xfc, 0x10, 0x0, 0x0, 0x0, 0x0, 0x0, 0x3f, 0xf8, 0xac,
    0x1c, 0xff, 0xff, 0xff, 0xff, 0xff, 0xf8, 0x3f, 0x50, 0x1b, 0xff, 0xff,
    0xff, 0xff, 0xff, 0xff, 0xf7, 0x10, 0x45, 0x6f, 0xff, 0xff, 0xff, 0xff,
    0xff, 0xfe, 0x27, 0x1c, 0xf5, 0x59, 0x99, 0x99, 0x99, 0x99, 0x99, 0x29,
    0xf8, 0xdf, 0xf4, 0x0, 0x0, 0x0, 0x0, 0x0, 0x9, 0xff, 0x8d, 0xff, 0xa0, 0x0,
    0x0, 0x0, 0x0, 0x0, 0xff, 0xf8, 0xdf, 0xfa, 0x0, 0x0, 0x0, 0x0, 0x0, 0xf,
    0xff, 0x8d, 0xff, 0xa0, 0x0, 0x0, 0x0, 0x0, 0x0, 0xff, 0xf8, 0xdf, 0xfa,
    0x0, 0x0, 0x0, 0x0, 0x0, 0xf, 0xff, 0x8d, 0xff, 0xa0, 0x0, 0x0, 0x0, 0x0,
    0x0, 0xff, 0xf8, 0xdf, 0xfa, 0x0, 0x0, 0x0, 0x0, 0x0, 0xf, 0xff, 0x8d, 0xff,
    0xa0, 0x0, 0x0, 0x0, 0x0, 0x0, 0xff, 0xf8, 0xdf, 0xfa, 0x0, 0x0, 0x0, 0x0,
    0x0, 0xf, 0xff, 0x8d, 0xff, 0xa0, 0x0, 0x0, 0x0, 0x0, 0x0, 0xff, 0xf8, 0xdf,
    0xf8, 0x0, 0x0, 0x0, 0x0, 0x0, 0xd, 0xff, 0x8c, 0xff, 0x30, 0x0, 0x0, 0x0,
    0x0, 0x0, 0x8f, 0xf7, 0x6f, 0xd0, 0x0, 0x0, 0x0, 0x0, 0x0, 0x2, 0xff, 0x20,
    0x65, 0x0, 0x0, 0x0, 0x0, 0x0, 0x0, 0x8, 0x30,

    /* U+0062 "b" */
    0xdf, 0xff, 0xff, 0xff, 0xff, 0xff, 0xff, 0x90, 0x0, 0xd, 0xff, 0xff, 0xff,
    0xff, 0xff, 0xff, 0xff, 0x90, 0x0, 0x4b, 0xff, 0xff, 0xff, 0xff, 0xff, 0xff,
    0xf5, 0x70, 0x9, 0x62, 0x79, 0x99, 0x99, 0x99, 0x99, 0x93, 0xdf, 0x90, 0xdf,
    0xf7, 0x0, 0x0, 0x0, 0x0, 0x0, 0xf, 0xff, 0x6d, 0xff, 0xa0, 0x0, 0x0, 0x0,
    0x0, 0x0, 0xff, 0xf8, 0xdf, 0xfa, 0x0, 0x0, 0x0, 0x0, 0x0, 0xf, 0xff, 0x8d,
    0xff, 0xa0, 0x0, 0x0, 0x0, 0x0, 0x0, 0xff, 0xf8, 0xdf, 0xfa, 0x0, 0x0, 0x0,
    0x0, 0x0, 0xf, 0xff, 0x8d, 0xff, 0xa0, 0x0, 0x0, 0x0, 0x0, 0x0, 0xff, 0xf8,
    0xdf, 0xfa, 0x0, 0x0, 0x0, 0x0, 0x0, 0xf, 0xff, 0x8d, 0xff, 0xa0, 0x0, 0x0,
    0x0, 0x0, 0x0, 0xff, 0xf8, 0xdf, 0xf9, 0x0, 0x0, 0x0, 0x0, 0x0, 0xe, 0xff,
    0x8d, 0xfc, 0x10, 0x0, 0x0, 0x0, 0x0, 0x0, 0x3f, 0xf8, 0xac, 0x1c, 0xff,
    0xff, 0xff, 0xff, 0xff, 0xf8, 0x3f, 0x50, 0x1b, 0xff, 0xff, 0xff, 0xff,
    0xff, 0xff, 0xf7, 0x10, 0x45, 0x6f, 0xff, 0xff, 0xff, 0xff, 0xff, 0xfe,
    0x27, 0x1c, 0xf4, 0x59, 0x99, 0x99, 0x99, 0x99, 0x99, 0x29, 0xf8, 0xdf,
    0xf4, 0x0, 0x0, 0x0, 0x0, 0x0, 0x9, 0xff, 0x8d, 0xff, 0xa0, 0x0, 0x0, 0x0,
    0x0, 0x0, 0xff, 0xf8, 0xdf, 0xfa, 0x0, 0x0, 0x0, 0x0, 0x0, 0xf, 0xff, 0x8d,
    0xff, 0xa0, 0x0, 0x0, 0x0, 0x0, 0x0, 0xff, 0xf8, 0xdf, 0xfa, 0x0, 0x0, 0x0,
    0x0, 0x0, 0xf, 0xff, 0x8d, 0xff, 0xa0, 0x0, 0x0, 0x0, 0x0, 0x0, 0xff, 0xf8,
    0xdf, 0xfa, 0x0, 0x0, 0x0, 0x0, 0x0, 0xf, 0xff, 0x8d, 0xff, 0xa0, 0x0, 0x0,
    0x0, 0x0, 0x0, 0xff, 0xf8, 0xdf, 0xfa, 0x0, 0x0, 0x0, 0x0, 0x0, 0xf, 0xff,
    0x8d, 0xff, 0x70, 0x0, 0x0, 0x0, 0x0, 0x0, 0xff, 0xf6, 0x95, 0x27, 0x99,
    0x99, 0x99, 0x99, 0x99, 0x3d, 0xf9, 0x5, 0xbf, 0xff, 0xff, 0xff, 0xff, 0xff,
    0xff, 0x47, 0x0, 0xdf, 0xff, 0xff, 0xff, 0xff, 0xff, 0xff, 0xf8, 0x0, 0xd,
    0xff, 0xff, 0xff, 0xff, 0xff, 0xff, 0xf9, 0x0, 0x0,

    /* U+0063 "c" */
    0x9, 0xff, 0xff, 0xff, 0xff, 0xff, 0xff, 0xff, 0x97, 0xff, 0xff, 0xff, 0xff,
    0xff, 0xff, 0xff, 0xf3, 0x4b, 0xff, 0xff, 0xff, 0xff, 0xff, 0xff, 0xfd, 0x9,
    0x62, 0x79, 0x99, 0x99, 0x99, 0x99, 0x99, 0x50, 0xdf, 0xf7, 0x0, 0x0, 0x0,
    0x0, 0x0, 0x0, 0xd, 0xff, 0xa0, 0x0, 0x0, 0x0, 0x0, 0x0, 0x0, 0xdf, 0xfa,
    0x0, 0x0, 0x0, 0x0, 0x0, 0x0, 0xd, 0xff, 0xa0, 0x0, 0x0, 0x0, 0x0, 0x0, 0x0,
    0xdf, 0xfa, 0x0, 0x0, 0x0, 0x0, 0x0, 0x0, 0xd, 0xff, 0xa0, 0x0, 0x0, 0x0,
    0x0, 0x0, 0x0, 0xdf, 0xfa, 0x0, 0x0, 0x0, 0x0, 0x0, 0x0, 0xd, 0xff, 0xa0,
    0x0, 0x0, 0x0, 0x0, 0x0, 0x0, 0xdf, 0xfa, 0x0, 0x0, 0x0, 0x0, 0x0, 0x0, 0xd,
    0xfe, 0x20, 0x0, 0x0, 0x0, 0x0, 0x0, 0x0, 0xce, 0x20, 0x0, 0x0, 0x0, 0x0,
    0x0, 0x0, 0x2, 0x20, 0x0, 0x0, 0x0, 0x0, 0x0, 0x0, 0x0, 0x22, 0x0, 0x0, 0x0,
    0x0, 0x0, 0x0, 0x0, 0xc, 0xe2, 0x0, 0x0, 0x0, 0x0, 0x0, 0x0, 0x0, 0xdf,
    0xe2, 0x0, 0x0, 0x0, 0x0, 0x0, 0x0, 0xd, 0xff, 0xa0, 0x0, 0x0, 0x0, 0x0,
    0x0, 0x0, 0xdf, 0xfa, 0x0, 0x0, 0x0, 0x0, 0x0, 0x0, 0xd, 0xff, 0xa0, 0x0,
    0x0, 0x0, 0x0, 0x0, 0x0, 0xdf, 0xfa, 0x0, 0x0, 0x0, 0x0, 0x0, 0x0, 0xd,
    0xff, 0xa0, 0x0, 0x0, 0x0, 0x0, 0x0, 0x0, 0xdf, 0xfa, 0x0, 0x0, 0x0, 0x0,
    0x0, 0x0, 0xd, 0xff, 0xa0, 0x0, 0x0, 0x0, 0x0, 0x0, 0x0, 0xdf, 0xfa, 0x0,
    0x0, 0x0, 0x0, 0x0, 0x0, 0xd, 0xff, 0x70, 0x0, 0x0, 0x0, 0x0, 0x0, 0x0,
    0x96, 0x27, 0x99, 0x99, 0x99, 0x99, 0x99, 0x95, 0x4, 0xbf, 0xff, 0xff, 0xff,
    0xff, 0xff, 0xff, 0xd0, 0x8f, 0xff, 0xff, 0xff, 0xff, 0xff, 0xff, 0xff,
    0x30, 0x9f, 0xff, 0xff, 0xff, 0xff, 0xff, 0xff, 0xf9,

    /* U+0064 "d" */
    0xdf, 0xff, 0xff, 0xff, 0xff, 0xff, 0xff, 0x90, 0x0, 0xd, 0xff, 0xff, 0xff,
    0xff, 0xff, 0xff, 0xff, 0x90, 0x0, 0x4b, 0xff, 0xff, 0xff, 0xff, 0xff, 0xff,
    0xf5, 0x70, 0x9, 0x62, 0x79, 0x99, 0x99, 0x99, 0x99, 0x93, 0xdf, 0x90, 0xdf,
    0xf7, 0x0, 0x0, 0x0, 0x0, 0x0, 0xf, 0xff, 0x6d, 0xff, 0xa0, 0x0, 0x0, 0x0,
    0x0, 0x0, 0xff, 0xf8, 0xdf, 0xfa, 0x0, 0x0, 0x0, 0x0, 0x0, 0xf, 0xff, 0x8d,
    0xff, 0xa0, 0x0, 0x0, 0x0, 0x0, 0x0, 0xff, 0xf8, 0xdf, 0xfa, 0x0, 0x0, 0x0,
    0x0, 0x0, 0xf, 0xff, 0x8d, 0xff, 0xa0, 0x0, 0x0, 0x0, 0x0, 0x0, 0xff, 0xf8,
    0xdf, 0xfa, 0x0, 0x0, 0x0, 0x0, 0x0, 0xf, 0xff, 0x8d, 0xff, 0xa0, 0x0, 0x0,
    0x0, 0x0, 0x0, 0xff, 0xf8, 0xdf, 0xfa, 0x0, 0x0, 0x0, 0x0, 0x0, 0xf, 0xff,
    0x8d, 0xfe, 0x20, 0x0, 0x0, 0x0, 0x0, 0x0, 0x6f, 0xf8, 0xce, 0x20, 0x0, 0x0,
    0x0, 0x0, 0x0, 0x0, 0x6f, 0x72, 0x20, 0x0, 0x0, 0x0, 0x0, 0x0, 0x0, 0x0,
    0x40, 0x22, 0x0, 0x0, 0x0, 0x0, 0x0, 0x0, 0x0, 0x4, 0xc, 0xe2, 0x0, 0x0,
    0x0, 0x0, 0x0, 0x0, 0x6, 0xf7, 0xdf, 0xe2, 0x0, 0x0, 0x0, 0x0, 0x0, 0x6,
    0xff, 0x8d, 0xff, 0xa0, 0x0, 0x0, 0x0, 0x0, 0x0, 0xff, 0xf8, 0xdf, 0xfa,
    0x0, 0x0, 0x0, 0x0, 0x0, 0xf, 0xff, 0x8d, 0xff, 0xa0, 0x0, 0x0, 0x0, 0x0,
    0x0, 0xff, 0xf8, 0xdf, 0xfa, 0x0, 0x0, 0x0, 0x0, 0x0, 0xf, 0xff, 0x8d, 0xff,
    0xa0, 0x0, 0x0, 0x0, 0x0, 0x0, 0xff, 0xf8, 0xdf, 0xfa, 0x0, 0x0, 0x0, 0x0,
    0x0, 0xf, 0xff, 0x8d, 0xff, 0xa0, 0x0, 0x0, 0x0, 0x0, 0x0, 0xff, 0xf8, 0xdf,
    0xfa, 0x0, 0x0, 0x0, 0x0, 0x0, 0xf, 0xff, 0x8d, 0xff, 0x70, 0x0, 0x0, 0x0,
    0x0, 0x0, 0xff, 0xf6, 0x96, 0x27, 0x99, 0x99, 0x99, 0x99, 0x99, 0x3d, 0xf9,
    0x5, 0xbf, 0xff, 0xff, 0xff, 0xff, 0xff, 0xff, 0x47, 0x0, 0xdf, 0xff, 0xff,
    0xff, 0xff, 0xff, 0xff, 0xf8, 0x0, 0xd, 0xff, 0xff, 0xff, 0xff, 0xff, 0xff,
    0xf9, 0x0, 0x0,

    /* U+0065 "e" */
    0x9, 0xff, 0xff, 0xff, 0xff, 0xff, 0xff, 0xff, 0x97, 0xff, 0xff, 0xff, 0xff,
    0xff, 0xff, 0xff, 0xf3, 0x4b, 0xff, 0xff, 0xff, 0xff, 0xff, 0xff, 0xfd, 0x9,
    0x62, 0x79, 0x99, 0x99, 0x99, 0x99, 0x99, 0x50, 0xdf, 0xf7, 0x0, 0x0, 0x0,
    0x0, 0x0, 0x0, 0xd, 0xff, 0xa0, 0x0, 0x0, 0x0, 0x0, 0x0, 0x0, 0xdf, 0xfa,
    0x0, 0x0, 0x0, 0x0, 0x0, 0x0, 0xd, 0xff, 0xa0, 0x0, 0x0, 0x0, 0x0, 0x0, 0x0,
    0xdf, 0xfa, 0x0, 0x0, 0x0, 0x0, 0x0, 0x0, 0xd, 0xff, 0xa0, 0x0, 0x0, 0x0,
    0x0, 0x0, 0x0, 0xdf, 0xfa, 0x0, 0x0, 0x0, 0x0, 0x0, 0x0, 0xd, 0xff, 0xa0,
    0x0, 0x0, 0x0, 0x0, 0x0, 0x0, 0xdf, 0xf9, 0x0, 0x0, 0x0, 0x0, 0x0, 0x0, 0xd,
    0xfc, 0x10, 0x0, 0x0, 0x0, 0x0, 0x0, 0x0, 0xac, 0x1c, 0xff, 0xff, 0xff,
    0xff, 0xff, 0xf8, 0x0, 0x1b, 0xff, 0xff, 0xff, 0xff, 0xff, 0xff, 0xf7, 0x45,
    0x6f, 0xff, 0xff, 0xff, 0xff, 0xff, 0xfe, 0x2c, 0xf4, 0x59, 0x99, 0x99,
    0x99, 0x99, 0x99, 0x20, 0xdf, 0xf4, 0x0, 0x0, 0x0, 0x0, 0x0, 0x0, 0xd, 0xff,
    0xa0, 0x0, 0x0, 0x0, 0x0, 0x0, 0x0, 0xdf, 0xfa, 0x0, 0x0, 0x0, 0x0, 0x0,
    0x0, 0xd, 0xff, 0xa0, 0x0, 0x0, 0x0, 0x0, 0x0, 0x0, 0xdf, 0xfa, 0x0, 0x0,
    0x0, 0x0, 0x0, 0x0, 0xd, 0xff, 0xa0, 0x0, 0x0, 0x0, 0x0, 0x0, 0x0, 0xdf,
    0xfa, 0x0, 0x0, 0x0, 0x0, 0x0, 0x0, 0xd, 0xff, 0xa0, 0x0, 0x0, 0x0, 0x0,
    0x0, 0x0, 0xdf, 0xfa, 0x0, 0x0, 0x0, 0x0, 0x0, 0x0, 0xd, 0xff, 0x70, 0x0,
    0x0, 0x0, 0x0, 0x0, 0x0, 0x95, 0x27, 0x99, 0x99, 0x99, 0x99, 0x99, 0x95,
    0x4, 0xbf, 0xff, 0xff, 0xff, 0xff, 0xff, 0xff, 0xd0, 0x8f, 0xff, 0xff, 0xff,
    0xff, 0xff, 0xff, 0xff, 0x30, 0x9f, 0xff, 0xff, 0xff, 0xff, 0xff, 0xff,
    0xf9,

    /* U+0066 "f" */
    0x9, 0xff, 0xff, 0xff, 0xff, 0xff, 0xff, 0xff, 0x97, 0xff, 0xff, 0xff, 0xff,
    0xff, 0xff, 0xff, 0xf3, 0x4b, 0xff, 0xff, 0xff, 0xff, 0xff, 0xff, 0xfd, 0x9,
    0x62, 0x79, 0x99, 0x99, 0x99, 0x99, 0x99, 0x50, 0xdf, 0xf7, 0x0, 0x0, 0x0,
    0x0, 0x0, 0x0, 0xd, 0xff, 0xa0, 0x0, 0x0, 0x0, 0x0, 0x0, 0x0, 0xdf, 0xfa,
    0x0, 0x0, 0x0, 0x0, 0x0, 0x0, 0xd, 0xff, 0xa0, 0x0, 0x0, 0x0, 0x0, 0x0, 0x0,
    0xdf, 0xfa, 0x0, 0x0, 0x0, 0x0, 0x0, 0x0, 0xd, 0xff, 0xa0, 0x0, 0x0, 0x0,
    0x0, 0x0, 0x0, 0xdf, 0xfa, 0x0, 0x0, 0x0, 0x0, 0x0, 0x0, 0xd, 0xff, 0xa0,
    0x0, 0x0, 0x0, 0x0, 0x0, 0x0, 0xdf, 0xf9, 0x0, 0x0, 0x0, 0x0, 0x0, 0x0, 0xd,
    0xfc, 0x10, 0x0, 0x0, 0x0, 0x0, 0x0, 0x0, 0xac, 0x1c, 0xff, 0xff, 0xff,
    0xff, 0xff, 0xf8, 0x0, 0x1b, 0xff, 0xff, 0xff, 0xff, 0xff, 0xff, 0xf7, 0x45,
    0x6f, 0xff, 0xff, 0xff, 0xff, 0xff, 0xfe, 0x2c, 0xf5, 0x59, 0x99, 0x99,
    0x99, 0x99, 0x99, 0x20, 0xdf, 0xf4, 0x0, 0x0, 0x0, 0x0, 0x0, 0x0, 0xd, 0xff,
    0xa0, 0x0, 0x0, 0x0, 0x0, 0x0, 0x0, 0xdf, 0xfa, 0x0, 0x0, 0x0, 0x0, 0x0,
    0x0, 0xd, 0xff, 0xa0, 0x0, 0x0, 0x0, 0x0, 0x0, 0x0, 0xdf, 0xfa, 0x0, 0x0,
    0x0, 0x0, 0x0, 0x0, 0xd, 0xff, 0xa0, 0x0, 0x0, 0x0, 0x0, 0x0, 0x0, 0xdf,
    0xfa, 0x0, 0x0, 0x0, 0x0, 0x0, 0x0, 0xd, 0xff, 0xa0, 0x0, 0x0, 0x0, 0x0,
    0x0, 0x0, 0xdf, 0xfa, 0x0, 0x0, 0x0, 0x0, 0x0, 0x0, 0xd, 0xff, 0xa0, 0x0,
    0x0, 0x0, 0x0, 0x0, 0x0, 0xdf, 0xf8, 0x0, 0x0, 0x0, 0x0, 0x0, 0x0, 0xc,
    0xff, 0x30, 0x0, 0x0, 0x0, 0x0, 0x0, 0x0, 0x6f, 0xd0, 0x0, 0x0, 0x0, 0x0,
    0x0, 0x0, 0x0, 0x65, 0x0, 0x0, 0x0, 0x0, 0x0, 0x0, 0x0,

    /* U+0067 "g" */
    0x9, 0xff, 0xff, 0xff, 0xff, 0xff, 0xff, 0xff, 0x90, 0x7, 0xff, 0xff, 0xff,
    0xff, 0xff, 0xff, 0xff, 0xf3, 0x0, 0x4b, 0xff, 0xff, 0xff, 0xff, 0xff, 0xff,
    0xfd, 0x0, 0x9, 0x62, 0x79, 0x99, 0x99, 0x99, 0x99, 0x99, 0x50, 0x0, 0xdf,
    0xf7, 0x0, 0x0, 0x0, 0x0, 0x0, 0x0, 0x0, 0xd, 0xff, 0xa0, 0x0, 0x0, 0x0,
    0x0, 0x0, 0x0, 0x0, 0xdf, 0xfa, 0x0, 0x0, 0x0, 0x0, 0x0, 0x0, 0x0, 0xd,
    0xff, 0xa0, 0x0, 0x0, 0x0, 0x0, 0x0, 0x0, 0x0, 0xdf, 0xfa, 0x0, 0x0, 0x0,
    0x0, 0x0, 0x0, 0x0, 0xd, 0xff, 0xa0, 0x0, 0x0, 0x0, 0x0, 0x0, 0x0, 0x0,
    0xdf, 0xfa, 0x0, 0x0, 0x0, 0x0, 0x0, 0x0, 0x0, 0xd, 0xff, 0xa0, 0x0, 0x0,
    0x0, 0x0, 0x0, 0x0, 0x0, 0xdf, 0xf9, 0x0, 0x0, 0x0, 0x0, 0x0, 0x0, 0x0, 0xd,
    0xfc, 0x10, 0x0, 0x0, 0x0, 0x0, 0x0, 0x0, 0x0, 0xac, 0x10, 0x0, 0x0, 0x0,
    0x6f, 0xff, 0xf8, 0x0, 0x0, 0x10, 0x0, 0x0, 0x0, 0x5f, 0xff, 0xff, 0xf7,
    0x0, 0x45, 0x0, 0x0, 0x0, 0x1, 0xdf, 0xff, 0xfe, 0x27, 0x1c, 0xf4, 0x0, 0x0,
    0x0, 0x1, 0x89, 0x99, 0x29, 0xf8, 0xdf, 0xf4, 0x0, 0x0, 0x0, 0x0, 0x0, 0x9,
    0xff, 0x8d, 0xff, 0xa0, 0x0, 0x0, 0x0, 0x0, 0x0, 0xff, 0xf8, 0xdf, 0xfa,
    0x0, 0x0, 0x0, 0x0, 0x0, 0xf, 0xff, 0x8d, 0xff, 0xa0, 0x0, 0x0, 0x0, 0x0,
    0x0, 0xff, 0xf8, 0xdf, 0xfa, 0x0, 0x0, 0x0, 0x0, 0x0, 0xf, 0xff, 0x8d, 0xff,
    0xa0, 0x0, 0x0, 0x0, 0x0, 0x0, 0xff, 0xf8, 0xdf, 0xfa, 0x0, 0x0, 0x0, 0x0,
    0x0, 0xf, 0xff, 0x8d, 0xff, 0xa0, 0x0, 0x0, 0x0, 0x0, 0x0, 0xff, 0xf8, 0xdf,
    0xfa, 0x0, 0x0, 0x0, 0x0, 0x0, 0xf, 0xff, 0x8d, 0xff, 0x70, 0x0, 0x0, 0x0,
    0x0, 0x0, 0xff, 0xf8, 0x95, 0x27, 0x99, 0x99, 0x99, 0x99, 0x99, 0x2e, 0xff,
    0x84, 0xbf, 0xff, 0xff, 0xff, 0xff, 0xff, 0xf8, 0x9f, 0xf8, 0x8f, 0xff,
    0xff, 0xff, 0xff, 0xff, 0xff, 0xe3, 0xff, 0x30, 0x9f, 0xff, 0xff, 0xff,
    0xff, 0xff, 0xff, 0x4c, 0x60,

    /* U+0068 "h" */
    0x0, 0x10, 0x0, 0x0, 0x0, 0x0, 0x0, 0x0, 0x83, 0x2, 0xea, 0x0, 0x0, 0x0,
    0x0, 0x0, 0x0, 0x2f, 0xf2, 0xaf, 0xf1, 0x0, 0x0, 0x0, 0x0, 0x0, 0x8, 0xff,
    0x7d, 0xff, 0x60, 0x0, 0x0, 0x0, 0x0, 0x0, 0xdf, 0xf8, 0xdf, 0xfa, 0x0, 0x0,
    0x0, 0x0, 0x0, 0xf, 0xff, 0x8d, 0xff, 0xa0, 0x0, 0x0, 0x0, 0x0, 0x0, 0xff,
    0xf8, 0xdf, 0xfa, 0x0, 0x0, 0x0, 0x0, 0x0, 0xf, 0xff, 0x8d, 0xff, 0xa0, 0x0,
    0x0, 0x0, 0x0, 0x0, 0xff, 0xf8, 0xdf, 0xfa, 0x0, 0x0, 0x0, 0x0, 0x0, 0xf,
    0xff, 0x8d, 0xff, 0xa0, 0x0, 0x0, 0x0, 0x0, 0x0, 0xff, 0xf8, 0xdf, 0xfa,
    0x0, 0x0, 0x0, 0x0, 0x0, 0xf, 0xff, 0x8d, 0xff, 0xa0, 0x0, 0x0, 0x0, 0x0,
    0x0, 0xff, 0xf8, 0xdf, 0xfa, 0x0, 0x0, 0x0, 0x0, 0x0, 0xf, 0xff, 0x8d, 0xff,
    0x90, 0x0, 0x0, 0x0, 0x0, 0x0, 0x9f, 0xf8, 0xdf, 0xb5, 0x99, 0x99, 0x99,
    0x99, 0x99, 0x92, 0x9f, 0x89, 0xb6, 0xff, 0xff, 0xff, 0xff, 0xff, 0xff,
    0xe2, 0x71, 0x1, 0xcf, 0xff, 0xff, 0xff, 0xff, 0xff, 0xff, 0x71, 0xa, 0xc1,
    0xcf, 0xff, 0xff, 0xff, 0xff, 0xff, 0x83, 0xf5, 0xdf, 0xc0, 0x0, 0x0, 0x0,
    0x0, 0x0, 0x3, 0xff, 0x8d, 0xff, 0x90, 0x0, 0x0, 0x0, 0x0, 0x0, 0xef, 0xf8,
    0xdf, 0xfa, 0x0, 0x0, 0x0, 0x0, 0x0, 0xf, 0xff, 0x8d, 0xff, 0xa0, 0x0, 0x0,
    0x0, 0x0, 0x0, 0xff, 0xf8, 0xdf, 0xfa, 0x0, 0x0, 0x0, 0x0, 0x0, 0xf, 0xff,
    0x8d, 0xff, 0xa0, 0x0, 0x0, 0x0, 0x0, 0x0, 0xff, 0xf8, 0xdf, 0xfa, 0x0, 0x0,
    0x0, 0x0, 0x0, 0xf, 0xff, 0x8d, 0xff, 0xa0, 0x0, 0x0, 0x0, 0x0, 0x0, 0xff,
    0xf8, 0xdf, 0xfa, 0x0, 0x0, 0x0, 0x0, 0x0, 0xf, 0xff, 0x8d, 0xff, 0xa0, 0x0,
    0x0, 0x0, 0x0, 0x0, 0xff, 0xf8, 0xdf, 0xfa, 0x0, 0x0, 0x0, 0x0, 0x0, 0xf,
    0xff, 0x8d, 0xff, 0x50, 0x0, 0x0, 0x0, 0x0, 0x0, 0xaf, 0xf8, 0x9f, 0xf0,
    0x0, 0x0, 0x0, 0x0, 0x0, 0x4, 0xff, 0x51, 0xd9, 0x0, 0x0, 0x0, 0x0, 0x0,
    0x0, 0xe, 0x90, 0x0, 0x10, 0x0, 0x0, 0x0, 0x0, 0x0, 0x0, 0x10, 0x0,

    /* U+0069 "i" */
    0xa, 0x80, 0x1f, 0xf5, 0x6f, 0xfa, 0xcf, 0xfa, 0xdf, 0xfa, 0xdf, 0xfa, 0xdf,
    0xfa, 0xdf, 0xfa, 0xdf, 0xfa, 0xdf, 0xfa, 0xdf, 0xfa, 0xdf, 0xfa, 0xcf,
    0xfa, 0x4f, 0xfa, 0x4, 0xf9, 0x0, 0x30, 0x0, 0xa4, 0xa, 0xfa, 0x9f, 0xfa,
    0xdf, 0xfa, 0xdf, 0xfa, 0xdf, 0xfa, 0xdf, 0xfa, 0xdf, 0xfa, 0xdf, 0xfa,
    0xdf, 0xfa, 0xdf, 0xfa, 0xdf, 0xfa, 0xaf, 0xfa, 0x4f, 0xf9, 0xe, 0xf2, 0x4,
    0x20,

    /* U+006A "j" */
    0x0, 0x0, 0x0, 0x0, 0x0, 0x0, 0x0, 0x0, 0xc6, 0x0, 0x0, 0x0, 0x0, 0x0, 0x0,
    0x0, 0x0, 0x3f, 0xf3, 0x0, 0x0, 0x0, 0x0, 0x0, 0x0, 0x0, 0x9, 0xff, 0x80,
    0x0, 0x0, 0x0, 0x0, 0x0, 0x0, 0x0, 0xef, 0xf8, 0x0, 0x0, 0x0, 0x0, 0x0, 0x0,
    0x0, 0xf, 0xff, 0x80, 0x0, 0x0, 0x0, 0x0, 0x0, 0x0, 0x0, 0xff, 0xf8, 0x0,
    0x0, 0x0, 0x0, 0x0, 0x0, 0x0, 0xf, 0xff, 0x80, 0x0, 0x0, 0x0, 0x0, 0x0, 0x0,
    0x0, 0xff, 0xf8, 0x0, 0x0, 0x0, 0x0, 0x0, 0x0, 0x0, 0xf, 0xff, 0x80, 0x0,
    0x0, 0x0, 0x0, 0x0, 0x0, 0x0, 0xff, 0xf8, 0x0, 0x0, 0x0, 0x0, 0x0, 0x0, 0x0,
    0xf, 0xff, 0x80, 0x0, 0x0, 0x0, 0x0, 0x0, 0x0, 0x0, 0xff, 0xf8, 0x0, 0x0,
    0x0, 0x0, 0x0, 0x0, 0x0, 0xf, 0xff, 0x80, 0x0, 0x0, 0x0, 0x0, 0x0, 0x0, 0x0,
    0x6f, 0xf8, 0x0, 0x0, 0x0, 0x0, 0x0, 0x0, 0x0, 0x0, 0x6f, 0x70, 0x0, 0x0,
    0x0, 0x0, 0x0, 0x0, 0x0, 0x0, 0x40, 0x12, 0x0, 0x0, 0x0, 0x0, 0x0, 0x0, 0x0,
    0x4, 0xc, 0xe2, 0x0, 0x0, 0x0, 0x0, 0x0, 0x0, 0x6, 0xf7, 0xdf, 0xe2, 0x0,
    0x0, 0x0, 0x0, 0x0, 0x6, 0xff, 0x8d, 0xff, 0xa0, 0x0, 0x0, 0x0, 0x0, 0x0,
    0xff, 0xf8, 0xdf, 0xfa, 0x0, 0x0, 0x0, 0x0, 0x0, 0xf, 0xff, 0x8d, 0xff,
    0xa0, 0x0, 0x0, 0x0, 0x0, 0x0, 0xff, 0xf8, 0xdf, 0xfa, 0x0, 0x0, 0x0, 0x0,
    0x0, 0xf, 0xff, 0x8d, 0xff, 0xa0, 0x0, 0x0, 0x0, 0x0, 0x0, 0xff, 0xf8, 0xdf,
    0xfa, 0x0, 0x0, 0x0, 0x0, 0x0, 0xf, 0xff, 0x8d, 0xff, 0xa0, 0x0, 0x0, 0x0,
    0x0, 0x0, 0xff, 0xf8, 0xdf, 0xfa, 0x0, 0x0, 0x0, 0x0, 0x0, 0xf, 0xff, 0x8d,
    0xff, 0x70, 0x0, 0x0, 0x0, 0x0, 0x0, 0xff, 0xf8, 0x96, 0x27, 0x99, 0x99,
    0x99, 0x99, 0x99, 0x2e, 0xff, 0x84, 0xbf, 0xff, 0xff, 0xff, 0xff, 0xff,
    0xf8, 0x9f, 0xf8, 0x8f, 0xff, 0xff, 0xff, 0xff, 0xff, 0xff, 0xe3, 0xff,
    0x30, 0x9f, 0xff, 0xff, 0xff, 0xff, 0xff, 0xff, 0x4c, 0x60,

    /* U+006B "k" */
    0x9, 0x80, 0x0, 0x0, 0x0, 0x0, 0x0, 0x7f, 0xc5, 0x8, 0xfe, 0x0, 0x0, 0x0,
    0x0, 0x0, 0x7f, 0xff, 0xf4, 0xcf, 0xf4, 0x0, 0x0, 0x0, 0x0, 0x7f, 0xff,
    0xfb, 0xd, 0xff, 0x90, 0x0, 0x0, 0x0, 0x7f, 0xff, 0xfb, 0x0, 0xdf, 0xfa,
    0x0, 0x0, 0x0, 0x7f, 0xff, 0xfb, 0x0, 0xd, 0xff, 0xa0, 0x0, 0x0, 0x7f, 0xff,
    0xfb, 0x0, 0x0, 0xdf, 0xfa, 0x0, 0x0, 0x7f, 0xff, 0xfb, 0x0, 0x0, 0xd, 0xff,
    0xa0, 0x0, 0x7f, 0xff, 0xfb, 0x0, 0x0, 0x0, 0xdf, 0xfa, 0x0, 0x7f, 0xff,
    0xfb, 0x0, 0x0, 0x0, 0xd, 0xff, 0xa0, 0x7f, 0xff, 0xfb, 0x0, 0x0, 0x0, 0x0,
    0xdf, 0xfa, 0x5f, 0xff, 0xfb, 0x0, 0x0, 0x0, 0x0, 0xd, 0xff, 0xa7, 0xff,
    0xfb, 0x0, 0x0, 0x0, 0x0, 0x0, 0xdf, 0xf9, 0x7f, 0xfb, 0x0, 0x0, 0x0, 0x0,
    0x0, 0xd, 0xfc, 0x10, 0x22, 0x0, 0x0, 0x0, 0x0, 0x0, 0x0, 0xac, 0x1c, 0xff,
    0xff, 0xff, 0xff, 0xff, 0xf8, 0x0, 0x0, 0x1b, 0xff, 0xff, 0xff, 0xff, 0xff,
    0xff, 0xf7, 0x0, 0x45, 0x6f, 0xff, 0xff, 0xff, 0xff, 0xff, 0xfe, 0x27, 0x1c,
    0xf5, 0x59, 0x99, 0x99, 0x99, 0x99, 0x99, 0x29, 0xf8, 0xdf, 0xf4, 0x0, 0x0,
    0x0, 0x0, 0x0, 0x9, 0xff, 0x8d, 0xff, 0xa0, 0x0, 0x0, 0x0, 0x0, 0x0, 0xff,
    0xf8, 0xdf, 0xfa, 0x0, 0x0, 0x0, 0x0, 0x0, 0xf, 0xff, 0x8d, 0xff, 0xa0, 0x0,
    0x0, 0x0, 0x0, 0x0, 0xff, 0xf8, 0xdf, 0xfa, 0x0, 0x0, 0x0, 0x0, 0x0, 0xf,
    0xff, 0x8d, 0xff, 0xa0, 0x0, 0x0, 0x0, 0x0, 0x0, 0xff, 0xf8, 0xdf, 0xfa,
    0x0, 0x0, 0x0, 0x0, 0x0, 0xf, 0xff, 0x8d, 0xff, 0xa0, 0x0, 0x0, 0x0, 0x0,
    0x0, 0xff, 0xf8, 0xdf, 0xfa, 0x0, 0x0, 0x0, 0x0, 0x0, 0xf, 0xff, 0x8d, 0xff,
    0xa0, 0x0, 0x0, 0x0, 0x0, 0x0, 0xff, 0xf8, 0xdf, 0xf8, 0x0, 0x0, 0x0, 0x0,
    0x0, 0xd, 0xff, 0x8c, 0xff, 0x30, 0x0, 0x0, 0x0, 0x0, 0x0, 0x8f, 0xf7, 0x6f,
    0xd0, 0x0, 0x0, 0x0, 0x0, 0x0, 0x2, 0xff, 0x20, 0x65, 0x0, 0x0, 0x0, 0x0,
    0x0, 0x0, 0x8, 0x30,

    /* U+006C "l" */
    0x9, 0x80, 0x0, 0x0, 0x0, 0x0, 0x0, 0x0, 0x0, 0x8, 0xfe, 0x0, 0x0, 0x0, 0x0,
    0x0, 0x0, 0x0, 0x0, 0xcf, 0xf4, 0x0, 0x0, 0x0, 0x0, 0x0, 0x0, 0x0, 0xd,
    0xff, 0x90, 0x0, 0x0, 0x0, 0x0, 0x0, 0x0, 0x0, 0xdf, 0xfa, 0x0, 0x0, 0x0,
    0x0, 0x0, 0x0, 0x0, 0xd, 0xff, 0xa0, 0x0, 0x0, 0x0, 0x0, 0x0, 0x0, 0x0,
    0xdf, 0xfa, 0x0, 0x0, 0x0, 0x0, 0x0, 0x0, 0x0, 0xd, 0xff, 0xa0, 0x0, 0x0,
    0x0, 0x0, 0x0, 0x0, 0x0, 0xdf, 0xfa, 0x0, 0x0, 0x0, 0x0, 0x0, 0x0, 0x0, 0xd,
    0xff, 0xa0, 0x0, 0x0, 0x0, 0x0, 0x0, 0x0, 0x0, 0xdf, 0xfa, 0x0, 0x0, 0x0,
    0x0, 0x0, 0x0, 0x0, 0xd, 0xff, 0xa0, 0x0, 0x0, 0x0, 0x0, 0x0, 0x0, 0x0,
    0xdf, 0xfa, 0x0, 0x0, 0x0, 0x0, 0x0, 0x0, 0x0, 0xd, 0xfe, 0x20, 0x0, 0x0,
    0x0, 0x0, 0x0, 0x0, 0x0, 0xce, 0x20, 0x0, 0x0, 0x0, 0x0, 0x0, 0x0, 0x0, 0x2,
    0x20, 0x0, 0x0, 0x0, 0x0, 0x0, 0x0, 0x0, 0x0, 0x12, 0x0, 0x0, 0x0, 0x0, 0x0,
    0x0, 0x0, 0x0, 0xc, 0xe2, 0x0, 0x0, 0x0, 0x0, 0x0, 0x0, 0x0, 0x0, 0xdf,
    0xe2, 0x0, 0x0, 0x0, 0x0, 0x0, 0x0, 0x0, 0xd, 0xff, 0xa0, 0x0, 0x0, 0x0,
    0x0, 0x0, 0x0, 0x0, 0xdf, 0xfa, 0x0, 0x0, 0x0, 0x0, 0x0, 0x0, 0x0, 0xd,
    0xff, 0xa0, 0x0, 0x0, 0x0, 0x0, 0x0, 0x0, 0x0, 0xdf, 0xfa, 0x0, 0x0, 0x0,
    0x0, 0x0, 0x0, 0x0, 0xd, 0xff, 0xa0, 0x0, 0x0, 0x0, 0x0, 0x0, 0x0, 0x0,
    0xdf, 0xfa, 0x0, 0x0, 0x0, 0x0, 0x0, 0x0, 0x0, 0xd, 0xff, 0xa0, 0x0, 0x0,
    0x0, 0x0, 0x0, 0x0, 0x0, 0xdf, 0xfa, 0x0, 0x0, 0x0, 0x0, 0x0, 0x0, 0x0, 0xd,
    0xff, 0xa0, 0x0, 0x0, 0x0, 0x0, 0x0, 0x0, 0x0, 0xdf, 0xf9, 0x59, 0x99, 0x99,
    0x99, 0x99, 0x96, 0x0, 0xc, 0xff, 0x4d, 0xff, 0xff, 0xff, 0xff, 0xff, 0xff,
    0x92, 0x8f, 0xe3, 0xff, 0xff, 0xff, 0xff, 0xff, 0xff, 0xff, 0x30, 0x98,
    0x9f, 0xff, 0xff, 0xff, 0xff, 0xff, 0xfe, 0x60,

    /* U+006D "m" */
    0x9, 0xff, 0xff, 0xff, 0xff, 0xff, 0xff, 0xf4, 0xc6, 0x7, 0xff, 0xff, 0xff,
    0xff, 0xff, 0xff, 0xfe, 0x3f, 0xf3, 0x4b, 0xff, 0xff, 0xff, 0xff, 0xff,
    0xff, 0x89, 0xff, 0x89, 0x52, 0x79, 0x99, 0x99, 0x99, 0x99, 0x92, 0xef,
    0xf8, 0xdf, 0xe6, 0x0, 0x2, 0x77, 0x70, 0x0, 0xf, 0xff, 0x8d, 0xff, 0xa0,
    0x0, 0x6f, 0xff, 0x10, 0x0, 0xff, 0xf8, 0xdf, 0xfa, 0x0, 0x6, 0xff, 0xf1,
    0x0, 0xf, 0xff, 0x8d, 0xff, 0xa0, 0x0, 0x6f, 0xff, 0x10, 0x0, 0xff, 0xf8,
    0xdf, 0xfa, 0x0, 0x6, 0xff, 0xf1, 0x0, 0xf, 0xff, 0x8d, 0xff, 0xa0, 0x0,
    0x6f, 0xff, 0x10, 0x0, 0xff, 0xf8, 0xdf, 0xfa, 0x0, 0x6, 0xff, 0xf1, 0x0,
    0xf, 0xff, 0x8d, 0xff, 0xa0, 0x0, 0x6f, 0xff, 0x10, 0x0, 0xff, 0xf8, 0xdf,
    0xfa, 0x0, 0x6, 0xff, 0xf1, 0x0, 0xf, 0xff, 0x8d, 0xff, 0x30, 0x0, 0x6f,
    0xff, 0x10, 0x0, 0x7f, 0xf8, 0xcf, 0x30, 0x0, 0x6, 0xff, 0xf1, 0x0, 0x0,
    0x8f, 0x73, 0x40, 0x0, 0x0, 0xa, 0xf6, 0x0, 0x0, 0x0, 0x60, 0x11, 0x0, 0x0,
    0x0, 0x4, 0x0, 0x0, 0x0, 0x2, 0xb, 0xd1, 0x0, 0x0, 0x0, 0x0, 0x0, 0x0, 0x4,
    0xf6, 0xdf, 0xd1, 0x0, 0x0, 0x0, 0x0, 0x0, 0x4, 0xff, 0x8d, 0xff, 0xa0, 0x0,
    0x0, 0x0, 0x0, 0x0, 0xff, 0xf8, 0xdf, 0xfa, 0x0, 0x0, 0x0, 0x0, 0x0, 0xf,
    0xff, 0x8d, 0xff, 0xa0, 0x0, 0x0, 0x0, 0x0, 0x0, 0xff, 0xf8, 0xdf, 0xfa,
    0x0, 0x0, 0x0, 0x0, 0x0, 0xf, 0xff, 0x8d, 0xff, 0xa0, 0x0, 0x0, 0x0, 0x0,
    0x0, 0xff, 0xf8, 0xdf, 0xfa, 0x0, 0x0, 0x0, 0x0, 0x0, 0xf, 0xff, 0x8d, 0xff,
    0xa0, 0x0, 0x0, 0x0, 0x0, 0x0, 0xff, 0xf8, 0xdf, 0xfa, 0x0, 0x0, 0x0, 0x0,
    0x0, 0xf, 0xff, 0x8d, 0xff, 0xa0, 0x0, 0x0, 0x0, 0x0, 0x0, 0xff, 0xf8, 0xdf,
    0xfa, 0x0, 0x0, 0x0, 0x0, 0x0, 0xf, 0xff, 0x8c, 0xff, 0x50, 0x0, 0x0, 0x0,
    0x0, 0x0, 0xaf, 0xf8, 0x9f, 0xe0, 0x0, 0x0, 0x0, 0x0, 0x0, 0x4, 0xff, 0x40,
    0xb9, 0x0, 0x0, 0x0, 0x0, 0x0, 0x0, 0xd, 0x80, 0x0, 0x0, 0x0, 0x0, 0x0, 0x0,
    0x0, 0x0, 0x0, 0x0,

    /* U+006E "n" */
    0x0, 0x0, 0x0, 0x0, 0x0, 0x0, 0x0, 0x0, 0x0, 0x0, 0xa8, 0x0, 0x0, 0x0, 0x0,
    0x0, 0x0, 0xc, 0x70, 0x8f, 0xe0, 0x0, 0x0, 0x0, 0x0, 0x0, 0x3, 0xff, 0x3c,
    0xff, 0x40, 0x0, 0x0, 0x0, 0x0, 0x0, 0x9f, 0xf8, 0xdf, 0xfa, 0x38, 0x83,
    0x0, 0x0, 0x0, 0xf, 0xff, 0x8d, 0xff, 0xa7, 0xff, 0xe3, 0x0, 0x0, 0x0, 0xff,
    0xf8, 0xdf, 0xfa, 0x7f, 0xff, 0xe2, 0x0, 0x0, 0xf, 0xff, 0x8d, 0xff, 0xa3,
    0xff, 0xff, 0xe2, 0x0, 0x0, 0xff, 0xf8, 0xdf, 0xfa, 0x4, 0xff, 0xff, 0xe2,
    0x0, 0xf, 0xff, 0x8d, 0xff, 0xa0, 0x4, 0xff, 0xff, 0xd1, 0x0, 0xff, 0xf8,
    0xdf, 0xfa, 0x0, 0x4, 0xff, 0xff, 0xd1, 0xf, 0xff, 0x8d, 0xff, 0xa0, 0x0,
    0x5, 0xff, 0xff, 0xd0, 0xff, 0xf8, 0xdf, 0xfa, 0x0, 0x0, 0x5, 0xff, 0xff,
    0x2f, 0xff, 0x8d, 0xff, 0xa0, 0x0, 0x0, 0x6, 0xff, 0xf2, 0xff, 0xf8, 0xdf,
    0xf3, 0x0, 0x0, 0x0, 0x0, 0x0, 0x7, 0xff, 0x8c, 0xf3, 0x0, 0x0, 0x0, 0x0,
    0x0, 0x0, 0x8, 0xf7, 0x34, 0x0, 0x0, 0x0, 0x0, 0x0, 0x0, 0x0, 0x6, 0x5,
    0x60, 0x0, 0x0, 0x0, 0x0, 0x0, 0x0, 0x0, 0x92, 0xdf, 0x60, 0x0, 0x0, 0x0,
    0x0, 0x0, 0x0, 0xbf, 0x8d, 0xff, 0x60, 0x0, 0x0, 0x0, 0x0, 0x0, 0xaf, 0xf8,
    0xdf, 0xfa, 0x0, 0x0, 0x0, 0x0, 0x0, 0xf, 0xff, 0x8d, 0xff, 0xa0, 0x0, 0x0,
    0x0, 0x0, 0x0, 0xff, 0xf8, 0xdf, 0xfa, 0x0, 0x0, 0x0, 0x0, 0x0, 0xf, 0xff,
    0x8d, 0xff, 0xa0, 0x0, 0x0, 0x0, 0x0, 0x0, 0xff, 0xf8, 0xdf, 0xfa, 0x0, 0x0,
    0x0, 0x0, 0x0, 0xf, 0xff, 0x8d, 0xff, 0xa0, 0x0, 0x0, 0x0, 0x0, 0x0, 0xff,
    0xf8, 0xdf, 0xfa, 0x0, 0x0, 0x0, 0x0, 0x0, 0xf, 0xff, 0x8d, 0xff, 0xa0, 0x0,
    0x0, 0x0, 0x0, 0x0, 0xff, 0xf8, 0xdf, 0xfa, 0x0, 0x0, 0x0, 0x0, 0x0, 0xf,
    0xff, 0x8d, 0xff, 0x80, 0x0, 0x0, 0x0, 0x0, 0x0, 0xdf, 0xf8, 0xcf, 0xf2,
    0x0, 0x0, 0x0, 0x0, 0x0, 0x7, 0xff, 0x75, 0xfc, 0x0, 0x0, 0x0, 0x0, 0x0,
    0x0, 0x1f, 0xe1, 0x4, 0x40, 0x0, 0x0, 0x0, 0x0, 0x0, 0x0, 0x72, 0x0,

    /* U+006F "o" */
    0x0, 0x1, 0xdf, 0xff, 0xff, 0xff, 0xff, 0x90, 0x0, 0x0, 0x0, 0xdf, 0xff,
    0xff, 0xff, 0xff, 0xff, 0x90, 0x0, 0x1, 0x88, 0xff, 0xff, 0xff, 0xff, 0xff,
    0xf5, 0x70, 0x1, 0xdf, 0x86, 0x99, 0x99, 0x99, 0x99, 0x93, 0xdf, 0x90, 0xbf,
    0xfa, 0x0, 0x0, 0x0, 0x0, 0x0, 0xf, 0xff, 0x6d, 0xff, 0xa0, 0x0, 0x0, 0x0,
    0x0, 0x0, 0xff, 0xf8, 0xdf, 0xfa, 0x0, 0x0, 0x0, 0x0, 0x0, 0xf, 0xff, 0x8d,
    0xff, 0xa0, 0x0, 0x0, 0x0, 0x0, 0x0, 0xff, 0xf8, 0xdf, 0xfa, 0x0, 0x0, 0x0,
    0x0, 0x0, 0xf, 0xff, 0x8d, 0xff, 0xa0, 0x0, 0x0, 0x0, 0x0, 0x0, 0xff, 0xf8,
    0xdf, 0xfa, 0x0, 0x0, 0x0, 0x0, 0x0, 0xf, 0xff, 0x8d, 0xff, 0xa0, 0x0, 0x0,
    0x0, 0x0, 0x0, 0xff, 0xf8, 0xdf, 0xfa, 0x0, 0x0, 0x0, 0x0, 0x0, 0xf, 0xff,
    0x8d, 0xfe, 0x20, 0x0, 0x0, 0x0, 0x0, 0x0, 0x6f, 0xf8, 0xce, 0x20, 0x0, 0x0,
    0x0, 0x0, 0x0, 0x0, 0x6f, 0x72, 0x20, 0x0, 0x0, 0x0, 0x0, 0x0, 0x0, 0x0,
    0x40, 0x22, 0x0, 0x0, 0x0, 0x0, 0x0, 0x0, 0x0, 0x4, 0xc, 0xe2, 0x0, 0x0,
    0x0, 0x0, 0x0, 0x0, 0x6, 0xf7, 0xdf, 0xe2, 0x0, 0x0, 0x0, 0x0, 0x0, 0x6,
    0xff, 0x8d, 0xff, 0xa0, 0x0, 0x0, 0x0, 0x0, 0x0, 0xff, 0xf8, 0xdf, 0xfa,
    0x0, 0x0, 0x0, 0x0, 0x0, 0xf, 0xff, 0x8d, 0xff, 0xa0, 0x0, 0x0, 0x0, 0x0,
    0x0, 0xff, 0xf8, 0xdf, 0xfa, 0x0, 0x0, 0x0, 0x0, 0x0, 0xf, 0xff, 0x8d, 0xff,
    0xa0, 0x0, 0x0, 0x0, 0x0, 0x0, 0xff, 0xf8, 0xdf, 0xfa, 0x0, 0x0, 0x0, 0x0,
    0x0, 0xf, 0xff, 0x8d, 0xff, 0xa0, 0x0, 0x0, 0x0, 0x0, 0x0, 0xff, 0xf8, 0xdf,
    0xfa, 0x0, 0x0, 0x0, 0x0, 0x0, 0xf, 0xff, 0x8b, 0xff, 0xa0, 0x0, 0x0, 0x0,
    0x0, 0x0, 0xff, 0xf6, 0x1c, 0xf8, 0x69, 0x99, 0x99, 0x99, 0x99, 0x3d, 0xf9,
    0x0, 0x17, 0x8f, 0xff, 0xff, 0xff, 0xff, 0xff, 0x57, 0x0, 0x0, 0xd, 0xff,
    0xff, 0xff, 0xff, 0xff, 0xf9, 0x0, 0x0, 0x0, 0x1d, 0xff, 0xff, 0xff, 0xff,
    0xfa, 0x0, 0x0,

    /* U+0070 "p" */
    0xdf, 0xff, 0xff, 0xff, 0xff, 0xff, 0xff, 0x90, 0x0, 0xd, 0xff, 0xff, 0xff,
    0xff, 0xff, 0xff, 0xff, 0x90, 0x0, 0x4b, 0xff, 0xff, 0xff, 0xff, 0xff, 0xff,
    0xf5, 0x70, 0x9, 0x62, 0x79, 0x99, 0x99, 0x99, 0x99, 0x93, 0xdf, 0x90, 0xdf,
    0xf7, 0x0, 0x0, 0x0, 0x0, 0x0, 0xf, 0xff, 0x6d, 0xff, 0xa0, 0x0, 0x0, 0x0,
    0x0, 0x0, 0xff, 0xf8, 0xdf, 0xfa, 0x0, 0x0, 0x0, 0x0, 0x0, 0xf, 0xff, 0x8d,
    0xff, 0xa0, 0x0, 0x0, 0x0, 0x0, 0x0, 0xff, 0xf8, 0xdf, 0xfa, 0x0, 0x0, 0x0,
    0x0, 0x0, 0xf, 0xff, 0x8d, 0xff, 0xa0, 0x0, 0x0, 0x0, 0x0, 0x0, 0xff, 0xf8,
    0xdf, 0xfa, 0x0, 0x0, 0x0, 0x0, 0x0, 0xf, 0xff, 0x8d, 0xff, 0xa0, 0x0, 0x0,
    0x0, 0x0, 0x0, 0xff, 0xf8, 0xdf, 0xf9, 0x0, 0x0, 0x0, 0x0, 0x0, 0xe, 0xff,
    0x8d, 0xfc, 0x10, 0x0, 0x0, 0x0, 0x0, 0x0, 0x3f, 0xf8, 0xac, 0x1c, 0xff,
    0xff, 0xff, 0xff, 0xff, 0xf8, 0x3f, 0x50, 0x1b, 0xff, 0xff, 0xff, 0xff,
    0xff, 0xff, 0xf7, 0x10, 0x45, 0x6f, 0xff, 0xff, 0xff, 0xff, 0xff, 0xfe,
    0x20, 0xc, 0xf5, 0x59, 0x99, 0x99, 0x99, 0x99, 0x99, 0x20, 0x0, 0xdf, 0xf4,
    0x0, 0x0, 0x0, 0x0, 0x0, 0x0, 0x0, 0xd, 0xff, 0xa0, 0x0, 0x0, 0x0, 0x0, 0x0,
    0x0, 0x0, 0xdf, 0xfa, 0x0, 0x0, 0x0, 0x0, 0x0, 0x0, 0x0, 0xd, 0xff, 0xa0,
    0x0, 0x0, 0x0, 0x0, 0x0, 0x0, 0x0, 0xdf, 0xfa, 0x0, 0x0, 0x0, 0x0, 0x0, 0x0,
    0x0, 0xd, 0xff, 0xa0, 0x0, 0x0, 0x0, 0x0, 0x0, 0x0, 0x0, 0xdf, 0xfa, 0x0,
    0x0, 0x0, 0x0, 0x0, 0x0, 0x0, 0xd, 0xff, 0xa0, 0x0, 0x0, 0x0, 0x0, 0x0, 0x0,
    0x0, 0xdf, 0xfa, 0x0, 0x0, 0x0, 0x0, 0x0, 0x0, 0x0, 0xd, 0xff, 0xa0, 0x0,
    0x0, 0x0, 0x0, 0x0, 0x0, 0x0, 0xdf, 0xf8, 0x0, 0x0, 0x0, 0x0, 0x0, 0x0, 0x0,
    0xc, 0xff, 0x30, 0x0, 0x0, 0x0, 0x0, 0x0, 0x0, 0x0, 0x6f, 0xd0, 0x0, 0x0,
    0x0, 0x0, 0x0, 0x0, 0x0, 0x0, 0x65, 0x0, 0x0, 0x0, 0x0, 0x0, 0x0, 0x0, 0x0,

    /* U+0071 "q" */
    0x9, 0xff, 0xff, 0xff, 0xff, 0xff, 0xff, 0xf4, 0xc6, 0x7, 0xff, 0xff, 0xff,
    0xff, 0xff, 0xff, 0xfe, 0x3f, 0xf3, 0x4b, 0xff, 0xff, 0xff, 0xff, 0xff,
    0xff, 0x89, 0xff, 0x89, 0x62, 0x79, 0x99, 0x99, 0x99, 0x99, 0x92, 0xef,
    0xf8, 0xdf, 0xf7, 0x0, 0x0, 0x0, 0x0, 0x0, 0xf, 0xff, 0x8d, 0xff, 0xa0, 0x0,
    0x0, 0x0, 0x0, 0x0, 0xff, 0xf8, 0xdf, 0xfa, 0x0, 0x0, 0x0, 0x0, 0x0, 0xf,
    0xff, 0x8d, 0xff, 0xa0, 0x0, 0x0, 0x0, 0x0, 0x0, 0xff, 0xf8, 0xdf, 0xfa,
    0x0, 0x0, 0x0, 0x0, 0x0, 0xf, 0xff, 0x8d, 0xff, 0xa0, 0x0, 0x0, 0x0, 0x0,
    0x0, 0xff, 0xf8, 0xdf, 0xfa, 0x0, 0x0, 0x0, 0x0, 0x0, 0xf, 0xff, 0x8d, 0xff,
    0xa0, 0x0, 0x0, 0x0, 0x0, 0x0, 0xff, 0xf8, 0xdf, 0xfa, 0x0, 0x0, 0x0, 0x0,
    0x0, 0xf, 0xff, 0x8d, 0xfe, 0x20, 0x0, 0x0, 0x0, 0x0, 0x0, 0x6f, 0xf8, 0xce,
    0x20, 0x0, 0x0, 0x0, 0x0, 0x0, 0x0, 0x6f, 0x72, 0x20, 0x0, 0x0, 0x0, 0x0,
    0x0, 0x0, 0x0, 0x40, 0x12, 0x0, 0x0, 0x0, 0x0, 0x0, 0x0, 0x0, 0x4, 0xc,
    0xe2, 0x0, 0x0, 0x0, 0x0, 0x0, 0x0, 0x6, 0xf7, 0xdf, 0xe2, 0x0, 0x0, 0x0,
    0x0, 0x0, 0x6, 0xff, 0x8d, 0xff, 0xa0, 0x0, 0x0, 0x0, 0x0, 0x0, 0xff, 0xf8,
    0xdf, 0xfa, 0x0, 0x0, 0x0, 0x0, 0x0, 0xf, 0xff, 0x8d, 0xff, 0xa0, 0x0, 0x0,
    0x0, 0x0, 0x0, 0xff, 0xf8, 0xdf, 0xfa, 0x0, 0x0, 0x0, 0x0, 0x0, 0xf, 0xff,
    0x8d, 0xff, 0xa0, 0x0, 0x0, 0x0, 0x0, 0x0, 0xff, 0xf8, 0xdf, 0xfa, 0x0, 0x0,
    0x0, 0x5f, 0xfb, 0xd, 0xff, 0x8d, 0xff, 0xa0, 0x0, 0x0, 0x5, 0xff, 0xfb,
    0x1d, 0xf8, 0xdf, 0xfa, 0x0, 0x0, 0x0, 0x4f, 0xff, 0xfb, 0x2d, 0x8d, 0xff,
    0x70, 0x0, 0x0, 0x0, 0x7f, 0xff, 0xfb, 0x26, 0x96, 0x27, 0x99, 0x99, 0x99,
    0x93, 0x6f, 0xff, 0xfa, 0x4, 0xbf, 0xff, 0xff, 0xff, 0xff, 0xe3, 0x5f, 0xff,
    0xfa, 0x8f, 0xff, 0xff, 0xff, 0xff, 0xff, 0xe2, 0x4f, 0xff, 0xf0, 0x9f,
    0xff, 0xff, 0xff, 0xff, 0xff, 0xe2, 0x4f, 0xff,

    /* U+0072 "r" */
    0x9, 0xff, 0xff, 0xff, 0xff, 0xff, 0xff, 0xf4, 0xc6, 0x7, 0xff, 0xff, 0xff,
    0xff, 0xff, 0xff, 0xfe, 0x3f, 0xf3, 0x4b, 0xff, 0xff, 0xff, 0xff, 0xff,
    0xff, 0x89, 0xff, 0x89, 0x62, 0x79, 0x99, 0x99, 0x99, 0x99, 0x92, 0xef,
    0xf8, 0xdf, 0xf7, 0x0, 0x0, 0x0, 0x0, 0x0, 0xf, 0xff, 0x8d, 0xff, 0xa0, 0x0,
    0x0, 0x0, 0x0, 0x0, 0xff, 0xf8, 0xdf, 0xfa, 0x0, 0x0, 0x0, 0x0, 0x0, 0xf,
    0xff, 0x8d, 0xff, 0xa0, 0x0, 0x0, 0x0, 0x0, 0x0, 0xff, 0xf8, 0xdf, 0xfa,
    0x0, 0x0, 0x0, 0x0, 0x0, 0xf, 0xff, 0x8d, 0xff, 0xa0, 0x0, 0x0, 0x0, 0x0,
    0x0, 0xff, 0xf8, 0xdf, 0xfa, 0x0, 0x0, 0x0, 0x0, 0x0, 0xf, 0xff, 0x8d, 0xff,
    0xa0, 0x0, 0x0, 0x0, 0x0, 0x0, 0xff, 0xf8, 0xdf, 0xf9, 0x0, 0x0, 0x0, 0x0,
    0x0, 0xe, 0xff, 0x8d, 0xfc, 0x10, 0x0, 0x0, 0x0, 0x0, 0x0, 0x3f, 0xf8, 0xac,
    0x1c, 0xff, 0xff, 0xff, 0xff, 0xff, 0xf8, 0x3f, 0x50, 0x1b, 0xff, 0xff,
    0xff, 0xff, 0xff, 0xff, 0xf7, 0x10, 0x45, 0x6f, 0xff, 0xff, 0xff, 0xff,
    0xff, 0xfe, 0x20, 0xc, 0xf4, 0x59, 0x99, 0x99, 0x99, 0x99, 0x99, 0x20, 0x0,
    0xdf, 0xf4, 0x38, 0x83, 0x0, 0x0, 0x0, 0x0, 0x0, 0xd, 0xff, 0xa7, 0xff,
    0xf3, 0x0, 0x0, 0x0, 0x0, 0x0, 0xdf, 0xfa, 0x7f, 0xff, 0xe3, 0x0, 0x0, 0x0,
    0x0, 0xd, 0xff, 0xa2, 0xff, 0xff, 0xe2, 0x0, 0x0, 0x0, 0x0, 0xdf, 0xfa, 0x3,
    0xff, 0xff, 0xe2, 0x0, 0x0, 0x0, 0xd, 0xff, 0xa0, 0x3, 0xff, 0xff, 0xe2,
    0x0, 0x0, 0x0, 0xdf, 0xfa, 0x0, 0x4, 0xff, 0xff, 0xe1, 0x0, 0x0, 0xd, 0xff,
    0xa0, 0x0, 0x4, 0xff, 0xff, 0xd1, 0x0, 0x0, 0xdf, 0xfa, 0x0, 0x0, 0x5, 0xff,
    0xff, 0xd1, 0x0, 0xd, 0xff, 0xa0, 0x0, 0x0, 0x5, 0xff, 0xff, 0xd1, 0x0,
    0xdf, 0xf9, 0x0, 0x0, 0x0, 0x6, 0xff, 0xff, 0xc1, 0xc, 0xff, 0x40, 0x0, 0x0,
    0x0, 0x6, 0xff, 0xff, 0xc0, 0x8f, 0xe0, 0x0, 0x0, 0x0, 0x0, 0x7, 0xff, 0xff,
    0x40, 0x98, 0x0, 0x0, 0x0, 0x0, 0x0, 0x7, 0xfc, 0x50,

    /* U+0073 "s" */
    0x9, 0xff, 0xff, 0xff, 0xff, 0xff, 0xff, 0xff, 0xe6, 0x7, 0xff, 0xff, 0xff,
    0xff, 0xff, 0xff, 0xff, 0xff, 0xf3, 0x4b, 0xff, 0xff, 0xff, 0xff, 0xff,
    0xff, 0xff, 0xf9, 0x29, 0x62, 0x79, 0x99, 0x99, 0x99, 0x99, 0x99, 0x60, 0x0,
    0xdf, 0xf7, 0x0, 0x0, 0x0, 0x0, 0x0, 0x0, 0x0, 0xd, 0xff, 0xa0, 0x0, 0x0,
    0x0, 0x0, 0x0, 0x0, 0x0, 0xdf, 0xfa, 0x0, 0x0, 0x0, 0x0, 0x0, 0x0, 0x0, 0xd,
    0xff, 0xa0, 0x0, 0x0, 0x0, 0x0, 0x0, 0x0, 0x0, 0xdf, 0xfa, 0x0, 0x0, 0x0,
    0x0, 0x0, 0x0, 0x0, 0xd, 0xff, 0xa0, 0x0, 0x0, 0x0, 0x0, 0x0, 0x0, 0x0,
    0xdf, 0xfa, 0x0, 0x0, 0x0, 0x0, 0x0, 0x0, 0x0, 0xd, 0xff, 0xa0, 0x0, 0x0,
    0x0, 0x0, 0x0, 0x0, 0x0, 0xdf, 0xf9, 0x0, 0x0, 0x0, 0x0, 0x0, 0x0, 0x0, 0xd,
    0xfc, 0x10, 0x0, 0x0, 0x0, 0x0, 0x0, 0x0, 0x0, 0xac, 0x1c, 0xff, 0xff, 0xff,
    0xff, 0xff, 0xf8, 0x0, 0x0, 0x1b, 0xff, 0xff, 0xff, 0xff, 0xff, 0xff, 0xf7,
    0x0, 0x0, 0x6f, 0xff, 0xff, 0xff, 0xff, 0xff, 0xfe, 0x27, 0x10, 0x0, 0x59,
    0x99, 0x99, 0x99, 0x99, 0x99, 0x29, 0xf8, 0x0, 0x0, 0x0, 0x0, 0x0, 0x0, 0x0,
    0x9, 0xff, 0x80, 0x0, 0x0, 0x0, 0x0, 0x0, 0x0, 0x0, 0xff, 0xf8, 0x0, 0x0,
    0x0, 0x0, 0x0, 0x0, 0x0, 0xf, 0xff, 0x80, 0x0, 0x0, 0x0, 0x0, 0x0, 0x0, 0x0,
    0xff, 0xf8, 0x0, 0x0, 0x0, 0x0, 0x0, 0x0, 0x0, 0xf, 0xff, 0x80, 0x0, 0x0,
    0x0, 0x0, 0x0, 0x0, 0x0, 0xff, 0xf8, 0x0, 0x0, 0x0, 0x0, 0x0, 0x0, 0x0, 0xf,
    0xff, 0x80, 0x0, 0x0, 0x0, 0x0, 0x0, 0x0, 0x0, 0xff, 0xf8, 0x0, 0x0, 0x0,
    0x0, 0x0, 0x0, 0x0, 0xf, 0xff, 0x80, 0x0, 0x0, 0x0, 0x0, 0x0, 0x0, 0x0,
    0xff, 0xf8, 0x0, 0x17, 0x99, 0x99, 0x99, 0x99, 0x99, 0x2e, 0xff, 0x84, 0xbf,
    0xff, 0xff, 0xff, 0xff, 0xff, 0xf8, 0x9f, 0xf8, 0x8f, 0xff, 0xff, 0xff,
    0xff, 0xff, 0xff, 0xe3, 0xff, 0x30, 0x9f, 0xff, 0xff, 0xff, 0xff, 0xff,
    0xff, 0x4c, 0x60,

    /* U+0074 "t" */
    0x9, 0xff, 0xff, 0xff, 0xff, 0xff, 0xff, 0xff, 0xe5, 0x8, 0xff, 0xff, 0xff,
    0xff, 0xff, 0xff, 0xff, 0xff, 0xf2, 0x4b, 0xff, 0xff, 0xff, 0xff, 0xff,
    0xff, 0xff, 0xf9, 0x20, 0x1, 0x79, 0x99, 0x99, 0x99, 0x99, 0x98, 0x50, 0x0,
    0x0, 0x0, 0x0, 0x3, 0x77, 0x70, 0x0, 0x0, 0x0, 0x0, 0x0, 0x0, 0x0, 0x7f,
    0xff, 0x0, 0x0, 0x0, 0x0, 0x0, 0x0, 0x0, 0x7, 0xff, 0xf0, 0x0, 0x0, 0x0,
    0x0, 0x0, 0x0, 0x0, 0x7f, 0xff, 0x0, 0x0, 0x0, 0x0, 0x0, 0x0, 0x0, 0x7,
    0xff, 0xf0, 0x0, 0x0, 0x0, 0x0, 0x0, 0x0, 0x0, 0x7f, 0xff, 0x0, 0x0, 0x0,
    0x0, 0x0, 0x0, 0x0, 0x7, 0xff, 0xf0, 0x0, 0x0, 0x0, 0x0, 0x0, 0x0, 0x0,
    0x7f, 0xff, 0x0, 0x0, 0x0, 0x0, 0x0, 0x0, 0x0, 0x7, 0xff, 0xf0, 0x0, 0x0,
    0x0, 0x0, 0x0, 0x0, 0x0, 0x6f, 0xff, 0x0, 0x0, 0x0, 0x0, 0x0, 0x0, 0x0, 0x0,
    0xcf, 0x70, 0x0, 0x0, 0x0, 0x0, 0x0, 0x0, 0x0, 0x1, 0x50, 0x0, 0x0, 0x0,
    0x0, 0x0, 0x0, 0x0, 0x0, 0x2, 0x0, 0x0, 0x0, 0x0, 0x0, 0x0, 0x0, 0x0, 0x9,
    0xf4, 0x0, 0x0, 0x0, 0x0, 0x0, 0x0, 0x0, 0x6, 0xff, 0xf0, 0x0, 0x0, 0x0,
    0x0, 0x0, 0x0, 0x0, 0x7f, 0xff, 0x0, 0x0, 0x0, 0x0, 0x0, 0x0, 0x0, 0x7,
    0xff, 0xf0, 0x0, 0x0, 0x0, 0x0, 0x0, 0x0, 0x0, 0x7f, 0xff, 0x0, 0x0, 0x0,
    0x0, 0x0, 0x0, 0x0, 0x7, 0xff, 0xf0, 0x0, 0x0, 0x0, 0x0, 0x0, 0x0, 0x0,
    0x7f, 0xff, 0x0, 0x0, 0x0, 0x0, 0x0, 0x0, 0x0, 0x7, 0xff, 0xf0, 0x0, 0x0,
    0x0, 0x0, 0x0, 0x0, 0x0, 0x7f, 0xff, 0x0, 0x0, 0x0, 0x0, 0x0, 0x0, 0x0, 0x7,
    0xff, 0xf0, 0x0, 0x0, 0x0, 0x0, 0x0, 0x0, 0x0, 0x7f, 0xff, 0x0, 0x0, 0x0,
    0x0, 0x0, 0x0, 0x0, 0x6, 0xff, 0xf0, 0x0, 0x0, 0x0, 0x0, 0x0, 0x0, 0x0,
    0x1f, 0xff, 0x0, 0x0, 0x0, 0x0, 0x0, 0x0, 0x0, 0x0, 0xbf, 0xc0, 0x0, 0x0,
    0x0, 0x0, 0x0, 0x0, 0x0, 0x5, 0xd2, 0x0, 0x0, 0x0, 0x0, 0x0, 0x0, 0x0, 0x0,
    0x0, 0x0, 0x0, 0x0, 0x0, 0x0,

    /* U+0075 "u" */
    0x2, 0x30, 0x0, 0x0, 0x0, 0x0, 0x0, 0x0, 0xc6, 0x4, 0xfb, 0x0, 0x0, 0x0,
    0x0, 0x0, 0x0, 0x3f, 0xf3, 0xbf, 0xf1, 0x0, 0x0, 0x0, 0x0, 0x0, 0x9, 0xff,
    0x8d, 0xff, 0x70, 0x0, 0x0, 0x0, 0x0, 0x0, 0xef, 0xf8, 0xdf, 0xfa, 0x0, 0x0,
    0x0, 0x0, 0x0, 0xf, 0xff, 0x8d, 0xff, 0xa0, 0x0, 0x0, 0x0, 0x0, 0x0, 0xff,
    0xf8, 0xdf, 0xfa, 0x0, 0x0, 0x0, 0x0, 0x0, 0xf, 0xff, 0x8d, 0xff, 0xa0, 0x0,
    0x0, 0x0, 0x0, 0x0, 0xff, 0xf8, 0xdf, 0xfa, 0x0, 0x0, 0x0, 0x0, 0x0, 0xf,
    0xff, 0x8d, 0xff, 0xa0, 0x0, 0x0, 0x0, 0x0, 0x0, 0xff, 0xf8, 0xdf, 0xfa,
    0x0, 0x0, 0x0, 0x0, 0x0, 0xf, 0xff, 0x8d, 0xff, 0xa0, 0x0, 0x0, 0x0, 0x0,
    0x0, 0xff, 0xf8, 0xdf, 0xfa, 0x0, 0x0, 0x0, 0x0, 0x0, 0xf, 0xff, 0x8d, 0xff,
    0x70, 0x0, 0x0, 0x0, 0x0, 0x0, 0x6f, 0xf8, 0xdf, 0x80, 0x0, 0x0, 0x0, 0x0,
    0x0, 0x0, 0x6f, 0x76, 0x80, 0x0, 0x0, 0x0, 0x0, 0x0, 0x0, 0x0, 0x40, 0x12,
    0x0, 0x0, 0x0, 0x0, 0x0, 0x0, 0x0, 0x4, 0xc, 0xe2, 0x0, 0x0, 0x0, 0x0, 0x0,
    0x0, 0x6, 0xf7, 0xdf, 0xe2, 0x0, 0x0, 0x0, 0x0, 0x0, 0x6, 0xff, 0x8d, 0xff,
    0xa0, 0x0, 0x0, 0x0, 0x0, 0x0, 0xff, 0xf8, 0xdf, 0xfa, 0x0, 0x0, 0x0, 0x0,
    0x0, 0xf, 0xff, 0x8d, 0xff, 0xa0, 0x0, 0x0, 0x0, 0x0, 0x0, 0xff, 0xf8, 0xdf,
    0xfa, 0x0, 0x0, 0x0, 0x0, 0x0, 0xf, 0xff, 0x8d, 0xff, 0xa0, 0x0, 0x0, 0x0,
    0x0, 0x0, 0xff, 0xf8, 0xdf, 0xfa, 0x0, 0x0, 0x0, 0x0, 0x0, 0xf, 0xff, 0x8d,
    0xff, 0xa0, 0x0, 0x0, 0x0, 0x0, 0x0, 0xff, 0xf8, 0xdf, 0xfa, 0x0, 0x0, 0x0,
    0x0, 0x0, 0xf, 0xff, 0x8d, 0xff, 0x70, 0x0, 0x0, 0x0, 0x0, 0x0, 0xff, 0xf8,
    0x96, 0x27, 0x99, 0x99, 0x99, 0x99, 0x99, 0x2e, 0xff, 0x84, 0xbf, 0xff,
    0xff, 0xff, 0xff, 0xff, 0xf8, 0x9f, 0xf8, 0x8f, 0xff, 0xff, 0xff, 0xff,
    0xff, 0xff, 0xe3, 0xff, 0x30, 0x9f, 0xff, 0xff, 0xff, 0xff, 0xff, 0xff,
    0x4c, 0x60,

    /* U+0076 "v" */
    0x2, 0x30, 0x0, 0x0, 0x0, 0x0, 0x0, 0x0, 0x51, 0x4, 0xfb, 0x0, 0x0, 0x0,
    0x0, 0x0, 0x0, 0x1f, 0xd1, 0xbf, 0xf1, 0x0, 0x0, 0x0, 0x0, 0x0, 0x6, 0xff,
    0x6d, 0xff, 0x70, 0x0, 0x0, 0x0, 0x0, 0x0, 0xcf, 0xf8, 0xdf, 0xfa, 0x0, 0x0,
    0x0, 0x0, 0x0, 0xf, 0xff, 0x8d, 0xff, 0xa0, 0x0, 0x0, 0x0, 0x0, 0x0, 0xff,
    0xf8, 0xdf, 0xfa, 0x0, 0x0, 0x0, 0x0, 0x0, 0xf, 0xff, 0x8d, 0xff, 0xa0, 0x0,
    0x0, 0x0, 0x0, 0x0, 0xff, 0xf8, 0xdf, 0xfa, 0x0, 0x0, 0x0, 0x0, 0x0, 0xf,
    0xff, 0x8d, 0xff, 0xa0, 0x0, 0x0, 0x0, 0x0, 0x0, 0xff, 0xf8, 0xdf, 0xfa,
    0x0, 0x0, 0x0, 0x0, 0x0, 0xf, 0xff, 0x8d, 0xff, 0xa0, 0x0, 0x0, 0x0, 0x0,
    0x0, 0xff, 0xf8, 0xdf, 0xfa, 0x0, 0x0, 0x0, 0x0, 0x0, 0xf, 0xff, 0x8d, 0xff,
    0x70, 0x0, 0x0, 0x0, 0x0, 0x0, 0xcf, 0xf8, 0xdf, 0x80, 0x0, 0x0, 0x0, 0x0,
    0x0, 0x0, 0xcf, 0x86, 0x80, 0x0, 0x0, 0x0, 0x0, 0x0, 0x0, 0x0, 0xb3, 0x0,
    0x0, 0x0, 0x0, 0x0, 0x0, 0x0, 0x0, 0x0, 0x8, 0xa0, 0x0, 0x0, 0x0, 0x0, 0x0,
    0x0, 0x1, 0xd3, 0xdf, 0x90, 0x0, 0x0, 0x0, 0x0, 0x0, 0x1, 0xdf, 0x8d, 0xff,
    0x90, 0x0, 0x0, 0x0, 0x0, 0x1, 0xdf, 0xf8, 0xbf, 0xff, 0x50, 0x0, 0x0, 0x0,
    0x0, 0xaf, 0xff, 0x61, 0xef, 0xff, 0x20, 0x0, 0x0, 0x0, 0x6f, 0xff, 0xb0,
    0x4, 0xff, 0xfc, 0x0, 0x0, 0x0, 0x2f, 0xff, 0xe1, 0x0, 0x8, 0xff, 0xf9, 0x0,
    0x0, 0xd, 0xff, 0xf3, 0x0, 0x0, 0xb, 0xff, 0xf4, 0x0, 0x9, 0xff, 0xf7, 0x0,
    0x0, 0x0, 0x1e, 0xff, 0xe1, 0x5, 0xff, 0xfb, 0x0, 0x0, 0x0, 0x0, 0x4f, 0xff,
    0xb1, 0xff, 0xfd, 0x10, 0x0, 0x0, 0x0, 0x0, 0x7f, 0xfe, 0x3f, 0xff, 0x30,
    0x0, 0x0, 0x0, 0x0, 0x0, 0xbf, 0xe3, 0xff, 0x60, 0x0, 0x0, 0x0, 0x0, 0x0,
    0x1, 0xee, 0x3f, 0xa0, 0x0, 0x0, 0x0, 0x0, 0x0, 0x0, 0x3, 0xe3, 0xd0, 0x0,
    0x0, 0x0, 0x0, 0x0, 0x0, 0x0, 0x6, 0x23, 0x0, 0x0, 0x0, 0x0,

    /* U+0077 "w" */
    0x0, 0x0, 0x0, 0x0, 0x0, 0x0, 0x0, 0x0, 0x0, 0x0, 0xa8, 0x0, 0x0, 0x0, 0x0,
    0x0, 0x0, 0xd, 0x70, 0x8f, 0xe0, 0x0, 0x0, 0x0, 0x0, 0x0, 0x4, 0xff, 0x3c,
    0xff, 0x40, 0x0, 0x0, 0x0, 0x0, 0x0, 0x9f, 0xf8, 0xdf, 0xfa, 0x0, 0x0, 0x0,
    0x0, 0x0, 0xf, 0xff, 0x8d, 0xff, 0xa0, 0x0, 0x0, 0x0, 0x0, 0x0, 0xff, 0xf8,
    0xdf, 0xfa, 0x0, 0x0, 0x0, 0x0, 0x0, 0xf, 0xff, 0x8d, 0xff, 0xa0, 0x0, 0x0,
    0x0, 0x0, 0x0, 0xff, 0xf8, 0xdf, 0xfa, 0x0, 0x0, 0x0, 0x0, 0x0, 0xf, 0xff,
    0x8d, 0xff, 0xa0, 0x0, 0x0, 0x0, 0x0, 0x0, 0xff, 0xf8, 0xdf, 0xfa, 0x0, 0x0,
    0x0, 0x0, 0x0, 0xf, 0xff, 0x8d, 0xff, 0xa0, 0x0, 0x0, 0x0, 0x0, 0x0, 0xff,
    0xf8, 0xdf, 0xfa, 0x0, 0x0, 0x0, 0x0, 0x0, 0xf, 0xff, 0x8d, 0xff, 0xa0, 0x0,
    0x0, 0x0, 0x0, 0x0, 0xff, 0xf8, 0xdf, 0xe2, 0x0, 0x0, 0x0, 0x0, 0x0, 0x5,
    0xff, 0x8b, 0xe2, 0x0, 0x0, 0x0, 0x0, 0x0, 0x0, 0x5, 0xf7, 0x12, 0x0, 0x0,
    0x0, 0x3, 0x0, 0x0, 0x0, 0x3, 0x2, 0x30, 0x0, 0x0, 0xa, 0xf5, 0x0, 0x0, 0x0,
    0x50, 0xcf, 0x30, 0x0, 0x5, 0xff, 0xf1, 0x0, 0x0, 0x7f, 0x7d, 0xfe, 0x30,
    0x0, 0x6f, 0xff, 0x10, 0x0, 0x7f, 0xf8, 0xdf, 0xfa, 0x0, 0x6, 0xff, 0xf1,
    0x0, 0xf, 0xff, 0x8d, 0xff, 0xa0, 0x0, 0x6f, 0xff, 0x10, 0x0, 0xff, 0xf8,
    0xdf, 0xfa, 0x0, 0x6, 0xff, 0xf1, 0x0, 0xf, 0xff, 0x8d, 0xff, 0xa0, 0x0,
    0x6f, 0xff, 0x10, 0x0, 0xff, 0xf8, 0xdf, 0xfa, 0x0, 0x6, 0xff, 0xf1, 0x0,
    0xf, 0xff, 0x8d, 0xff, 0xa0, 0x0, 0x6f, 0xff, 0x10, 0x0, 0xff, 0xf8, 0xdf,
    0xfa, 0x0, 0x6, 0xff, 0xf1, 0x0, 0xf, 0xff, 0x8d, 0xff, 0xa0, 0x0, 0x6f,
    0xff, 0x10, 0x0, 0xff, 0xf8, 0xdf, 0xe6, 0x0, 0x3, 0x88, 0x80, 0x0, 0xf,
    0xff, 0x89, 0x52, 0x79, 0x99, 0x99, 0x99, 0x99, 0x92, 0xef, 0xf8, 0x4b,
    0xff, 0xff, 0xff, 0xff, 0xff, 0xff, 0x89, 0xff, 0x87, 0xff, 0xff, 0xff,
    0xff, 0xff, 0xff, 0xfe, 0x3f, 0xf3, 0x9, 0xff, 0xff, 0xff, 0xff, 0xff, 0xff,
    0xf4, 0xc6, 0x0,

    /* U+0078 "x" */
    0x7, 0xde, 0x0, 0x0, 0x0, 0x0, 0x0, 0x3f, 0xc5, 0x8, 0xff, 0xf6, 0x0, 0x0,
    0x0, 0x0, 0xb, 0xff, 0xf4, 0x6f, 0xff, 0xe0, 0x0, 0x0, 0x0, 0x3, 0xff, 0xff,
    0x20, 0xef, 0xff, 0x60, 0x0, 0x0, 0x0, 0xaf, 0xff, 0xa0, 0x7, 0xff, 0xfd,
    0x0, 0x0, 0x0, 0x2f, 0xff, 0xf3, 0x0, 0xe, 0xff, 0xf5, 0x0, 0x0, 0xa, 0xff,
    0xfb, 0x0, 0x0, 0x7f, 0xff, 0xd0, 0x0, 0x2, 0xff, 0xff, 0x30, 0x0, 0x0,
    0xef, 0xff, 0x50, 0x0, 0x9f, 0xff, 0xb0, 0x0, 0x0, 0x8, 0xff, 0xfc, 0x0,
    0x1f, 0xff, 0xf3, 0x0, 0x0, 0x0, 0x1f, 0xff, 0xf4, 0x9, 0xff, 0xfc, 0x0,
    0x0, 0x0, 0x0, 0x8f, 0xff, 0xb1, 0xff, 0xff, 0x40, 0x0, 0x0, 0x0, 0x1, 0xff,
    0xfe, 0x2f, 0xff, 0xc0, 0x0, 0x0, 0x0, 0x0, 0x8, 0xff, 0xe2, 0xff, 0xf4,
    0x0, 0x0, 0x0, 0x0, 0x0, 0x1f, 0xfe, 0x2f, 0xfc, 0x0, 0x0, 0x0, 0x0, 0x0,
    0x0, 0x9f, 0xe2, 0xff, 0x50, 0x0, 0x0, 0x0, 0x0, 0x0, 0x1, 0x98, 0x19, 0x80,
    0x0, 0x0, 0x0, 0x0, 0x0, 0x0, 0x18, 0x71, 0x87, 0x0, 0x0, 0x0, 0x0, 0x0,
    0x0, 0x9, 0xfd, 0x3f, 0xf4, 0x0, 0x0, 0x0, 0x0, 0x0, 0x1, 0xff, 0xd3, 0xff,
    0xb0, 0x0, 0x0, 0x0, 0x0, 0x0, 0x9f, 0xfd, 0x3f, 0xff, 0x30, 0x0, 0x0, 0x0,
    0x0, 0x1f, 0xff, 0xd3, 0xff, 0xfb, 0x0, 0x0, 0x0, 0x0, 0x8, 0xff, 0xfb,
    0x1f, 0xff, 0xf3, 0x0, 0x0, 0x0, 0x1, 0xff, 0xff, 0x40, 0x9f, 0xff, 0xb0,
    0x0, 0x0, 0x0, 0x8f, 0xff, 0xc0, 0x2, 0xff, 0xff, 0x30, 0x0, 0x0, 0x1f,
    0xff, 0xf4, 0x0, 0xa, 0xff, 0xfa, 0x0, 0x0, 0x8, 0xff, 0xfc, 0x0, 0x0, 0x2f,
    0xff, 0xf2, 0x0, 0x0, 0xff, 0xff, 0x50, 0x0, 0x0, 0xbf, 0xff, 0xa0, 0x0,
    0x7f, 0xff, 0xd0, 0x0, 0x0, 0x3, 0xff, 0xff, 0x20, 0xe, 0xff, 0xf5, 0x0,
    0x0, 0x0, 0xb, 0xff, 0xfa, 0x7, 0xff, 0xfd, 0x0, 0x0, 0x0, 0x0, 0x3f, 0xff,
    0xf2, 0x9f, 0xff, 0x60, 0x0, 0x0, 0x0, 0x0, 0xcf, 0xff, 0x30, 0x8d, 0xd0,
    0x0, 0x0, 0x0, 0x0, 0x4, 0xfc, 0x40,

    /* U+0079 "y" */
    0x0, 0x0, 0x0, 0x0, 0x0, 0x0, 0x0, 0x0, 0x10, 0x0, 0x0, 0x0, 0x0, 0x0, 0x0,
    0x0, 0x0, 0xe, 0x90, 0x30, 0x0, 0x0, 0x0, 0x0, 0x0, 0x0, 0x4, 0xff, 0x5d,
    0xe8, 0x20, 0x0, 0x0, 0x0, 0x0, 0x0, 0xaf, 0xf8, 0xdf, 0xfa, 0x0, 0x0, 0x0,
    0x0, 0x0, 0xf, 0xff, 0x8d, 0xff, 0xa0, 0x0, 0x0, 0x0, 0x0, 0x0, 0xff, 0xf8,
    0xdf, 0xfa, 0x0, 0x0, 0x0, 0x0, 0x0, 0xf, 0xff, 0x8d, 0xff, 0xa0, 0x0, 0x0,
    0x0, 0x0, 0x0, 0xff, 0xf8, 0xdf, 0xfa, 0x0, 0x0, 0x0, 0x0, 0x0, 0xf, 0xff,
    0x8d, 0xff, 0xa0, 0x0, 0x0, 0x0, 0x0, 0x0, 0xff, 0xf8, 0xdf, 0xfa, 0x0, 0x0,
    0x0, 0x0, 0x0, 0xf, 0xff, 0x8d, 0xff, 0xa0, 0x0, 0x0, 0x0, 0x0, 0x0, 0xff,
    0xf8, 0xdf, 0xfa, 0x0, 0x0, 0x0, 0x0, 0x0, 0xf, 0xff, 0x8d, 0xff, 0x90, 0x0,
    0x0, 0x0, 0x0, 0x0, 0xef, 0xf8, 0xdf, 0xc0, 0x0, 0x0, 0x0, 0x0, 0x0, 0x3,
    0xff, 0x8a, 0xc1, 0xcf, 0xff, 0xff, 0xff, 0xff, 0xff, 0x83, 0xf5, 0x1, 0xbf,
    0xff, 0xff, 0xff, 0xff, 0xff, 0xff, 0x71, 0x0, 0x6, 0xff, 0xff, 0xff, 0xff,
    0xff, 0xff, 0xe2, 0x71, 0x0, 0x5, 0x99, 0x99, 0x99, 0x99, 0x99, 0x92, 0x9f,
    0x80, 0x0, 0x0, 0x0, 0x0, 0x0, 0x0, 0x0, 0x9f, 0xf8, 0x0, 0x0, 0x0, 0x0,
    0x0, 0x0, 0x0, 0xf, 0xff, 0x80, 0x0, 0x0, 0x0, 0x0, 0x0, 0x0, 0x0, 0xff,
    0xf8, 0x0, 0x0, 0x0, 0x0, 0x0, 0x0, 0x0, 0xf, 0xff, 0x80, 0x0, 0x0, 0x0,
    0x0, 0x0, 0x0, 0x0, 0xff, 0xf8, 0x0, 0x0, 0x0, 0x0, 0x0, 0x0, 0x0, 0xf,
    0xff, 0x80, 0x0, 0x0, 0x0, 0x0, 0x0, 0x0, 0x0, 0xff, 0xf8, 0x0, 0x0, 0x0,
    0x0, 0x0, 0x0, 0x0, 0xf, 0xff, 0x80, 0x0, 0x0, 0x0, 0x0, 0x0, 0x0, 0x0,
    0xff, 0xf8, 0x0, 0x0, 0x0, 0x0, 0x0, 0x0, 0x0, 0xf, 0xff, 0x80, 0x1, 0x79,
    0x99, 0x99, 0x99, 0x99, 0x92, 0xef, 0xf8, 0x4b, 0xff, 0xff, 0xff, 0xff,
    0xff, 0xff, 0x89, 0xff, 0x88, 0xff, 0xff, 0xff, 0xff, 0xff, 0xff, 0xfe,
    0x3f, 0xf3, 0x9, 0xff, 0xff, 0xff, 0xff, 0xff, 0xff, 0xf4, 0xc6, 0x0,

    /* U+007A "z" */
    0x9, 0xff, 0xff, 0xff, 0xff, 0xff, 0xfe, 0x3f, 0xc5, 0x7, 0xff, 0xff, 0xff,
    0xff, 0xff, 0xff, 0x6a, 0xff, 0xf4, 0x4b, 0xff, 0xff, 0xff, 0xff, 0xff,
    0xe2, 0xff, 0xff, 0x20, 0x1, 0x79, 0x99, 0x99, 0x99, 0x94, 0x8f, 0xff, 0xb0,
    0x0, 0x0, 0x0, 0x0, 0x0, 0x0, 0xe, 0xff, 0xf3, 0x0, 0x0, 0x0, 0x0, 0x0, 0x0,
    0x6, 0xff, 0xfb, 0x0, 0x0, 0x0, 0x0, 0x0, 0x0, 0x0, 0xdf, 0xff, 0x40, 0x0,
    0x0, 0x0, 0x0, 0x0, 0x0, 0x4f, 0xff, 0xc0, 0x0, 0x0, 0x0, 0x0, 0x0, 0x0,
    0xb, 0xff, 0xf5, 0x0, 0x0, 0x0, 0x0, 0x0, 0x0, 0x2, 0xff, 0xfd, 0x0, 0x0,
    0x0, 0x0, 0x0, 0x0, 0x0, 0x9f, 0xff, 0x50, 0x0, 0x0, 0x0, 0x0, 0x0, 0x0,
    0x1f, 0xff, 0xe0, 0x0, 0x0, 0x0, 0x0, 0x0, 0x0, 0x7, 0xff, 0xf6, 0x0, 0x0,
    0x0, 0x0, 0x0, 0x0, 0x0, 0xaf, 0xfe, 0x0, 0x0, 0x0, 0x0, 0x0, 0x0, 0x0, 0xa,
    0xff, 0x70, 0x0, 0x0, 0x0, 0x0, 0x0, 0x0, 0x0, 0x59, 0x80, 0x0, 0x0, 0x0,
    0x0, 0x0, 0x0, 0x8, 0x86, 0x0, 0x0, 0x0, 0x0, 0x0, 0x0, 0x0, 0x6, 0xff,
    0xc0, 0x0, 0x0, 0x0, 0x0, 0x0, 0x0, 0x0, 0xdf, 0xfc, 0x0, 0x0, 0x0, 0x0,
    0x0, 0x0, 0x0, 0x6f, 0xff, 0x90, 0x0, 0x0, 0x0, 0x0, 0x0, 0x0, 0xd, 0xff,
    0xf2, 0x0, 0x0, 0x0, 0x0, 0x0, 0x0, 0x6, 0xff, 0xfa, 0x0, 0x0, 0x0, 0x0,
    0x0, 0x0, 0x0, 0xef, 0xff, 0x20, 0x0, 0x0, 0x0, 0x0, 0x0, 0x0, 0x6f, 0xff,
    0xb0, 0x0, 0x0, 0x0, 0x0, 0x0, 0x0, 0xe, 0xff, 0xf3, 0x0, 0x0, 0x0, 0x0,
    0x0, 0x0, 0x6, 0xff, 0xfc, 0x0, 0x0, 0x0, 0x0, 0x0, 0x0, 0x0, 0xef, 0xff,
    0x40, 0x0, 0x0, 0x0, 0x0, 0x0, 0x0, 0x7f, 0xff, 0xc0, 0x0, 0x0, 0x0, 0x0,
    0x0, 0x0, 0xe, 0xff, 0xf5, 0x79, 0x99, 0x99, 0x99, 0x95, 0x0, 0x7, 0xff,
    0xfd, 0x3f, 0xff, 0xff, 0xff, 0xff, 0xd0, 0x0, 0x9f, 0xff, 0x6b, 0xff, 0xff,
    0xff, 0xff, 0xff, 0x30, 0x0, 0x8d, 0xd3, 0xff, 0xff, 0xff, 0xff, 0xff, 0xf9,
    0x0,

    /* U+007B "{" */
    0x0, 0x0, 0x0, 0x6e, 0xff, 0xff, 0xff, 0x30, 0x0, 0x0, 0x3f, 0xff, 0xff,
    0xff, 0xd1, 0x0, 0x0, 0x2, 0x9f, 0xff, 0xff, 0xe1, 0x0, 0x0, 0x0, 0x77,
    0x26, 0x99, 0x82, 0x0, 0x0, 0x0, 0x9, 0xff, 0xa0, 0x0, 0x0, 0x0, 0x0, 0x0,
    0x9f, 0xfe, 0x0, 0x0, 0x0, 0x0, 0x0, 0x9, 0xff, 0xe0, 0x0, 0x0, 0x0, 0x0,
    0x0, 0x9f, 0xfe, 0x0, 0x0, 0x0, 0x0, 0x0, 0x9, 0xff, 0xe0, 0x0, 0x0, 0x0,
    0x0, 0x0, 0x9f, 0xfe, 0x0, 0x0, 0x0, 0x0, 0x0, 0x9, 0xff, 0xe0, 0x0, 0x0,
    0x0, 0x0, 0x0, 0x9f, 0xfe, 0x0, 0x0, 0x0, 0x0, 0x0, 0x8, 0xff, 0xe0, 0x0,
    0x0, 0x0, 0x0, 0x0, 0xb, 0xfe, 0x0, 0x0, 0x0, 0x9, 0xff, 0xf7, 0xb, 0xc0,
    0x0, 0x0, 0x7, 0xff, 0xff, 0xf6, 0x0, 0x0, 0x0, 0x0, 0x2e, 0xff, 0xfe, 0x24,
    0x50, 0x0, 0x0, 0x0, 0x39, 0x98, 0x23, 0xfe, 0x0, 0x0, 0x0, 0x0, 0x0, 0x3,
    0xff, 0xe0, 0x0, 0x0, 0x0, 0x0, 0x0, 0x9f, 0xfe, 0x0, 0x0, 0x0, 0x0, 0x0,
    0x9, 0xff, 0xe0, 0x0, 0x0, 0x0, 0x0, 0x0, 0x9f, 0xfe, 0x0, 0x0, 0x0, 0x0,
    0x0, 0x9, 0xff, 0xe0, 0x0, 0x0, 0x0, 0x0, 0x0, 0x9f, 0xfe, 0x0, 0x0, 0x0,
    0x0, 0x0, 0x9, 0xff, 0xe0, 0x0, 0x0, 0x0, 0x0, 0x0, 0x9f, 0xfe, 0x0, 0x0,
    0x0, 0x0, 0x0, 0x9, 0xff, 0xe0, 0x0, 0x0, 0x0, 0x0, 0x0, 0x9f, 0xfa, 0x0,
    0x0, 0x0, 0x0, 0x0, 0x7, 0x72, 0x69, 0x98, 0x20, 0x0, 0x0, 0x0, 0x2a, 0xff,
    0xff, 0xfe, 0x10, 0x0, 0x0, 0x3, 0xff, 0xff, 0xff, 0xfd, 0x10, 0x0, 0x0,
    0x6, 0xef, 0xff, 0xff, 0xf3,

    /* U+007C "|" */
    0xa, 0x80, 0x1f, 0xf5, 0x6f, 0xfa, 0xcf, 0xfa, 0xdf, 0xfa, 0xdf, 0xfa, 0xdf,
    0xfa, 0xdf, 0xfa, 0xdf, 0xfa, 0xdf, 0xfa, 0xdf, 0xfa, 0xdf, 0xfa, 0xdf,
    0xfa, 0xdf, 0xfa, 0xdf, 0xfa, 0xdf, 0xfa, 0xdf, 0xfa, 0xdf, 0xfa, 0xdf,
    0xfa, 0xdf, 0xfa, 0xdf, 0xfa, 0xdf, 0xfa, 0xdf, 0xfa, 0xdf, 0xfa, 0xdf,
    0xfa, 0xdf, 0xfa, 0xdf, 0xfa, 0xdf, 0xfa, 0xcf, 0xfa, 0x6f, 0xfa, 0x1f,
    0xf5, 0xa, 0x80,

    /* U+007D "}" */
    0x6f, 0xff, 0xff, 0xfd, 0x30, 0x0, 0x0, 0x4, 0xff, 0xff, 0xff, 0xfe, 0x0,
    0x0, 0x0, 0x4, 0xff, 0xff, 0xfe, 0x81, 0x0, 0x0, 0x0, 0x4, 0x99, 0x84, 0x39,
    0x40, 0x0, 0x0, 0x0, 0x0, 0x1, 0xcf, 0xf5, 0x0, 0x0, 0x0, 0x0, 0x0, 0x2f,
    0xff, 0x50, 0x0, 0x0, 0x0, 0x0, 0x2, 0xff, 0xf5, 0x0, 0x0, 0x0, 0x0, 0x0,
    0x2f, 0xff, 0x50, 0x0, 0x0, 0x0, 0x0, 0x2, 0xff, 0xf5, 0x0, 0x0, 0x0, 0x0,
    0x0, 0x2f, 0xff, 0x50, 0x0, 0x0, 0x0, 0x0, 0x2, 0xff, 0xf5, 0x0, 0x0, 0x0,
    0x0, 0x0, 0x2f, 0xff, 0x50, 0x0, 0x0, 0x0, 0x0, 0x2, 0xff, 0xf4, 0x0, 0x0,
    0x0, 0x0, 0x0, 0x2f, 0xf8, 0x0, 0x0, 0x0, 0x0, 0x0, 0x1, 0xe8, 0xb, 0xff,
    0xf5, 0x0, 0x0, 0x0, 0x1, 0xa, 0xff, 0xff, 0xf4, 0x0, 0x0, 0x0, 0x71, 0x4f,
    0xff, 0xfc, 0x10, 0x0, 0x0, 0x2f, 0xd1, 0x49, 0x98, 0x10, 0x0, 0x0, 0x2,
    0xff, 0xd1, 0x0, 0x0, 0x0, 0x0, 0x0, 0x2f, 0xff, 0x50, 0x0, 0x0, 0x0, 0x0,
    0x2, 0xff, 0xf5, 0x0, 0x0, 0x0, 0x0, 0x0, 0x2f, 0xff, 0x50, 0x0, 0x0, 0x0,
    0x0, 0x2, 0xff, 0xf5, 0x0, 0x0, 0x0, 0x0, 0x0, 0x2f, 0xff, 0x50, 0x0, 0x0,
    0x0, 0x0, 0x2, 0xff, 0xf5, 0x0, 0x0, 0x0, 0x0, 0x0, 0x2f, 0xff, 0x50, 0x0,
    0x0, 0x0, 0x0, 0x2, 0xff, 0xf5, 0x0, 0x0, 0x0, 0x0, 0x0, 0x1c, 0xff, 0x50,
    0x0, 0x0, 0x0, 0x49, 0x98, 0x42, 0x84, 0x0, 0x0, 0x0, 0x4f, 0xff, 0xff,
    0xe8, 0x10, 0x0, 0x0, 0x4f, 0xff, 0xff, 0xff, 0xe0, 0x0, 0x0, 0x6, 0xff,
    0xff, 0xff, 0xd3, 0x0, 0x0, 0x0,

    /* U+007E "~" */
    0x0, 0x0, 0x7, 0x93, 0x0, 0x0, 0x0, 0x0, 0x0, 0x0, 0x0, 0x0, 0x8f, 0xfe,
    0x20, 0x0, 0x0, 0x0, 0x0, 0x0, 0x0, 0x1, 0xff, 0xff, 0xa0, 0x0, 0x0, 0x0,
    0x0, 0x0, 0x3, 0x87, 0x4e, 0xfa, 0x48, 0x70, 0x0, 0x3, 0x87, 0x0, 0x4f,
    0xff, 0xc1, 0x5, 0xff, 0xfc, 0x10, 0x5f, 0xff, 0xc1, 0x6f, 0xff, 0xe1, 0x6,
    0xff, 0xfd, 0x10, 0x6f, 0xff, 0xd1, 0x8, 0xff, 0x20, 0x0, 0x8f, 0xe2, 0x78,
    0x38, 0xfe, 0x20, 0x0, 0x0, 0x0, 0x0, 0x0, 0x9, 0xff, 0xf3, 0x0, 0x0, 0x0,
    0x0, 0x0, 0x0, 0x0, 0x1e, 0xff, 0xf9, 0x0, 0x0, 0x0, 0x0, 0x0, 0x0, 0x0,
    0x2, 0xef, 0xa0, 0x0, 0x0};

/*---------------------
 *  GLYPH DESCRIPTION
 *--------------------*/

static const lv_font_fmt_txt_glyph_dsc_t glyph_dsc[] = {
    {.bitmap_index = 0,
     .adv_w = 0,
     .box_w = 0,
     .box_h = 0,
     .ofs_x = 0,
     .ofs_y = 0} /* id = 0 reserved */,
    {.bitmap_index = 0,
     .adv_w = 209,
     .box_w = 0,
     .box_h = 0,
     .ofs_x = 0,
     .ofs_y = 0},
    {.bitmap_index = 0,
     .adv_w = 126,
     .box_w = 4,
     .box_h = 32,
     .ofs_x = 2,
     .ofs_y = 0},
    {.bitmap_index = 64,
     .adv_w = 238,
     .box_w = 11,
     .box_h = 9,
     .ofs_x = 2,
     .ofs_y = 23},
    {.bitmap_index = 114,
     .adv_w = 377,
     .box_w = 20,
     .box_h = 22,
     .ofs_x = 2,
     .ofs_y = 5},
    {.bitmap_index = 334,
     .adv_w = 363,
     .box_w = 19,
     .box_h = 44,
     .ofs_x = 2,
     .ofs_y = -6},
    {.bitmap_index = 752,
     .adv_w = 419,
     .box_w = 22,
     .box_h = 32,
     .ofs_x = 2,
     .ofs_y = 0},
    {.bitmap_index = 1104,
     .adv_w = 391,
     .box_w = 21,
     .box_h = 35,
     .ofs_x = 2,
     .ofs_y = -5},
    {.bitmap_index = 1472,
     .adv_w = 126,
     .box_w = 4,
     .box_h = 9,
     .ofs_x = 2,
     .ofs_y = 23},
    {.bitmap_index = 1490,
     .adv_w = 244,
     .box_w = 12,
     .box_h = 32,
     .ofs_x = 2,
     .ofs_y = 0},
    {.bitmap_index = 1682,
     .adv_w = 244,
     .box_w = 12,
     .box_h = 32,
     .ofs_x = 2,
     .ofs_y = 0},
    {.bitmap_index = 1874,
     .adv_w = 300,
     .box_w = 15,
     .box_h = 18,
     .ofs_x = 2,
     .ofs_y = 7},
    {.bitmap_index = 2009,
     .adv_w = 307,
     .box_w = 16,
     .box_h = 16,
     .ofs_x = 2,
     .ofs_y = 8},
    {.bitmap_index = 2137,
     .adv_w = 126,
     .box_w = 4,
     .box_h = 9,
     .ofs_x = 2,
     .ofs_y = -5},
    {.bitmap_index = 2155,
     .adv_w = 307,
     .box_w = 16,
     .box_h = 4,
     .ofs_x = 2,
     .ofs_y = 14},
    {.bitmap_index = 2187,
     .adv_w = 126,
     .box_w = 4,
     .box_h = 4,
     .ofs_x = 2,
     .ofs_y = 0},
    {.bitmap_index = 2195,
     .adv_w = 363,
     .box_w = 19,
     .box_h = 32,
     .ofs_x = 2,
     .ofs_y = 0},
    {.bitmap_index = 2499,
     .adv_w = 363,
     .box_w = 19,
     .box_h = 32,
     .ofs_x = 2,
     .ofs_y = 0},
    {.bitmap_index = 2803,
     .adv_w = 126,
     .box_w = 4,
     .box_h = 32,
     .ofs_x = 2,
     .ofs_y = 0},
    {.bitmap_index = 2867,
     .adv_w = 363,
     .box_w = 19,
     .box_h = 32,
     .ofs_x = 2,
     .ofs_y = 0},
    {.bitmap_index = 3171,
     .adv_w = 363,
     .box_w = 19,
     .box_h = 32,
     .ofs_x = 2,
     .ofs_y = 0},
    {.bitmap_index = 3475,
     .adv_w = 363,
     .box_w = 19,
     .box_h = 33,
     .ofs_x = 2,
     .ofs_y = -1},
    {.bitmap_index = 3789,
     .adv_w = 363,
     .box_w = 19,
     .box_h = 32,
     .ofs_x = 2,
     .ofs_y = 0},
    {.bitmap_index = 4093,
     .adv_w = 363,
     .box_w = 19,
     .box_h = 32,
     .ofs_x = 2,
     .ofs_y = 0},
    {.bitmap_index = 4397,
     .adv_w = 363,
     .box_w = 19,
     .box_h = 32,
     .ofs_x = 2,
     .ofs_y = 0},
    {.bitmap_index = 4701,
     .adv_w = 363,
     .box_w = 19,
     .box_h = 32,
     .ofs_x = 2,
     .ofs_y = 0},
    {.bitmap_index = 5005,
     .adv_w = 363,
     .box_w = 19,
     .box_h = 32,
     .ofs_x = 2,
     .ofs_y = 0},
    {.bitmap_index = 5309,
     .adv_w = 126,
     .box_w = 4,
     .box_h = 25,
     .ofs_x = 2,
     .ofs_y = 0},
    {.bitmap_index = 5359,
     .adv_w = 126,
     .box_w = 4,
     .box_h = 31,
     .ofs_x = 2,
     .ofs_y = -6},
    {.bitmap_index = 5421,
     .adv_w = 258,
     .box_w = 12,
     .box_h = 19,
     .ofs_x = 2,
     .ofs_y = 7},
    {.bitmap_index = 5535,
     .adv_w = 307,
     .box_w = 16,
     .box_h = 11,
     .ofs_x = 2,
     .ofs_y = 11},
    {.bitmap_index = 5623,
     .adv_w = 258,
     .box_w = 12,
     .box_h = 19,
     .ofs_x = 2,
     .ofs_y = 7},
    {.bitmap_index = 5737,
     .adv_w = 363,
     .box_w = 19,
     .box_h = 32,
     .ofs_x = 2,
     .ofs_y = 0},
    {.bitmap_index = 6041,
     .adv_w = 363,
     .box_w = 19,
     .box_h = 32,
     .ofs_x = 2,
     .ofs_y = 0},
    {.bitmap_index = 6345,
     .adv_w = 363,
     .box_w = 19,
     .box_h = 32,
     .ofs_x = 2,
     .ofs_y = 0},
    {.bitmap_index = 6649,
     .adv_w = 363,
     .box_w = 19,
     .box_h = 32,
     .ofs_x = 2,
     .ofs_y = 0},
    {.bitmap_index = 6953,
     .adv_w = 335,
     .box_w = 17,
     .box_h = 32,
     .ofs_x = 2,
     .ofs_y = 0},
    {.bitmap_index = 7225,
     .adv_w = 363,
     .box_w = 19,
     .box_h = 32,
     .ofs_x = 2,
     .ofs_y = 0},
    {.bitmap_index = 7529,
     .adv_w = 335,
     .box_w = 17,
     .box_h = 32,
     .ofs_x = 2,
     .ofs_y = 0},
    {.bitmap_index = 7801,
     .adv_w = 335,
     .box_w = 17,
     .box_h = 32,
     .ofs_x = 2,
     .ofs_y = 0},
    {.bitmap_index = 8073,
     .adv_w = 363,
     .box_w = 19,
     .box_h = 32,
     .ofs_x = 2,
     .ofs_y = 0},
    {.bitmap_index = 8377,
     .adv_w = 363,
     .box_w = 19,
     .box_h = 33,
     .ofs_x = 2,
     .ofs_y = -1},
    {.bitmap_index = 8691,
     .adv_w = 126,
     .box_w = 4,
     .box_h = 32,
     .ofs_x = 2,
     .ofs_y = 0},
    {.bitmap_index = 8755,
     .adv_w = 363,
     .box_w = 19,
     .box_h = 32,
     .ofs_x = 2,
     .ofs_y = 0},
    {.bitmap_index = 9059,
     .adv_w = 363,
     .box_w = 19,
     .box_h = 32,
     .ofs_x = 2,
     .ofs_y = 0},
    {.bitmap_index = 9363,
     .adv_w = 363,
     .box_w = 19,
     .box_h = 32,
     .ofs_x = 2,
     .ofs_y = 0},
    {.bitmap_index = 9667,
     .adv_w = 363,
     .box_w = 19,
     .box_h = 33,
     .ofs_x = 2,
     .ofs_y = -1},
    {.bitmap_index = 9981,
     .adv_w = 363,
     .box_w = 19,
     .box_h = 33,
     .ofs_x = 2,
     .ofs_y = 0},
    {.bitmap_index = 10295,
     .adv_w = 363,
     .box_w = 19,
     .box_h = 32,
     .ofs_x = 2,
     .ofs_y = 0},
    {.bitmap_index = 10599,
     .adv_w = 363,
     .box_w = 19,
     .box_h = 32,
     .ofs_x = 2,
     .ofs_y = 0},
    {.bitmap_index = 10903,
     .adv_w = 370,
     .box_w = 19,
     .box_h = 32,
     .ofs_x = 2,
     .ofs_y = 0},
    {.bitmap_index = 11207,
     .adv_w = 363,
     .box_w = 19,
     .box_h = 32,
     .ofs_x = 2,
     .ofs_y = 0},
    {.bitmap_index = 11511,
     .adv_w = 363,
     .box_w = 19,
     .box_h = 32,
     .ofs_x = 2,
     .ofs_y = 0},
    {.bitmap_index = 11815,
     .adv_w = 362,
     .box_w = 19,
     .box_h = 33,
     .ofs_x = 2,
     .ofs_y = -1},
    {.bitmap_index = 12129,
     .adv_w = 363,
     .box_w = 19,
     .box_h = 32,
     .ofs_x = 2,
     .ofs_y = 0},
    {.bitmap_index = 12433,
     .adv_w = 363,
     .box_w = 19,
     .box_h = 32,
     .ofs_x = 2,
     .ofs_y = 0},
    {.bitmap_index = 12737,
     .adv_w = 363,
     .box_w = 19,
     .box_h = 33,
     .ofs_x = 2,
     .ofs_y = 0},
    {.bitmap_index = 13051,
     .adv_w = 363,
     .box_w = 19,
     .box_h = 32,
     .ofs_x = 2,
     .ofs_y = 0},
    {.bitmap_index = 13355,
     .adv_w = 363,
     .box_w = 19,
     .box_h = 33,
     .ofs_x = 2,
     .ofs_y = 0},
    {.bitmap_index = 13669,
     .adv_w = 363,
     .box_w = 19,
     .box_h = 32,
     .ofs_x = 2,
     .ofs_y = 0},
    {.bitmap_index = 13973,
     .adv_w = 216,
     .box_w = 10,
     .box_h = 32,
     .ofs_x = 2,
     .ofs_y = 0},
    {.bitmap_index = 14133,
     .adv_w = 362,
     .box_w = 19,
     .box_h = 32,
     .ofs_x = 2,
     .ofs_y = 0},
    {.bitmap_index = 14437,
     .adv_w = 216,
     .box_w = 10,
     .box_h = 32,
     .ofs_x = 2,
     .ofs_y = 0},
    {.bitmap_index = 14597,
     .adv_w = 362,
     .box_w = 19,
     .box_h = 12,
     .ofs_x = 2,
     .ofs_y = 20},
    {.bitmap_index = 14711,
     .adv_w = 362,
     .box_w = 19,
     .box_h = 4,
     .ofs_x = 2,
     .ofs_y = 0},
    {.bitmap_index = 14749,
     .adv_w = 195,
     .box_w = 9,
     .box_h = 8,
     .ofs_x = 2,
     .ofs_y = 25},
    {.bitmap_index = 14785,
     .adv_w = 363,
     .box_w = 19,
     .box_h = 32,
     .ofs_x = 2,
     .ofs_y = 0},
    {.bitmap_index = 15089,
     .adv_w = 363,
     .box_w = 19,
     .box_h = 32,
     .ofs_x = 2,
     .ofs_y = 0},
    {.bitmap_index = 15393,
     .adv_w = 335,
     .box_w = 17,
     .box_h = 32,
     .ofs_x = 2,
     .ofs_y = 0},
    {.bitmap_index = 15665,
     .adv_w = 363,
     .box_w = 19,
     .box_h = 32,
     .ofs_x = 2,
     .ofs_y = 0},
    {.bitmap_index = 15969,
     .adv_w = 335,
     .box_w = 17,
     .box_h = 32,
     .ofs_x = 2,
     .ofs_y = 0},
    {.bitmap_index = 16241,
     .adv_w = 335,
     .box_w = 17,
     .box_h = 32,
     .ofs_x = 2,
     .ofs_y = 0},
    {.bitmap_index = 16513,
     .adv_w = 363,
     .box_w = 19,
     .box_h = 32,
     .ofs_x = 2,
     .ofs_y = 0},
    {.bitmap_index = 16817,
     .adv_w = 363,
     .box_w = 19,
     .box_h = 33,
     .ofs_x = 2,
     .ofs_y = -1},
    {.bitmap_index = 17131,
     .adv_w = 126,
     .box_w = 4,
     .box_h = 32,
     .ofs_x = 2,
     .ofs_y = 0},
    {.bitmap_index = 17195,
     .adv_w = 363,
     .box_w = 19,
     .box_h = 32,
     .ofs_x = 2,
     .ofs_y = 0},
    {.bitmap_index = 17499,
     .adv_w = 363,
     .box_w = 19,
     .box_h = 32,
     .ofs_x = 2,
     .ofs_y = 0},
    {.bitmap_index = 17803,
     .adv_w = 363,
     .box_w = 19,
     .box_h = 32,
     .ofs_x = 2,
     .ofs_y = 0},
    {.bitmap_index = 18107,
     .adv_w = 363,
     .box_w = 19,
     .box_h = 33,
     .ofs_x = 2,
     .ofs_y = -1},
    {.bitmap_index = 18421,
     .adv_w = 363,
     .box_w = 19,
     .box_h = 33,
     .ofs_x = 2,
     .ofs_y = 0},
    {.bitmap_index = 18735,
     .adv_w = 363,
     .box_w = 19,
     .box_h = 32,
     .ofs_x = 2,
     .ofs_y = 0},
    {.bitmap_index = 19039,
     .adv_w = 363,
     .box_w = 19,
     .box_h = 32,
     .ofs_x = 2,
     .ofs_y = 0},
    {.bitmap_index = 19343,
     .adv_w = 370,
     .box_w = 19,
     .box_h = 32,
     .ofs_x = 2,
     .ofs_y = 0},
    {.bitmap_index = 19647,
     .adv_w = 363,
     .box_w = 19,
     .box_h = 32,
     .ofs_x = 2,
     .ofs_y = 0},
    {.bitmap_index = 19951,
     .adv_w = 363,
     .box_w = 19,
     .box_h = 32,
     .ofs_x = 2,
     .ofs_y = 0},
    {.bitmap_index = 20255,
     .adv_w = 362,
     .box_w = 19,
     .box_h = 33,
     .ofs_x = 2,
     .ofs_y = -1},
    {.bitmap_index = 20569,
     .adv_w = 363,
     .box_w = 19,
     .box_h = 32,
     .ofs_x = 2,
     .ofs_y = 0},
    {.bitmap_index = 20873,
     .adv_w = 363,
     .box_w = 19,
     .box_h = 32,
     .ofs_x = 2,
     .ofs_y = 0},
    {.bitmap_index = 21177,
     .adv_w = 363,
     .box_w = 19,
     .box_h = 33,
     .ofs_x = 2,
     .ofs_y = 0},
    {.bitmap_index = 21491,
     .adv_w = 363,
     .box_w = 19,
     .box_h = 32,
     .ofs_x = 2,
     .ofs_y = 0},
    {.bitmap_index = 21795,
     .adv_w = 363,
     .box_w = 19,
     .box_h = 33,
     .ofs_x = 2,
     .ofs_y = 0},
    {.bitmap_index = 22109,
     .adv_w = 363,
     .box_w = 19,
     .box_h = 32,
     .ofs_x = 2,
     .ofs_y = 0},
    {.bitmap_index = 22413,
     .adv_w = 300,
     .box_w = 15,
     .box_h = 32,
     .ofs_x = 2,
     .ofs_y = 0},
    {.bitmap_index = 22653,
     .adv_w = 126,
     .box_w = 4,
     .box_h = 32,
     .ofs_x = 2,
     .ofs_y = 0},
    {.bitmap_index = 22717,
     .adv_w = 300,
     .box_w = 15,
     .box_h = 32,
     .ofs_x = 2,
     .ofs_y = 0},
    {.bitmap_index = 22957,
     .adv_w = 377,
     .box_w = 20,
     .box_h = 10,
     .ofs_x = 2,
     .ofs_y = 15}};

/*---------------------
 *  CHARACTER MAPPING
 *--------------------*/

/*Collect the unicode lists and glyph_id offsets*/
static const lv_font_fmt_txt_cmap_t cmaps[] = {
    {.range_start = 32,
     .range_length = 95,
     .glyph_id_start = 1,
     .unicode_list = NULL,
     .glyph_id_ofs_list = NULL,
     .list_length = 0,
     .type = LV_FONT_FMT_TXT_CMAP_FORMAT0_TINY}};

/*--------------------
 *  ALL CUSTOM DATA
 *--------------------*/

#if LVGL_VERSION_MAJOR == 8
/*Store all the custom data of the font*/
static lv_font_fmt_txt_glyph_cache_t cache;
#endif

#if LVGL_VERSION_MAJOR >= 8
static const lv_font_fmt_txt_dsc_t font_dsc = {
#else
static lv_font_fmt_txt_dsc_t font_dsc = {
#endif
    .glyph_bitmap = glyph_bitmap,
    .glyph_dsc = glyph_dsc,
    .cmaps = cmaps,
    .kern_dsc = NULL,
    .kern_scale = 0,
    .cmap_num = 1,
    .bpp = 4,
    .kern_classes = 0,
    .bitmap_format = 0,
#if LVGL_VERSION_MAJOR == 8
    .cache = &cache
#endif
};

/*-----------------
 *  PUBLIC FONT
 *----------------*/

/*Initialize a public general font descriptor*/
#if LVGL_VERSION_MAJOR >= 8
const lv_font_t ui_font_digital48 = {
#else
lv_font_t ui_font_digital48 = {
#endif
    .get_glyph_dsc =
        lv_font_get_glyph_dsc_fmt_txt, /*Function pointer to get glyph's data*/
    .get_glyph_bitmap =
        lv_font_get_bitmap_fmt_txt, /*Function pointer to get glyph's bitmap*/
    .line_height = 44, /*The maximum line height required by the font*/
    .base_line = 6,    /*Baseline measured from the bottom of the line*/
#if !(LVGL_VERSION_MAJOR == 6 && LVGL_VERSION_MINOR == 0)
    .subpx = LV_FONT_SUBPX_NONE,
#endif
#if LV_VERSION_CHECK(7, 4, 0) || LVGL_VERSION_MAJOR >= 8
    .underline_position = -5,
    .underline_thickness = 3,
#endif
    .dsc = &font_dsc, /*The custom font data. Will be accessed by
                         `get_glyph_bitmap/dsc` */
#if LV_VERSION_CHECK(8, 2, 0) || LVGL_VERSION_MAJOR >= 9
    .fallback = NULL,
#endif
    .user_data = NULL,
};

#endif /*#if UI_FONT_DIGITAL48*/
